:020000040030CA
:100000003A7001007400C0043A48019804F8FF9C5B
:100010001EFD3F983A2000003AE02E000620000026
:10002000C4FF7F013AE02E00060B00003A8807303B
:100030003AE02E00060800003A880930260400182D
:1000400026FF7F193AE02E00060D000006F53F005E
:100050003AE83E2006FF3F00040100BA3A880D004E
:100060000401C00123008012440080103AB08C3299
:100070003A160C30C4FFFF391EFA3F383A68004088
:100080000401C0BD3A8807192300401244008010C3
:1000900025004022440000211EFBFF203A6800B8E2
:1000A000040140BB3AE00400040280103A68006892
:1000B000F04705002001000504EDFFDE1500C0DF5C
:1000C000150240D8150380D81504C0D8150500D9ED
:1000D000150640D9150780D91508C0D97A300B000C
:1000E000150900DA150A40DA150B80DA150CC0DAAA
:1000F000150D00DB150E40DB150F80DB1510C0DB86
:10010000151140D904FFFFEB1512C0DB3A3109008D
:100110004C0080282603001026020020C01F00503B
:1001200006070000151240DF17FFBFE804FF3FE994
:10013000002D00501E02001004FFFFEB1512C0DB63
:10014000171140D9171240DF1700C0DF7A7001285D
:10015000170240D8170380D81704C0D8170500D954
:10016000170640D9170780D91708C0D9170900DA30
:10017000170A40DA170B80DA170CC0DA170D00DB0C
:10018000170E40DB170F80DB1710C0DB0413C0DE37
:100190003A0880EF04F9FFDE1506C0DF150500DF21
:1001A000040500DF800214503A31050015FEBFE05F
:1001B00017FEBFE015FBBFE015FD3FE044008000E7
:1001C00015FCBFE017FBFFE017FCBFE03A70841896
:1001D00026140010B4418100042EB41017FDFFE076
:1001E000FA9006183A88C5101700C010B441810073
:1001F000042EB41017FD3FE1FA9008203A8805114B
:1002000004018010170080103A8809103AE83E185F
:100210003A8801003A31050015FFBFE017FFBFE043
:100220000607000017FCBFE03A88851015FCBFE008
:1002300017FDBFE04400801015FDBFE006E13F0060
:1002400015FBBFE017FBBFE01EDB3F10400714505B
:100250003A8801003A8837E01701C0DF170000DF55
:100260000402C0DE3A2800F804FBFFDE1504C0DFFC
:10027000150300DF040300DF15FF3FE1FA3105003D
:1002800015FDBFE017FDBFE00C1F8010BAD00410B1
:1002900015FDBFE03A33050015FEBFE017D6A0D02C
:1002A0002607001017D6A0D017FDFFE017FEBFE10C
:1002B00017FF7FE13A8809183AE83E10060200006D
:1002C0003AA03D003A8805003A8837E01701C0DFC0
:1002D000170000DF0402C0DE3A2800F81400840092
:1002E0003300001004F8BF1016FDBF003480C106B3
:1002F0001400C0DE7441810614EDB1D67441810052
:10030000144492107441C100144CF5182603C01017
:10031000150000100401801036FDFF10402E135010
:1003200006FF3F0004FBFFDE1504C0DF150300DFFE
:10033000040300DF3A88052015FF7FE105FEBFE0DA
:1003400003FEBFE0264A01108400800015FDBFE0D7
:10035000C016145003FEBFE0200AC0101E2600186D
:10036000480AC0101E1200182001C0101E6000189C
:100370004801C0101E070018A000C0101E7A001807
:10038000C800C0101E630018600080101E4D0010D1
:1003900006BC00002005C0101E400018A007C010B9
:1003A0001E960018A00280101E65001006B5000001
:1003B0002010C0101E8800184810C0101E0700181A
:1003C000600FC0101E7A0018A00FC0101E6F00181A
:1003D000A00A80101E11001006AA00002019C010EB
:1003E0001E900018E03FC0101E990018A010801049
:1003F0001E1A001006A300001702A0D017038010D9
:100400003A880F10440C80014400400174410101FE
:1004100004B431218014025006B100001702A0D0AC
:10042000170380103A880F10440C800144004001EB
:100430007441010104C13121801402501702A0D07F
:1004400017038010040580017441410104CE712915
:100450003A8809108005025006A100001702A0D0BA
:10046000170380103A880F10040A800144004001ED
:100470007441010104DB3121801402501702A0D025
:1004800017038010840280017441410104E6712940
:100490003A880910800502500691000015FD3FE0E2
:1004A0001702A0D0170380103A880F10840C800127
:1004B000440040017441010104EF312180140250D5
:1004C000068700004400800015FDBFE01702A0D0A1
:1004D000170380103A880F10441280014400400135
:1004E0007441010104FC312180140250067C00009B
:1004F0001702A0D0170380103A880F10440C800117
:100500004400400174410101040F32218014025063
:10051000067300004400800015FDBFE01702A0D064
:10052000170380103A880F10440A800144004001EC
:1005300074410101041C322180140250066800003D
:1005400015FD3FE01702A0D0170380103A880F1066
:10055000040A800144004001744101010427322152
:1005600080140250065E00001702A0D0170380100E
:100570003A880F10040B80014400400174410101CE
:100580000432322180140250065500001702A0D018
:10059000170380103A880F1084088001440040013E
:1005A00074410101043E322180140250064C0000C7
:1005B00015FD3FE01702A0D0170380103A880F10F6
:1005C000C40B800144004001744101010447322101
:1005D00080140250064200001702A0D017038010BA
:1005E0003A880F10C40980014400400174410101A0
:1005F00004533221801402500639000015FD3FE0FB
:100600001702A0D0170380103A880F10840A8001C7
:100610004400400174410101045D32218014025004
:10062000062F00004400800015FDBFE01702A0D097
:10063000170380103A880F10040C80014400400119
:100640007441010104683221801402500624000024
:100650008400800015FDBFE0744101010475322162
:10066000407002501702A0D01703801017FFBFE19F
:1006700074414101048572293A88091080050250AD
:100680000617000074410101049032218098025045
:100690001702A0D0170380103A880F1004048001BD
:1006A0004400400174410101049E32218014025033
:1006B0001702A0D01703801003FEFFE03A880D1840
:1006C0007441410104A372293A880910800502503F
:1006D0007441010104A83221006C02503A880100E3
:1006E00017FDBFE06000C0101E0400182E3A800005
:1006F000A00080101E1C0010065100007441010172
:1007000004B63221407002501702A0D017038010A7
:100710003A880F100409800144004001744101012E
:1007200004C33221801402501702A0D01703801096
:100730003A880F10040A800144004001744101010D
:1007400004CD322180140250801F1450C43F000198
:1007500000B5195003FEBFE03A880B003A88091033
:10076000C0380050064100007441010104D8322114
:10077000407002501702A0D0170380103A880F1063
:1007800084098001440040017441010104E63221E2
:10079000801402501702A0D0170380103A880F105F
:1007A000C40B8001440040017441010104F0322176
:1007B000801402501702A0D0170380103A880F103F
:1007C000C40C8001440040017441010104FC322149
:1007D0008014025006FF3F001702A0D017038010BC
:1007E0003A880F100409800144004001744101015E
:1007F00004093321801402501702A0D0170380107F
:100800003A880F10840C80014400400174410101BA
:1008100004133321801402501702A0D01703801054
:100820003A880F10840F8001440040017441010197
:100830000420332180140250801F1450060D000044
:100840007441010104303321809802501702A0D076
:10085000170380103A880F10C40A80014400400139
:1008600074410101043E33218014025006FF3F0011
:100870003A8801003A8837E01701C0DF170000DF2F
:100880000402C0DE3A2800F804FBFFDE1504C0DFD6
:10089000150300DF040300DF3A88052015FF7FE120
:1008A00005FEBFE003FEBFE0268A00108400800042
:1008B00015FDBFE0C016145003FEBFE0D83F801006
:1008C0001E1000108400800015FDBFE0744101017E
:1008D00004493321407002501702A0D01703801042
:1008E00017FFBFE174414101045873293A88091088
:1008F0008005025074410101045C3321006C0250F8
:10090000061000004400800015FDBFE074410101A5
:1009100004623321809802501702A0D01703801080
:1009200003FEFFE03A880D18744141010468732901
:100930003A8809108005025074410101045C33219A
:10094000006C025017FDBFE06000C0101E040018CC
:100950002E3A8000A00080101E1C001006510000DE
:1009600074410101046F3321407002501702A0D07E
:10097000170380103A880F10C4078001440040011B
:1009800074410101047B3321801402501702A0D06E
:10099000170380103A880F10C408800144004001FA
:1009A000744101010483332180140250801F1450CC
:1009B000C43F000100B5195003FEBFE03A880B00A8
:1009C0003A880910C0380050064100007441010106
:1009D000048C3321407002501702A0D017038010FE
:1009E0003A880F10840880014400400174410101DD
:1009F00004983321801402501702A0D017038010EE
:100A00003A880F10840A80014400400174410101BA
:100A100004A13321801402501702A0D017038010C4
:100A20003A880F10840B8001440040017441010199
:100A300004AC33218014025006FF3F001702A0D0FF
:100A4000170380103A880F10040880014400400109
:100A50007441010104B83321801402501702A0D060
:100A6000170380103A880F10840D80014400400164
:100A70007441010104C13321801402501702A0D037
:100A8000170380103A880F10440E80014400400183
:100A90007441010104CF332180140250801F14508F
:100AA000060D00007441010104DE332180980250DC
:100AB0001702A0D0170380103A880F108409800114
:100AC000440040017441010104EB332180140250C1
:100AD00006FF3F003A8801003A8837E01701C0DF7F
:100AE000170000DF0402C0DE3A2800F804FBFFDE36
:100AF0001504C0DF150300DF040300DF3A8805207A
:100B000015FF7FE105FEBFE003FEBFE02697001062
:100B100003FEBFE01E0200103A8805000601000037
:100B20008400800015FDBFE0C016145003FEBFE036
:100B3000A007C0101E0F0018E03F801026170010FD
:100B40008400800015FDBFE07441010104F53321EC
:100B5000407002501702A0D01703801017FFBFE1AA
:100B600074414101040374293A8809108005025038
:100B7000061A000015FD3FE01702A0D017038010F1
:100B80003A880F10840C8001440040017441010137
:100B900004063421801402500610000084008000F6
:100BA00015FDBFE074410101041334218098025007
:100BB0001702A0D01703801003FEFFE03A880D183B
:100BC00074414101041874293A88091080050250C3
:100BD00074410101041E3421006C025017FDBFE076
:100BE0006000C0101E0400182E3A8000A000801083
:100BF0001E1C001006510000744101010423342121
:100C0000407002501702A0D0170380103A880F10CE
:100C1000C40680014400400174410101042E3421C6
:100C2000801402501702A0D0170380103A880F10CA
:100C3000C40780014400400174410101043534219E
:100C400080140250801F1450C43F000100B5195099
:100C500003FEBFE03A880B003A880910C038005004
:100C60000641000074410101043D342140700250EE
:100C70001702A0D0170380103A880F108407800154
:100C800044004001744101010448342180140250A1
:100C90001702A0D0170380103A880F108409800132
:100CA0004400400174410101045034218014025079
:100CB0001702A0D0170380103A880F10840A800111
:100CC0004400400174410101045A3421801402504F
:100CD00006FF3F001702A0D0170380103A880F10BC
:100CE000C4068001440040017441010104653421BF
:100CF000801402501702A0D0170380103A880F10FA
:100D0000440F80014400400174410101046C34210E
:100D1000801402501702A0D0170380103A880F10D9
:100D2000840B80014400400174410101047C3421A2
:100D300080140250801F1450060D00007441010100
:100D400004883421809802501702A0D01703801025
:100D50003A880F10440880014400400174410101A9
:100D6000049434218014025006FF3F003A880100A9
:100D70003A8837E01701C0DF170000DF0402C0DE49
:100D80003A2800F804FEFFDE150100DF040100DF51
:100D90004400800015FFBFE0344080000401801053
:100DA00017FFFFE03500C0108400C0003440800011
:100DB0003500C0103A8807003440800004028010DB
:100DC0003500C010849C800015FFBFE034408000D7
:100DD0000401801017FFFFE03500C0108400C00040
:100DE000344080003500C0103A880700344080004D
:100DF000040280103500C0100401C000344080009F
:100E00003500C01006FF3F0004FCFFDE1503C0DF05
:100E1000150200DF040200DF3A8805200DFFBFE065
:100E2000175CA0D084FEFFE03A880B183A880910BE
:100E3000C0B716500DFEBFE083FEBFE0CC3F801070
:100E40003A880B003A880910C03800500BFFFFE0C9
:100E50000BFEBFE03A708418CCFFBF10260F0010C5
:100E6000175CA0D00BFFFFE084FE3FE13A880F2023
:100E70003A880D003A880B183A880910807E16507F
:100E80000DFEBFE083FEBFE0CC3F80103A880B0030
:100E90003A880910C0380050060E0000175CA0D038
:100EA0000BFFFFE084FE3FE13A880F204400800101
:100EB0003A880B183A880910807E16500DFEBFE064
:100EC00083FEBFE0CC3F80103A880B003A880910BF
:100ED000C03800500BFEFFE0344080000428891029
:100EE0003500C0100BFEBFE0CC3F80103A880B10DD
:100EF00074410101049D3421407002503A88010080
:100F00003A8837E01701C0DF170000DF0402C0DEB7
:100F10003A2800F804FDFFDE1502C0DF150100DFEE
:100F2000040100DF840CC0013A880D003A880B00F0
:100F30003A88090000B41A50175BA0D004FFBFE143
:100F40003A880B003A88091080C3185003FFBFE0AD
:100F5000CC3F80103A880B003A880910C038005006
:100F6000175BA0D03A88091000FB185005FFBFE0BE
:100F700003FFBFE0CC3F80103A880B003A8809108D
:100F8000C038005006E73F0004FBFFDE1504C0DF59
:100F9000150300DF040300DF4400800005FDBFE00F
:100FA000175AA0D004FFFFE03A880D183A880B00CA
:100FB0003A88091000D9175015FEBFE003FFBFE0C3
:100FC000CC3F80103A880B003A880910C038005096
:100FD00017FEBFE004F4BF102809C0101E5D001802
:100FE000BA90061034408100041884103A8885189D
:100FF000170080103A680010F0100005FC10000582
:101000000811000514110005201100052C11000520
:101010003811000544110005BC110005BC11000584
:10102000BC110005BC110005BC110005BC11000578
:10103000BC110005BC110005BC110005BC11000568
:10104000BC110005BC110005BC110005BC11000558
:10105000BC110005BC110005BC110005BC11000548
:10106000BC110005BC110005BC110005BC11000538
:10107000BC110005BC110005BC110005BC11000528
:10108000BC110005501100054400000100E70050AC
:10109000063100008400000100E70050062E000029
:1010A0000401000100E70050062B000004020001CB
:1010B00000E70050062800000404000100E700508B
:1010C000062500000408000100E700500622000089
:1010D0000410000100E70050061F0000042000017A
:1010E00000E70050061C000003FDBFE01E0C0010CE
:1010F000175BA0D03A88091000FB185005FFBFE02D
:1011000003FFBFE0CC3F80103A880B003A880910FB
:10111000C03800504400800005FDBFE0060E00000E
:10112000175BA0D004FFFFE03A880D183A880B0047
:101130003A88091080C3185003FFBFE0CC3F8010ED
:101140003A880B003A880910C038005005FD3FE08E
:10115000060100003A88010006913F0004FBFFDE13
:101160001504C0DF150300DF040300DF15FE3FE1B7
:1011700015FF7FE115FD3FE017FF3FE1C05B015028
:1011800015FDBFE017FDBFE02603001017FF3FE18C
:101190004048015015FDBFE017FDBFE03A8837E039
:1011A0001701C0DF170000DF0402C0DE3A2800F894
:1011B00004FBFFDE150400DF040400DF15FC3FE143
:1011C00015FD7FE115FEBFE115FFFFE117FDBFE053
:1011D0001500001017FFBFE01500001017FEFFE01C
:1011E00034408000C4FFBF1015008018170180E054
:1011F0004400C0001500C010440080003A8837E069
:10120000170000DF0401C0DE3A2800F804F9FFDE11
:101210001506C0DF150500DF040500DF15FB3FE004
:1012200015FC3FE0066000007441010104A6342172
:10123000809802507441010104B634218098025014
:101240007441010104C634214070025015FC3FE096
:10125000062600001702A0D0170180103A88091056
:10126000C01E02503A88091004FDFFE017FCBFE0E1
:101270003A8885180500001104FDFFE017FCBFE067
:101280003A88851803008010CC3FC0101C20C0187D
:1012900004E0FF181702A0D0170280103A880B1044
:1012A0003A880918007E025004FDFFE017FCBFE0F9
:1012B0003A88851803008010CC3F80101C208010D5
:1012C00004E0BF10180280101E05001017FCBFE0DC
:1012D0001603001017FCBFE0C4FFBF1015FCBFE0F1
:1012E00017FCBFE04400801015FCBFE017FCBFE016
:1012F000500280101ED73F1084020001008B025064
:1013000015FC3FE0062500001700E0D004FD3FE19A
:1013100017FCBFE03A88852003008010CC3F801086
:101320001C20801004E0BF10440080103A8885180B
:1013300003008010CC3F80100C018010260F00109D
:1013400017FBBFE0A402801015FBBFE004FDFFE027
:1013500017FCBFE03A88851803008010CC3FC0100E
:101360001C20C01804E0FF1817FBBFE03A8885185E
:1013700004F4BF1015FBBFE00605000015FB3FE0BD
:101380007441010104D43421809802500606000003
:1013900017FCBFE04400801015FCBFE017FCBFE065
:1013A000500280101ED83F1017FBBFE0269E3F1052
:1013B00017FBBFE03A8837E01701C0DF170000DFF6
:1013C0000402C0DE3A2800F804FCFFDE1503C0DF8B
:1013D000150200DF040200DFC4FFBF0015FEBFE0FE
:1013E00015FF3FE07441010104E33421809802506D
:1013F0007441010104EE34218098025040270150CD
:1014000015FFBFE017FEBFE03A8837E01701C0DFE5
:10141000170000DF0402C0DE3A2800F804F8FFDEFF
:101420001507C0DF150600DF040600DF15FF3FE1EA
:10143000C4FFBF0015FDBFE015FE3FE07441010190
:1014400004FD34218098025074410101040D3521BE
:10145000809802504027015015FEBFE017FEBFE004
:101460002636001017FFBFE00500001017FFBFE091
:1014700044008010C401C0000500C01017FFBFE089
:101480008400801044FBFF000500C01017FFBFE080
:10149000C4008010C4FFFF000500C01017FFBFE0AC
:1014A0000401801017FEFFE00CC0FF183AD20618A6
:1014B0000500C01017FFBFE04401801017FEFFE0D9
:1014C0000500C01017FFBFE003008010CC3F4011A3
:1014D00017FFBFE04400801003008010CC3F801154
:1014E00017FFBFE08400801003008010CC3FC011C4
:1014F00017FFBFE0C400801003008010CC3F8010B5
:1015000017FFFFE00401C0180300C018CC3FC0184B
:1015100017FF3FE14401002103000021CC3F0021DF
:10152000150200D91501C0D8150080D874410101F9
:10153000041135214070025015FD3FE017FDBFE05A
:101540003A8837E01701C0DF170000DF0402C0DE71
:101550003A2800F804FDFFDE150200DF040200DF78
:1015600015FF3FE1C4FFBF0015FEBFE017FEBFE05F
:101570003A8837E0170000DF0401C0DE3A2800F89F
:1015800004FDFFDE150200DF040200DF15FF3FE16E
:10159000C4FFBF0015FEBFE017FEBFE03A8837E08A
:1015A000170000DF0401C0DE3A2800F804FDFFDE6A
:1015B0001502C0DF150100DF040100DF84074001D0
:1015C00074410101046E1C21C08A1750155AA0D025
:1015D000175AA0D01E04001074414101042075293F
:1015E000C43F0001C0380050440000010092185070
:1015F000155BA0D0175BA0D01E0400107441410100
:1016000004297529C43F0001C038005004FF7FE160
:101610003A880900C0C01550155CA0D0175CA0D056
:101620001E05001003FFBFE0CC3F80103A880B007E
:101630003A880910C03800503A8801003A8837E0EB
:101640001701C0DF170000DF0402C0DE3A2800F8EF
:1016500004F8FFDE1507C0DF150600DF040600DF13
:10166000150400D8150300D804008200150280D8A4
:1016700074418100046E9410150180D884048000A8
:10168000150080D88404C00174418101046D9C312F
:101690003A880B003440010104DF0321C096195041
:1016A00005FFBFE003FFBFE03A880B003A8809104E
:1016B000C0380050150400D8150300D8040082007B
:1016C000150280D874418100048C9C10150180D8CB
:1016D000C4018000150080D8C401C001B44181015B
:1016E000048BA4313A880B003440010104FC03212F
:1016F000C096195005FFBFE003FFBFE03A880B001A
:101700003A880910C03800503A8801003A8837E01A
:101710001701C0DF170000DF0402C0DE3A2800F81E
:1017200004FDFFDE1502C0DF150100DF040100DF4C
:1017300015FF3FE1047C81013A880B0017FF3FE170
:101740008051025017FFBFE0C4FFFF001501C01019
:1017500017FFBFE01500001017FFBFE00403C01023
:1017600017FFBFE0157BC11017FFBFE00403C010D7
:1017700017FFBFE0157AC1103A8801003A8837E0B8
:101780001701C0DF170000DF0402C0DE3A2800F8AE
:101790000485FEDE157AC1DF157901DF047901DFEA
:1017A00015FF3FE10488BEE01587BEE01787FEE025
:1017B000744181000433B5103A880910040980008F
:1017C0003A880D103A880B203A88091840270250B1
:1017D000C40880003A8807101787BEE03A88C51011
:1017E0001587BEE01787FEE074418100043CB51008
:1017F0003A880910040980003A880D103A880B20B5
:101800003A88091840270250C40880003A88071017
:101810001787BEE03A88C5101587BEE01787FEE03F
:10182000744181000433B5103A880910040980001E
:101830003A880D103A880B203A8809184027025040
:10184000C40880003A8807101787BEE03A88C510A0
:101850001587BEE01787FEE0744181000445B5108E
:101860003A880910440880003A880D103A880B2005
:101870003A88091840270250040880003A88071067
:101880001787BEE03A88C5101587BEE01787FEE0CF
:1018900074418100044EB5103A8809108407800015
:1018A0003A880D103A880B203A88091840270250D0
:1018B000440780003A8807101787BEE03A88C510B1
:1018C0001587BEE01787FEE0744181000456B5100D
:1018D0003A880910C40580003A880D103A880B2018
:1018E0003A88091840270250840580003A8807107A
:1018F0001787BEE03A88C5101587BEE01787FEE05F
:10190000744181000433B5103A880910040980003D
:101910003A880D103A880B203A880918402702505F
:10192000C40880003A8807101787BEE03A88C510BF
:101930001587BEE01787FEE074418100045CB51096
:101940003A880910040980003A880D103A880B2063
:101950003A88091840270250C40880003A880710C6
:101960001787BEE03A88C5101587BEE017FFBFE0B5
:10197000170100111787FEE00488BEE03AC88718F7
:101980000488BEE03A880F003A880D183A880B1098
:10199000C05029503A8801003A8837E01701C0DF6B
:1019A000170000DF0402C0DE3A2800F804F6FFDE6C
:1019B0001509C0DF150800DF040800DF15FE3FE150
:1019C00015FF7FE10404800015F9BFE017FFBFE0B9
:1019D00017018010D8FFBF101E1A001004F9FFE095
:1019E00004FABFE03A880D183A880B1017FE3FE161
:1019F000C0E3225015F8BFE017F8BFE00E05001055
:101A00007441410104657529C43F0001008F0050F5
:101A10000613000017FFBFE017F8FFE01501C01024
:101A200017FF3FE1807F015017FB3FE1404E2350FD
:101A30003A880B1074410101046E35214070025048
:101A40000607000017FB3FE1404E23503A880B1079
:101A500074410101047D3521407002503A88010033
:101A60003A8837E01701C0DF170000DF0402C0DE4C
:101A70003A2800F80483FEDE157CC1DF157B01DF08
:101A8000047B01DF15FF3FE117FFBFE0177B8110EB
:101A90003A88071017FFBFE0177A81103AC88518F7
:101AA0001585BEE08487BEE01586BEE0040C80008C
:101AB0001559A0D00647000017FFBFE0177A811024
:101AC0004400001117FFFFE0157A01190300801090
:101AD0000587BEE01700E0D00387BEE04400801019
:101AE0003A88851803008010CC3F8010CC0080100D
:101AF000980080101E0300100387BEE004F8BF109A
:101B0000060100000387BEE01559A0D01759A0D0E8
:101B1000300880101E2F00101759A0D0E81F801029
:101B20001E2C00101759A0D0CC3F80101C20801014
:101B300004E0BF103A880D1074414101048C7529EE
:101B400017863EE1C0A702503A8807101786BEE00C
:101B50003A88C5101586BEE01759A0D058148010D9
:101B60001E1200101786FEE0744181000496B51025
:101B70003A880910C40680003A880D103A880B2074
:101B80003A88091840270250840680003A880710D6
:101B90001786BEE03A88C5101586BEE017FFBFE085
:101BA0004400C0001502C010060A0000175AA0D059
:101BB0001759E0D03A880B183A8809108018185045
:101BC0004587BEE04387BEE03A880B003A8809109B
:101BD00040B500501785BEE0C4FFFF101585FEE03C
:101BE0001EB53F1017FFBFE0170100111786FEE07A
:101BF0008487BEE03AC887188487BEE03A880F0021
:101C00003A880D183A880B10C05029503A880100C4
:101C10003A8837E01701C0DF170000DF0402C0DE9A
:101C20003A2800F804FAFFDE1505C0DF150400DFCE
:101C3000040400DF15FF3FE115FC3FE015FD3FE028
:101C400017FFBFE00403C01017FFBFE0157AC110F3
:101C500017FFBFE00403C01017FFBFE0157BC110E2
:101C600074410101049D3521809802500656000000
:101C700017FFBFE004038010840240013A88091076
:101C800080AE025015FEBFE017FEBFE02603001035
:101C900017FF3FE1C0AD0150061C000017FFBFE079
:101CA0001701001117FFBFE0177B411117FFBFE0BD
:101CB000177B81103A88071017FFBFE004038010DC
:101CC0003AC88518C476C1003AC885183A880F000A
:101CD0003A880D10800F295015FDBFE017FDBFE0B9
:101CE0000E0A800017FFBFE0177BC11017FDBFE091
:101CF0003A88871817FFBFE0157BC11017FFBFE0B8
:101D0000177B8110440080100500001017FFBFE012
:101D100017028010260200108400800006010000D7
:101D20003A88050017FFFFE01500801817FFBFE095
:101D3000177A81103A88071017FFBFE0040380105C
:101D40003AC8851815FCBFE017FFBFE00403C010B8
:101D500017FFBFE0177A011117FFBFE0177B811053
:101D60003A880B1017FFBFE0177A81103AC8852810
:101D70003A880D103A880B203A880918C03B025067
:101D800017FFBFE00403C01017FFBFE0157AC110B2
:101D900017FFBFE0177BC11017FCBFE03AC88500F2
:101DA0003A88871817FFBFE0157BC11017FFBFE007
:101DB000177B811017FCFFE03A880D183A880B005A
:101DC0003A8809108051025017FFBFE017008010B9
:101DD000980080101EA63F107441010104A7352110
:101DE0008098025017FFBFE0170180103A88091051
:101DF000C09E205017FF3FE1807801503A880100D3
:101E00003A8837E01701C0DF170000DF0402C0DEA8
:101E10003A2800F804B6FFDE1549C0DF154800DF98
:101E2000044800DF3A880D004400400184000001AE
:101E3000C03C285015BABFE017BABFE00E0400102E
:101E40007441410104B17529C43F0001008F005065
:101E5000840080000DBBBFE0048087008DBBBFE025
:101E600015BC3FE004BBBFE0040480013A880B10BE
:101E700017BA3FE1C04428500E04001074414101DC
:101E800004BA7529C43F0001008F0050440040018E
:101E900017BA3FE1005B28500E0400107441410165
:101EA00004C07529C43F0001008F00507441010136
:101EB00004CB122180780150840740017441010154
:101EC00004C735214070025015BF3FE004BFBFE09A
:101ED0003A880B1017BA3FE1803B2D5017BABFE08C
:101EE0004400801015B9BFE07441810004CB92100A
:101EF00017018010E0FFBF101E1100107441810017
:101F000004CB92101701801004BFFFE03A880B1831
:101F10003A880910803B2D507441810004CB921007
:101F20001701C01017B9BFE0160580187441810071
:101F300004CB9210170180104400801015B9BFE047
:101F400004BFBFE0150000D83A880F003A880D00A2
:101F50003A880B1017B93FE10066235004BFBFE079
:101F60003A880B1017BA3FE100432D5026050010A8
:101F70007441410104CB522917BA3FE140A10150FD
:101F800006D13F007441810004CB921017018010EC
:101F9000E0FFBF101ECC3F107441810004CB9210B3
:101FA0001701801004BFFFE03A880B183A88091027
:101FB00000432D5026C43F107441010104CB12216F
:101FC000C0C8015006C03F0004FEFFDE3A88092861
:101FD0003A880B301500C0DF1501C0D9040180D943
:101FE000407307501700C0DF0402C0DE3A2800F833
:101FF00004FDFFDE1500C0DF150180D91502C0D930
:10200000040180D9407307501700C0DF0403C0DE0D
:102010003A2800F804F5FFDE150880DC3A38A539C7
:10202000040380D8150080D8440080001509C0DC66
:10203000150740DC150600DC150340D9150AC0DF82
:10204000150480DC150280DC150180D83A88273021
:102050003A8821383A882320170B40D926020020DD
:10206000170E8020261A00100B0380280C00C810C1
:102070001E06001817190029C4FFF7001400881065
:102080003A70C6200D0380281519C0283A880DD84B
:102090003A88098800F10950260B0010170200D970
:1020A0003A880B983AC80991408E1050170AC0DF41
:1020B0001709C0DC170880DC170740DC170600DCB6
:1020C000040BC0DE3A2800F83A88058006F73F0086
:1020D000150540D980930950170540D906E23F0005
:1020E00004FEFFDE744181001500C0D904EF911099
:1020F0003A880F303A880D283A880B2017000011D3
:102100001501C0DFC00702501701C0DF0402C0DEA6
:102110003A2800F804FDFFDE150100DC1502C0DFDF
:102120003A88212026020020170E8020260C00105D
:1021300017018028C4FFBF1015018028160C00105D
:10214000170080284400C0101500C028030080102C
:102150001702C0DF170100DC0403C0DE3A2800F8D4
:10216000150040D980930950170040D906F03F0070
:102170003A8809801702C0DF170100DC0403C0DEC3
:10218000C19902507441810004FDFFDE04EF9110FB
:10219000150140DC17004014150000DC1502C0DFFB
:1021A0003A88212026020088170E8088260D00100C
:1021B00017018080C4FFBF1015018080160C00102D
:1021C000170080804400C0101500C08003008010FC
:1021D0001702C0DF170140DC170000DC0403C0DE7B
:1021E0003A2800F83A8809888093095006F03F00A1
:1021F0003A880B803A8809881702C0DF170140DC53
:10220000170000DC0403C0DEC199025004FDFFDEAC
:102210001502C0DF150140DC150000DCC403C0005E
:102220003A8805202E4580193AB00629CC00C018FE
:102230001E44001804FC7F343AD122880401C028CF
:10224000040140233A9120880402002B0402C0229A
:10225000040500840403802A040340223A88212CC8
:102260003A8811283A880F20170000411700C01F34
:102270001700C06315000039170080531500C06FA8
:102280001500C05B1500804B0404C0180404C0395D
:10229000040400420404406B040400630404C05AB4
:1022A000040480520404404A1EEF3F1C4400C089CD
:1022B0003A910E38CC030031C400C0023A88C711ED
:1022C0003A88CB292E2100593A8813183A881128C8
:1022D0003A880F20170080420401404A04FFFF396A
:1022E00015FFBF4A0401004236FAFF5904FF3F219F
:1022F000BAD00820CC008031440000213A8809215E
:102300003A8809213A8807193A880B2926060030AD
:102310003A888D190300C0294400C01844004029A0
:10232000C5FFFF191EFBBF191702C0DF170140DCF4
:10233000170000DC0403C0DE3A2800F83A880720C2
:1023400006F23F003A88072006F13F003A880D2048
:1023500006EE3F003A8805202E0B00293A888F2987
:102360002E09C0213A8887213AC88B1926480030A7
:10237000C4FFFF3903000039C4FFFF18050000192E
:102380001EFBFF283A2800F8C403C0002E41801924
:102390003AB08628CC00C0181E40001804FCFF3359
:1023A0003AD11E780401C028040140133A911C78E8
:1023B0000402002B0402C012040580730403802A67
:1023C000040340123A889D2B3A8811283A880F104E
:1023D000170000410404C0390404C01815FC3F393B
:1023E00017FC3F190404406B0404C05A15FC3F69F4
:1023F000170000610404404A0404004215FC3F59E0
:1024000017000051040400630404805215FC3F4986
:102410001EEFBF1B440000793A910820CC038032A4
:10242000C400C0023A8807113A880B292E1E805A30
:102430003A8813183A8811283A880F50170000413B
:102440000401404A04FFFF3915FF3F4904010042DF
:1024500036FAFF5904FF3F51BAD00820CC00803132
:10246000440000213A8809213A8809213A8807194D
:102470003A880B29260B00303A888D190300C029B1
:102480004400C01844004029C5FFFF191EFBBF19B6
:102490003A2800F83A88071006F63F003A880710F5
:1024A00006F53F003A2800F83A880D5006F13F0043
:1024B000CC00C0203A88052026440018C4FFFF3114
:1024C000264000303A8813283A880D203A880720A1
:1024D00006040000C4FF3F3A44008031263900382A
:1024E0003A880F404400C01805004032CC00001A62
:1024F0001EF83F40C40000012E2DC021CC3F002912
:102500003A920C203AB008313A940C203AB08C211F
:10251000C40300012E18C02104FC3F3B3AD11860CF
:102520000401001A0402C01A3A9108600403801AD8
:102530003A881318040500213A88091915008049C2
:102540001500804115008059150080510404004297
:102550000404404A0404C05A040480521EF73F4158
:10256000440000633A911860CC03C039C4000001F4
:102570003A88071B2E0EC0213A8813183A88113862
:10258000C40000011500804904FF3F420401404A95
:1025900036FC3F2204FF3F39BAD00820CC00C039B6
:1025A000440000213A8809213A8809213A8807190C
:1025B000260500383A88CF19050040194400C01894
:1025C0001EFDFF383A2800F83A2800F83A8807201C
:1025D0003A880F3006C73F0004FDFFDE150100DC1E
:1025E0001502C0DF3A882120260300280700C028F2
:1025F0003A8805281E100018170040813A880FD825
:10260000440080013A880980C0C4025026030010AB
:10261000170340813A88091040AC095017034081E4
:1026200084020001C09C09501702C0DF170100DCC2
:102630000403C0DE3A2800F8170340213A88091045
:1026400040AC0950170340817441010104803621D8
:1026500040AC095006E83F007441810004EF91103E
:102660003A880B20170000110164025004FDFFDEC0
:102670003A8805281500C0DF150180D91502C0D998
:10268000170240210401C0D93A880D10C0530550EB
:102690001700C0DF0403C0DE3A2800F804FCFFDEA8
:1026A0001500C0DF150140D9150280D91503C0D926
:1026B0007441810004EF9110170080103A880B20BC
:1026C000040180D917020011407307501700C0DFC2
:1026D0000404C0DE3A2800F804FCFFDE150200DC2A
:1026E0001503C0DF3A88212026020020170E802023
:1026F000261B001017028030C4FFBF101502803067
:10270000160A0010170080300500401117008030B5
:102710004400C0101500C030030080101703C0DF54
:10272000170200DC0404C0DE3A2800F81706C030A7
:102730001606C010170080308402C000050040114A
:1027400017008030030040111EF1FF283A880980ED
:102750001703C0DF170200DC0404C0DEC18007508D
:10276000150040D9150180D980930950170180D9EF
:10277000170040D906DF3F007441810004FCFFDEF2
:1027800004EF9110150100DC17000014150240DC65
:102790001503C0DF3A88232026020080170E8080B0
:1027A000261A001017028028C4FFBF1015028028C7
:1027B000160B001017008028050040141700802811
:1027C0004400C0101500C028030080101703C0DFAC
:1027D000170240DC170100DC0404C0DE3A2800F8D0
:1027E0001706C028160EC0101700802884020001AA
:1027F00005004014170080280300C0101EF03F1988
:102800003A880D283A880B18060700003A88098094
:10281000150040D980930950170040D906E13F00C8
:102820003A880D283A880B883A8809801703C0DF58
:10283000170240DC170100DC0404C0DEC180075031
:1028400017028021017402507441810004EF91103D
:102850003A880B20170000111702802101740250E2
:1028600004F6FFDE150700DC3A8821203A880928A3
:10287000150840DC1509C0DF3A882328402C035096
:102880004400C010150180D8744181000481B61045
:10289000150280D844008000150380D88400800091
:1028A000150040DC1506C0D81504C0DE150580D81B
:1028B00026020080170E8080261400101702408127
:1028C0000B0380280C00C8101E06001817190029D9
:1028D000C4FFF700140088103A70C6200D0380284A
:1028E0001519C028040480D93A88098000F10950DC
:1028F0001E090010840280001709C0DF170840DCA1
:10290000170700DC040AC0DE3A2800F83A8809807C
:102910008093095006E93F00C4FFBF0006F63F0060
:102920007441810004EF91103A880B2017000011C8
:10293000818C025004FDFFDE150140DC150000DC37
:102940001502C0DF3A8823203A8821282602002079
:10295000170E8020261000103A880B803A880988CC
:1029600080650C501E0E00101700C080170180807B
:1029700044000019C4FFBF101501808015000081BC
:10298000030080181702C0DF170140DC170000DCCD
:102990000403C0DE3A2800F88093095006EE3F0099
:1029A000C4FFBF0006F73F007441810004EF91109F
:1029B0003A880B2017000011C199025004E4FFDE91
:1029C0003A880728151AC0DF151BC0D93400A000AB
:1029D000C4FFBF1004820002150280D8150580D8FC
:1029E000041BC0D93A880BD8C4FFBF001500C0D85B
:1029F0001504C0D80D0300DA8D0380D8C03503500C
:102A00001700C0D805000018171AC0DF041CC0DE6C
:102A10003A2800F804E3FFDE3A880720151AC0DFE1
:102A2000151B80D9151CC0D97441010104EF112177
:102A3000170000213400A000C4FFBF103A880D2801
:102A400004820002150280D8150580D8041BC0D965
:102A50003A880BD8C4FFBF001500C0D81504C0D8F1
:102A60000D0300DA8D0380D8C03503501700C0D89D
:102A700005000018171AC0DF041DC0DE3A2800F850
:102A8000CC3FC02A3A881328CC0080202637005833
:102A9000260B00100300802026320010CC3FC028F7
:102AA0001E048058064D000003008020262D0010D3
:102AB000264A801844000021CC0080201EFA3F10D6
:102AC000CC3F40293A92142817008020F4BFBF0160
:102AD0003AB08A2A3A941428C4BFBF313A889B116D
:102AE0003AB054513A308E003AF084503A889111FD
:102AF0003A308600742020033A70CA693A70C440A4
:102B0000042020633AB084283A7004131E0C00108D
:102B1000040100211700C0203AF0C4503A889119EE
:102B20003A30CA003A888F113A3086003A704A41EA
:102B30003A70C4383AB084283A70041326F43F102F
:102B4000030080202607001026248058CC3FC04870
:102B50000601000026218018440000210300802087
:102B60001EFC3F103A8805003A2800F826050010A0
:102B7000030080202619001044000021CC00802092
:102B80001EFB3F1017008020F4BFBF01C4BFBF3140
:102B90003A308600742060013A888511042060294B
:102BA0003A70C4103A7044111E070010040100214D
:102BB000170080203A8887113A3084003A708418D0
:102BC0003A70441126F93F100300802026030010BC
:102BD00044000021030080201EFD3F103A8805209C
:102BE0003A2800F804FFFFDE3A8807281500C0DF06
:102BF000842380003A880B303687C110BA901018B1
:102C000034408100041F8B103A88854017008010E3
:102C10003A680010B82E00057432000568320005CD
:102C20005C320005503200054432000538320005A0
:102C30002C32000520320005143200050832000550
:102C4000FC310005F0310005E4310005D831000504
:102C500080320005CC310005C0310005B4310005DB
:102C6000A83100059C310005903100058431000534
:102C7000783100056C3100056031000554310005E4
:102C8000483100053C310005303100052431000594
:102C9000183100050C31000500310005F430000545
:102CA000E8300005DC300005803200058032000588
:102CB0008032000580320005803200058032000538
:102CC0008032000580320005D0300005C430000598
:102CD0008032000580320005803200058032000518
:102CE0008032000580320005803200058032000508
:102CF00080320005803200058032000580320005F8
:102D000080320005B8300005AC300005A030000569
:102D100094300005803200058032000580320005C5
:102D200088300005803200058032000580320005C1
:102D30007C300005803200058032000570300005CF
:102D400080320005803200056430000580320005C5
:102D50008032000580320005803200058032000597
:102D60008032000580320005803200058032000587
:102D70008032000558300005803200054C300005D7
:102D800040300005343000058032000580320005F7
:102D900028300005803200058032000580320005B1
:102DA0008032000580320005803200058032000547
:102DB000803200051C30000510300005043000058D
:102DC000F82F0005EC2F0005E02F000580320005EC
:102DD000D42F0005C82F0005BC2F0005B02F00051B
:102DE000A42F0005982F00058C2F0005802F0005CB
:102DF000742F0005682F00055C2F0005502F00057B
:102E0000442F000580320005382F00052C2F0005C7
:102E1000202F0005142F00058032000580320005A8
:102E2000803200058032000580320005082F000541
:102E3000803200058032000580320005FC2E00053E
:102E4000F02E0005E42E0005D82E0005CC2E00053E
:102E5000744181000482B6101700C0DF0401C0DE97
:102E60003A2800F874418100041FB81006FA3F00A8
:102E7000744181000419B81006F73F0074418100C5
:102E80000414B81006F43F0074418100042DB810FA
:102E900006F13F0074418100046BB71006EE3F005D
:102EA000744181000439B71006EB3F007441810082
:102EB0000407B81006E83F0074418100040DB81003
:102EC00006E53F00744181000408B71006E23F00A8
:102ED0007441810004F8B71006DF3F00744181009F
:102EE0000495B71006DC3F00744181000437B81028
:102EF00006D93F007441810004BAB61006D63F00DF
:102F00007441810004ACB61006D33F0074418100C7
:102F100004EEB61006D03F0074418100042EB710B5
:102F200006CD3F007441810004EAB61006CA3F0096
:102F300074418100043CB81006C73F007441810011
:102F400004FFB61006C43F00744181000474B7103A
:102F500006C13F007441810004FEB71006BE3F0069
:102F60007441810004F2B71006BB3F007441810038
:102F700004E6B71006B83F007441810004E0B710C2
:102F800006B53F007441810004D8B71006B23F0077
:102F90007441810004D0B71006AF3F007441810036
:102FA00004C4B71006AC3F007441810004BBB710E5
:102FB00006A93F007441810004EBB71006A63F004C
:102FC000744181000424B81006A33F0074418100BD
:102FD00004B5B71006A03F007441810004AEB710DD
:102FE000069D3F007441810004A9B710069A3F0076
:102FF0007441810004A2B71006973F00744181001C
:10300000049FB71006943F0074418100049AB710E2
:1030100006913F00744181000491B710068E3F0075
:1030200074418100048BB710068B3F00744181000E
:103030000486B71006883F00744181000480B710F1
:1030400006853F007441810004C2B71006823F002C
:1030500074418100047CB710067F3F0074418100F9
:10306000047AB710067C3F00744181000471B710E8
:1030700006793F00744181000466B71006763F0070
:1030800074418100045FB71006733F0074418100F2
:10309000045AB71006703F0074418100044EB71007
:1030A000066D3F0074418100044BB710066A3F0073
:1030B000744181000447B71006673F0074418100E6
:1030C0000441B71006643F0074418100043DB7100D
:1030D00006613F00744181000433B710065E3F0073
:1030E00074418100042AB710065B3F0074418100DF
:1030F0000426B71006583F00744181000420B71021
:1031000006553F00744181000418B71006523F0075
:10311000744181000410B710064F3F0074418100D4
:1031200004FAB610064C3F007441810004F6B61054
:1031300006493F007441810004E6B61006463F0090
:103140007441810004E2B61006433F0074418100DF
:1031500004DDB61006403F007441810004DAB61069
:10316000063D3F007441810004D4B610063A3F008A
:103170007441810004D1B61006373F0074418100CC
:1031800004CCB61006343F007441810004C7B61069
:1031900006313F007441810004C2B610062E3F0084
:1031A0007441810004B7B610062B3F0074418100C2
:1031B00004B3B61006283F007441810004A7B6107E
:1031C00006253F007441810004A2B61006223F008C
:1031D00074418100049BB610061F3F0074418100BA
:1031E0000498B610061C3F00744181000492B6108A
:1031F00006193F0074418100048EB61006163F0088
:10320000744181000487B61006133F0074418100A9
:103210000484B61006103F00260700383A880D389F
:103220003A880918405305501E0B3F107441810025
:10323000044AB81006083F003A880F2006F73F00FE
:103240007441810004EF91103A880B20170000119F
:103250003A880F003A880D00C1C40250CC0080208B
:103260002620001007008020262000103A88052024
:10327000060200000700C010261800184400801045
:10328000CC00C0101EFB3F181700C010F4BFFF0198
:10329000C4BFFF393A30CA007420A0013A88C71968
:1032A0000420A0313A7046193A7086191E09001898
:1032B000040180101700C0103A88CB193A30C600BC
:1032C0003A70C6283A70861926F93F1806010000A0
:1032D000440080100700C0101EFD3F183AC80511B9
:1032E0003A2800F83A88052006E73F003A880500AA
:1032F0003A2800F804B7FFDE1548C0DF1546C0DDE8
:10330000152C40D9153900D93A882F30152DC0D940
:10331000154700DF154580DD154440DD154300DD10
:103320001542C0DC154180DC154040DC153F00DC57
:1033300000600A50170080103A880910153480D8B0
:10334000402C0350172CC0D8153880D80B03801898
:103350000C2080102602001017048018267F06100B
:103360001739C0DC0404C0D874414105041E00D9DB
:10337000845278AD151EC0D8152000D8151F00D86E
:10338000153300D8153600D8153700D83A881118EB
:10339000153A00D8153B00D8152F00D8152800D9AC
:1033A000070080B8266702104409C0003A8821B897
:1033B0001E02C010061400002603C0104400008442
:1033C000070080801EFC3F103AC8E385260E008867
:1033D0001720C0D8171F80D81500C0453A88471C51
:1033E000440080101520C0D815014044151F80D816
:1033F000C401C0001697801804020042172F40D95C
:103400003A884B2C152F40D9070080802698001051
:1034100047004084C4FFBF004400C085852700D812
:103420003A8807003A880F00152980D8153100D84E
:103430003A8825000416400144028001840A800273
:10344000041B40024400C0BD04F8BF8836F0822847
:10345000BA9004103440010104340D213A8805115A
:10346000170080103A680010E03F00057840000522
:1034700078400005D43F00057840000578400005FD
:103480007840000578400005784000057840000548
:1034900034370005103F000578400005443600052C
:1034A0005C37000578400005D03700059C370005E3
:1034B0009C3700059C3700059C3700059C370005AC
:1034C0009C3700059C3700059C3700059C3700059C
:1034D00078400005784000057840000578400005F8
:1034E00078400005784000057840000578400005E8
:1034F000784000057840000588380005DC37000575
:1035000078400005DC37000578400005784000056C
:1035100078400005784000057C38000578400005BB
:1035200078400005443900057840000578400005E2
:10353000784000057840000578400005B43D00055E
:103540007840000578400005143E000578400005ED
:103550007840000578400005784000057840000577
:103560007840000578400005784000057840000567
:1035700078400005C43E000500400005DC3700052A
:10358000DC370005DC37000554400005004000052D
:10359000784000057840000510400005784000059F
:1035A00020400005003F000550360005203F000583
:1035B000784000052C3F000578400005883F000555
:1035C0007840000578400005983F0005173100D984
:1035D000152D80D83AC80901153100D914018094FD
:1035E000070040BC06973F00040C8000172D00D94F
:1035F000172940D9052780D8041E8000452780D888
:10360000852700D80401C020170000253A882D0026
:103610009400809016860228C4DFBF003A70A49000
:10362000152DC0D8940080941E7302A074418100AF
:10363000044BB810153A80D8041E40041729C0D88E
:103640003A88390026D501183A8829003A882D0091
:1036500006F10100172C40D9041E80D93A88099838
:10366000C0B00C501E080010040400DA06633F00CE
:10367000172080D826040010172C40D9173900D9FC
:10368000041E80D9C0B00C50172C80D80B03C0107A
:10369000172F80D80C10C0181EF505181748C0DF6A
:1036A000174700DF1746C0DD174580DD174440DDB2
:1036B000174300DD1742C0DC174180DC174040DCB7
:1036C000173F00DC0449C0DE3A2800F8172D80D8E7
:1036D000172D00D917008010153180D804018020E3
:1036E000173100D916B93F20152D80D8070040BCEE
:1036F00006543F00070040BC4400C0BA2639878A00
:1037000004F4BF883A880900368886300700405C98
:10371000A40200214400C05D3A8817B83A88892085
:1037200004F4BF882EF9BF3016D70520152900D91B
:1037300006453F003A8809B8153100D804F4BF881F
:103740003A88170007004024A402C05A4400C0BDB4
:103750003A8809B83A88D71204F4BF882EF9BF30E6
:103760001531C0DA06383F0014208094070040BCB1
:1037700006343F00CC3FC0181E4707180C0280904B
:10378000267D0410172DC0D8172D00D9172D40D92C
:103790001700C01817010021040240291536C0D8AF
:1037A000153700D9152D40D9173600D9173740D90C
:1037B000153E00DA44000004C0820C50173E00DAC7
:1037C0001E4B0414173600D9173740D93A880D001C
:1037D0003A880F0080C91150173E00DA16F3051021
:1037E000832700DFC41180000E5945147441010481
:1037F00004433884C400C000C4DFBF00152AC0D809
:103800003A70A490152EC0D8152900D8153200D8CA
:103810000666000014028094070040BC06093F00C1
:10382000CC3FC0181E180718140480940C08809010
:1038300026960310172D40D9170180281700002D58
:1038400004024029152D40D93A882D1016980310EE
:10385000172940D9832700DF16AB0328C4DFFF00F8
:103860003AB084A53A70E490264A0110264B03B082
:10387000152A40DC041E00DC3A8823B03A882D402B
:103880003A8809A03A880B88840280013A880F00A0
:10389000402B1050040C8010C4FF3F843A8809A0CC
:1038A0003A880B8805008080840280013A880F00E6
:1038B000C0D30F503A8829103AB0C4103A88231860
:1038C0001EEF3F101728C0D8172A40DC3A8811B0E5
:1038D0003AC8071C152EC0D8062E0000CC3FC018D1
:1038E0001EE70618140480940C08809026D4021059
:1038F000172D40D91729C0D8852700D80402802861
:103900001700002D1701802D16150418C4DF3F0184
:103910003AB086A5152D80D83A7024911ED502188C
:10392000172940D93A88390026BE06283A88290046
:103930003A882D00041E00DCFAD006A07A9708B061
:10394000FAD02CB0CC0100A5040C80A0C4FF3F84A9
:103950003AB0E820050080803AB086A51EF63F18F0
:103960004C00C09026390118CC3F80101C208010DC
:1039700004E0BF10040CC0002634C110C5FFFF8056
:103980001728C0D8C4FFBF803A8821103AC88718CA
:10399000152EC0D8172E80D8172900D90E01001176
:1039A0003A880520152A80D8153200D8CC3F00E788
:1039B0001C2000E704E03FE7260300E0172AC0D8F8
:1039C0004400C018152AC0D88C00C090152BC0D850
:1039D00026030018172AC0D88400C018152AC0D89A
:1039E0000C21C0901530C0D81EA10118173100D984
:1039F000172AC0D83AC8E9200E9D010504044002E8
:103A00001720C0D8171F80D80E1B054D74414101E7
:103A100084567829153C40DC153540D93A8823A0D6
:103A20003A882D483A882990C40100073A882580B1
:103A3000172C00DC0603000004FC7F8C040200420B
:103A40000E1340B4744101010404C01844008010F6
:103A50008456382115000041150180451520C0D835
:103A6000151F80D80EF4BFE0041E80D93A880B8061
:103A70003A880998C0B00C501E033F1004FC7F8C9C
:103A80001720C0D8171F80D8040400DA16ED7FB4C1
:103A90003A8821903A8825A03A882988173C40DC4A
:103AA000173540D93A88C7A044008010150040411E
:103AB000150100451520C0D8151F80D8C40100018C
:103AC000169F8220872700DF04020042260C00E0B8
:103AD000171F80D8842700D94400C01844008010E4
:103AE0001500004144000001150100411520C0D817
:103AF000151F80D8C401000116388220040200423C
:103B0000172B80D8260C0010171F80D8042700D947
:103B10008400C0184400801015000041840000019A
:103B2000150100411520C0D8151F80D8C40100011F
:103B30001632822004020042173000D9042080008F
:103B400026978120172940D9172E80D83AC8AD284A
:103B50000E2F800504040007171F80D80EC083E5D0
:103B60007441410184527829152940DC152B40D934
:103B70003A8823B0C40100053A882D903A88258000
:103B8000172C00DC0603000004FC7F8C04020042BA
:103B90000E1140E40404C018440080101500404594
:103BA000150100471520C0D8151F80D80EF6BFA0FC
:103BB000041E80D93A880B803A880998C0B00C500E
:103BC0001EB13E1004FC7F8C1720C0D8171F80D870
:103BD000040400DA16EF7FE43A8821903A8825B091
:103BE0003A882D88172940DC172B00D93A88871D81
:103BF0004400801015000041150180451520C0D8F3
:103C0000151F80D8C401000116EC81200402004277
:103C10000C4080901E180110172E40D9171F80D815
:103C2000150000443A8847194400801015014041AE
:103C30001520C0D8151F80D8C401000116D18120DD
:103C4000040200420C01809426320090173140D9C2
:103C5000172A80D83AC8A1280E2E00040404400474
:103C6000171F80D80EB9048C7441410184567829FD
:103C7000153540D9C4018004172C00DD060300006F
:103C800004FC3F84040200420E13008C74410101C5
:103C90000404C018440080108456382115000041E7
:103CA000150140441520C0D8151F80D80EF4BF90D0
:103CB000041E80D93A880BA03A880998C0B00C50ED
:103CC0001E713E1004FC3F841720C0D8171F80D8F7
:103CD000040400DA16ED3F8C173540D93A88071CEA
:103CE0004400801015004041150100441520C0D843
:103CF000151F80D8C40100010E068020172C40D962
:103D0000041E80D93A880998C0B00C501E5E3E103F
:103D10001720C0D8173180D8172A00D90E010011FA
:103D20003A880520172F40D93A888B28152F40D97B
:103D30001E9C0118070080B8151F00D8040400DA83
:103D40001E993D103A8821B806AF3D00CC3FC018FF
:103D50001EC70518140480940C08809026010210D8
:103D6000172D80D8172900D9852700D80402C01044
:103D70001700001517018015168E0320C4DF3F01C0
:103D80003AB084A5152DC0D83A7024913A883900EC
:103D90001EB63E10172980D81EC80210152900D85B
:103DA000152E00D8041E00DC06FA3E00CC3FC018D9
:103DB0001EAD05187441410104467829153A40D9D1
:103DC0000C08809026610010172D80D81700001570
:103DD0001701801504028010152D80D84C008090AA
:103DE000268E01103AB084A5260903101729C0D8E1
:103DF000040C8000052780D8452740DC852700D8A3
:103E00009400809016870418C4DFBF003A70A49015
:103E1000940080943A883900173A00D9041E00DCD7
:103E2000CC0380A03A9706B03A8885203AD128A0E2
:103E3000030080103AD12CB0C4FF3F843AB0281D53
:103E4000050080803AB084A51EF53F101728C0D821
:103E50003AC8071C152EC0D806CE3E00172DC0D874
:103E6000172D00D9852700D81700801804010021DC
:103E70004400C000152AC0D8051480D8152D00D9DB
:103E8000152EC0D8152900D8153200D8041400DC2E
:103E90003A88390006CC3E00CC3FC01826923E1826
:103EA0008527C0D906903E004400C000C40AC00166
:103EB000070040BC06633D0014088094070040BC26
:103EC00006603D00172DC0D8852700D81700001CBC
:103ED0000401001D260F0480172900D916DC0320D9
:103EE0003A880D203A880B003A880980153E00DA9E
:103EF00080FF0A50173E00DA265804103AC805140D
:103F0000152E80D816D80310832700DF152A80D8F5
:103F1000152D00DD152900D8153200D806A33E0066
:103F2000CC3FC018268C3F188527C0D9068A3F0091
:103F3000CC3FC0181E63051874414101044B782919
:103F4000153A40D90C0880901E9F3F100C048090B9
:103F5000269C0210172DC0D83A882D001700001D8E
:103F60000401C018152DC0D8069C3F005400809451
:103F7000070040BC06333D00CC3F80381C20801039
:103F800004E0BF101E9702104400C0000408C001E6
:103F9000070040BC062B3D00CC3FC01826233E182E
:103FA0008527C0D906213E00070040BC2604438A6D
:103FB0001404809406233D00CC3FC0181E3F051812
:103FC0000C08809026890210172D40D9172F00D990
:103FD00017008028FAD7072004014029152D40D961
:103FE000150000111501C01006ED3C00141080945E
:103FF000070040BC06133D0074410101044B382109
:104000003A883900153A00D9041E400406823F0060
:10401000CC3FC0181E22051826953D884400C000DC
:10402000152AC0D8051440DC852700D806943F0027
:1040300074410101044B3821153A00D9152DC0D81F
:104040003A882510041E40043AB084A51EFA0010D8
:104050003A88390084008000CC3F80104400C000C2
:104060002616C2108400C0001E30FE1006763D00E9
:104070001720C0D806953E00441980000E7C4014DD
:10408000173600D9173740D93A880D003A880F0003
:10409000153DC0D8153E00DA40B31150173DC0D8C9
:1040A000173E00DA1EF50010171F80D87441010179
:1040B000045238214400C01844008010150000410B
:1040C00044000001150100411520C0D8151F80D8FB
:1040D000C40100011666822004020042172680D81F
:1040E000173340D9160240114C00809026D53E105F
:1040F000173880D8173400D9173840D93A8887182C
:10410000171F80D815000041150140414400801060
:104110001520C0D8151F80D8C401000116AF822019
:1041200004020042173380D8C4FF3F140EC53E047A
:1041300004044004171F80D80E86008C744141018E
:1041400084527829152B40D9C4018005172C00DD35
:10415000060300000402004204FC3F840E80008C31
:104160000404C01844008010150040451501404467
:104170001520C0D8151F80D80EF6BFB0041E80D9F8
:104180003A880BA03A880998C0B00C501E3E3D10EA
:104190001720C0D8171F80D8040400DA06EE3F00AD
:1041A000173140D9172A80D83AC8AD280E65BE0508
:1041B00004040007171F80D80EA283E57441410153
:1041C00084527829153040DC152B40D93A8823B029
:1041D000C40100053A882D903A882580172C00DC10
:1041E0000603000004FC7F8C040200420E1140E430
:1041F0000404C01844008010150040451501004714
:104200001520C0D8151F80D80EF6BFA0041E80D977
:104210003A880B803A880998C0B00C501E1A3D109D
:1042200004FC7F8C1720C0D8171F80D8040400DA44
:1042300016EF7FE43A8821903A8825B03A882D8895
:10424000173040DC172B00D93A88871D44008010B6
:1042500015000041150180451520C0D8151F80D8D4
:10426000C4010001169A81200402004206353E0076
:10427000173340D9440080004400C0180E7141112A
:10428000171F40DC44008000150180404400408C32
:10429000150000441520C0D8151F40DCC401800063
:1042A0001674411404020042173880D8173400D91C
:1042B0004400408C3A88C710150180401500004129
:1042C0001520C0D8151F40DCC401800016724114AF
:1042D00004028045173600D9173740D93A880D00B7
:1042E0003A880F00153DC0D840B31150173DC0D8D3
:1042F00026B30010173340D9440000844400408C9A
:10430000C4FFBF283A888718150180B0150000B493
:104310001520C0D8151F40DCC401800016D24014FF
:10432000040280B5173B00D9C42200DF4400408C52
:104330003A88C720150000B7150100B11520C0D874
:10434000151F40DCC4018000160E4014040200B2A8
:10435000063C3E007441010184523821152B00D9DE
:10436000172B00D93A88071C15010044150000419D
:10437000440080101520C0D8151F80D8C40100014A
:104380000E2FBE20172C40D9041E80D93A880998D8
:10439000C0B00C501EBC3C101720C0D8040400DA7A
:1043A00006283E00172C40D9041E80D93A88099867
:1043B000C0B00C50265F3E1006B33C00172C40D90D
:1043C000041E80D93A880998C0B00C501EAE3C102B
:1043D0001720C0D8040400DA060D3E00172C40D97F
:1043E000041E80D93A880998C0B00C501EA63C1013
:1043F0001720C0D8040400DA06C13D00172C40D9AC
:10440000041E80D93A880998C0B00C501E9E3C10FA
:104410001720C0D8040400DA06C73D00172980D849
:10442000852700D816083F10C4DFFF003AB084A5E6
:104430003A70E49026813C103A88390006763E00B6
:104440000C048090263D0110172D00D9172940D962
:10445000852700D804018020170000253A882D0008
:10446000163F0128C4DFFF00152D80D83A70E49074
:10447000262B3DA03A883900062E3D00172640DC49
:104480000E834104173240DC173380D80E014014EC
:104490003A8823100E0A4004171F80D83A88471C18
:1044A0001500004444008010150140441520C0D878
:1044B000151F80D8C4010001167582200402004235
:1044C000167B0288173200D93AC863240E9940043B
:1044D00004048005171F80D80E5341B474410101B4
:1044E00084523821152B00D9C4010007172C00DD98
:1044F000060300000402004204FC7F8C0E4D41B410
:104500000404C01844008010150040451501804582
:104510001520C0D8151F80D80EF6BFE0041E80D924
:104520003A880BA03A880998C0B00C501E563C102F
:104530001720C0D8171F80D8040400DA06EE3F0009
:10454000172C40D9041E80D93A880998C0B00C5065
:104550001E4D3C101720C0D8872700DF040400DA66
:10456000065A3D000C048090265C0010172D40D99F
:104570001729C0D8852700D8040180281700002DEE
:104580003A882D00165E0018C4DFFF00152D80D874
:104590003A70E4903A88390026FE3DA0440280003B
:1045A00036B33C15040C00A5C41D00DCC51D00DDA0
:1045B0001728C0D83AC8071C152EC0D806F53C00ED
:1045C000173380D8C4FF3F140E563F04040400077D
:1045D0000E5303E47441410184527829152B40D9CC
:1045E000C401C001172C00DD0603000004FC3F8459
:1045F000040280B50E1300E40404C0184400408C8B
:10460000150040B5150100B71520C0D8151F40DCB6
:104610000EF67F3C041E80D93A880BA03A88099890
:10462000153DC0D9C0B00C50173DC0D91E163C1066
:1046300004FC3F841720C0D8171F40DC040480DD31
:1046400016ED3FE4172B80D83A88071C4400408CB5
:10465000150080B0150100B41520C0D8151F40DC2E
:10466000C40180000E2E7F14172C40D9041E80D95F
:104670003A880998C0B00C501E033C101720C0D8CF
:10468000171F40DC040480DD06263F000C048090E8
:1046900026C30010172D80D81700001504018010C4
:1046A000152D80D8FAD72DA03A8805B00E683C1099
:1046B0003AC829053AC004A03AC8AD053AC8ADB019
:1046C000172980D8440B0007852700DF162E02101B
:1046D000C4DFBF003A70A49006643C000C108090C8
:1046E000852700D826250110172D00D9172940D974
:1046F0003A882D00040180200B0000250EA23F28DF
:10470000152D80D83A8839003AB084A51E573C1040
:104710004400800006503E00172C40D9041E80D96A
:104720003A880998C0B00C501ED73B101720C0D84B
:10473000040400DA173200D9172680D8173340D97D
:104740003A882381160240114C000091260D00206A
:10475000173800D9173440D93A880719171F00D9DC
:1047600015004041173840D9440000211520C0D819
:1047700015014041151F00D9C401400116DC012973
:1047800004020042173300D93A8821813AC88520B3
:104790003AC861840E0100143A8821100E0A000400
:1047A000171F00D93A88071C150040444400002117
:1047B000150100441520C0D8151F00D9C4014001BF
:1047C00016E601290402004216F601803AC82114B7
:1047D0000E1C3D0404044004171F80D80EDD3E8CDF
:1047E0007441410184527829152B40D9C4018005B8
:1047F000172C00DD060300000402004204FC3F8485
:104800000ED73E8C0404C0184400801015004045AB
:10481000150140441520C0D8151F80D80EF6BFB032
:10482000041E80D93A880BA03A880998C0B00C5071
:104830001E953B101720C0D8171F80D8040400DA3B
:1048400006EE3F003A7088901E8D3E20171F40DC18
:1048500015018040150000444400408C1520C0D84C
:10486000151F40DCC4018000167F7F1404028045C0
:1048700006AC3E00172C40D9041E80D93A8809980E
:10488000C0B00C501E803B101720C0D8171F40DC52
:10489000040400DA06843E00172C40D9041E80D997
:1048A0003A880998C0B00C501E773B101720C0D82A
:1048B000171F40DC040480DD06863E003A8829008C
:1048C000040C00A5C41D00DCC51D00DD06383F003A
:1048D000172C40D9041E80D93A880998C0B00C50D2
:1048E0001E693B101720C0D8040400DA06953C006E
:1048F000173600D9173740D9153E00DAC0820C5060
:10490000173E00DA1EBD0010C41180000E1E4114B7
:104910007441010404453884C400C000C4DFBF00F2
:10492000152AC0D83A70A490832700DF152EC0D86E
:10493000152900D8153200D8061C3C000C108090B8
:10494000852700D826940010172DC0D8172900D924
:104950003A882D00040180180B00001D0EC13E2076
:104960003AB086A5152D80D81EC23E183A88390067
:104970003A88050006B83D00172D80D8172DC0D8FD
:10498000172D00D9170080101701C018040200214C
:10499000153680D81537C0D8152D00D906823B00B2
:1049A0000C10809026070110172DC0D80F00001D95
:1049B0000401C018152DC0D8FAD72DA03A8805B02B
:1049C00006A23B000C10809026050110172D00D97F
:1049D0003A882D000B00002504010021152D00D977
:1049E00006FE3C00070040BC06963A000C0480908E
:1049F00026010110172D40D9172FC0D81700802885
:104A000004014029152D40D91500C01006643A0054
:104A1000172900D9852700D8168D3D20C4DFBF0097
:104A20003A70A49006053B007441410184527829F4
:104A3000152B40D9172B40D93A88471C44008010C9
:104A400015004041150140441520C0D8151F80D8DD
:104A5000C40100011630BF200402004206353F00A9
:104A60007441010184523821152B00D9065E3C00A7
:104A7000172C40D9041E80D93A880998C0B00C5030
:104A80001E013B101720C0D8040400DA06933D0035
:104A9000171F80D874414101440000014400C01830
:104AA000440080100452782915010041150040414E
:104AB0001520C0D8151F80D8C401000116B580206C
:104AC000040200421E040088173380D81E02001022
:104AD0004C008090265B3C10173800D9171F80D8F7
:104AE000173440D93A88C72044008010150100418E
:104AF000150040411520C0D8151F80D8C401000101
:104B000016808120040200423AC863040ECB4004A0
:104B1000040480050EE840B47441410184527829B0
:104B2000152B40D9C4010007172C00DD0603000037
:104B30000402004204FC7F8C0EE240B40404C0185E
:104B40004400801015004045150180451520C0D84F
:104B5000151F80D80EF6BFE0041E80D93A880BA03E
:104B60003A880998C0B00C501EC73A101720C0D818
:104B7000171F80D8040400DA06EE3F00172DC0D8B6
:104B8000172900D93A882D00040180181700001D4C
:104B90000E7D3E2006DA3E00172D40D91729C0D8D9
:104BA0003A882D00040180281700002D0E2D3E1894
:104BB000066B3F00152DC0D83A88390006D23E005A
:104BC000430040BC140880944400C0BDCC3F408CDE
:104BD0001C20408C04E07F8C061A3A00172C40D928
:104BE000041E80D93A880998C0B00C501EA63A100D
:104BF0001720C0D8040400DA064A3D00172900D95E
:104C0000C4F7BF05C4FFBF003A70AC8D266A802090
:104C1000C4118000263781B0173700D91440C090E6
:104C2000152BC0D8165D0120173700DD052A00D8E6
:104C30008419800026408188841180002671818833
:104C400044118000266281B01729C0D8042180D881
:104C5000150380D8173640D9042580D8150280D88E
:104C6000042680D81500C0D8150180D88400C00162
:104C70003A880DA03A880998153DC0D8153E00DA4B
:104C800080CB07503A882110C4198000173DC0D846
:104C9000173E00DA26E78088C411800026D4808879
:104CA0003A88F980173600D93A880D003A880F0003
:104CB0003A880BA0153E00DA40B31150173E00DAD7
:104CC00026E40010172180D82E060017040C0001DE
:104CD0004400C0101521C0D805000011172180D84C
:104CE00036FB3F173AC80514153380D8C41180002D
:104CF00026C580B0441980000ED941141726C0D8AB
:104D0000841980001532C0D8263481881732C0D863
:104D1000173300D9162501194C0080941E84019088
:104D20003A88051816CC01181732C0D8C4194004A7
:104D3000152EC0D8072A00DF1EA600E0832700DF5B
:104D4000152A80D8172B80DC152900D806173B00C0
:104D5000744101040442388406A63A00173900D988
:104D6000041000043A880B80C07E0A50172C00D92A
:104D7000150080201504802026CB0110172C80D828
:104D80001505001406763900744101040444388482
:104D900006E13E00172C40D9041E80D93A880998B4
:104DA000C0B00C501E383A10172640DC1720C0D86F
:104DB000040400DA06433F0084014001152940D96C
:104DC00006953F00172D00D917000025040100218A
:104DD000152D00D9FAD72DA03A8805B0069B3A00C8
:104DE000172D40D93A882D001700002D04014029C5
:104DF000152D40D906F93B000C108094266E0090CA
:104E0000172D00D9172F40D9170080200401002149
:104E1000152D00D90D00401106613900172C40D91D
:104E2000041E80D93A880998C0B00C501E163A105A
:104E30001720C0D8171F80D8040400DA173340D9D0
:104E400044008010150000443A88C72806773B00CC
:104E50003A880980153E00DA402C0350152E80D880
:104E6000173E00DA0E283C103A88050006263C0062
:104E7000C4FFBF0006093A0074410101845638217D
:104E8000153500D906063B00C4FF3F0106273A004E
:104E9000172C40D9041E80D93A880998C0B00C500C
:104EA0001EF939101720C0D8040400DA06843D002A
:104EB0003A88230006833D00744101018452382161
:104EC000152B00D9172B00D93A88471C44008010B5
:104ED00015000041150140441520C0D8151F80D889
:104EE000C401000116CDBF200402004206D33F00DA
:104EF000172C40D9041E80D93A880998C0B00C50AC
:104F00001EE13910172680D81720C0D8040400DA13
:104F1000061C3E00172980D88401C0002E0180188D
:104F20003A880518152E80D816F300107441010434
:104F3000152A80D8152D00DD152900D8153200D886
:104F4000045038843A883900069F3A0074410101C0
:104F500084563821153500D9065F3B00172C40D9FF
:104F6000041E80D93A880998C0B00C501EC639106A
:104F7000172680D8173340D91720C0D8040400DA88
:104F80003AC8852806103E0044008000CC3F8010BF
:104F90004400C0002635FA108400C000269EFB1095
:104FA00006643A003A88210006083E00440B0007D8
:104FB000852700DF060B3A00172DC0D8172F00D920
:104FC000170080180401C018152DC0D81500001155
:104FD00006F33800440BC0008527C0D8152A80D8B6
:104FE000172B80DC152900D8440B000706733A0004
:104FF0004C0080901E940010172180D83AC80514E8
:10500000153380D81E1641B4172680DD44FFBF003B
:10501000161A80B0172940D91618802D153280DD58
:10502000063A3F003A8825103A883900840080000B
:1050300006D63F004C0080901E193F10172180D8E3
:1050400006283F007441010184523821152B00D9F4
:10505000067C3C003A8805E006223F00172940D92B
:10506000832700DF152D00DD152A40D9152E40D9E4
:10507000152900D8153200D8064C3A0084FF7F8CE1
:10508000C4FFBFB5152680DDC52240DC16C300B0C5
:10509000C40A8000052380D844028000166E801563
:1050A000040C8000040C80B5452380D8852380DD66
:1050B000C42380D8C42200DF1733C0D83AC83917B8
:1050C000173300D93A88C7E0153B00DF152EC0D84A
:1050D000440080000EB70011172EC0D84400C0183D
:1050E000152EC0D83A88051816B00018153200D809
:1050F00006103F00172980D81EC73E10152900DC76
:1051000006C53E00172C40D9041E80D93A8809985C
:10511000C0B00C501E5C3910172640DC1720C0D8D8
:10512000171F80D8040400DA06773E003A882F580B
:10513000152900D806C438001729C0D8042180D802
:10514000150380D8173640D9042580D8150280D899
:10515000042680D81500C0D83A880998150180D84F
:10516000C400C0013A880DA0153E00DA80CB07507C
:10517000172900D9173E00DA3A8821103A883911E8
:105180003A88072007000081040C8000266F8020E9
:105190001726C0D83A88F9E006C23E00440BC0008A
:1051A0003C002025052AC0D806A13E001732C0D8F1
:1051B0000E89C00044008000173300D93A880511D9
:1051C000152E80D8165F0010C419400406D93E0081
:1051D000172900D94400C020069C3E00172900D999
:1051E0000E68C0001E4600204C0080941E440090B3
:1051F0003A88051816A000181732C0D8152EC0D846
:1052000006CC3E00172940D9042180D8150380D848
:10521000150040D9042580D8173640D9150280D80A
:10522000042680D8150180D8C400C0013A880DA09A
:105230003A880998153E00DA80CB07501729C0D864
:10524000173E00DA3A882110841180003A88F980EC
:1052500026CCBF8806933E00C42200DF152900DC5F
:105260003A8829983A8821E03A8827403A8809B054
:105270008402400100871050040C8010C4FF3F845A
:105280003A8809B08402400105008080C07E105039
:105290003A882D104402800016F4BF153A88119800
:1052A000040C80B03A8827A03A882980C4FF7FA1E7
:1052B000C5FFBFA0172900DC2E75002F8423C0D99D
:1052C0003AC80F3D442300D93A88CFE106010000D7
:1052D000030080280500802044000021440040296C
:1052E0001EFBFF21042380D83AC805154423C0D8EB
:1052F0003A88851806703F003A880500060B3F0083
:10530000172900D91732C0D8440080203A88851860
:10531000152E80D80E873E103A88050006853E007F
:105320007441010184523821152B00D906C53C0077
:105330001732C0D84400C018152EC0D83A880518B6
:105340000EA13F183A880500069F3F00173600D986
:105350003A880D003A880F003A880BA0153DC0D856
:10536000153E00DA40B31150173DC0D8173E00DAA1
:1053700026873F10440080003AC8C7101526C0D8C1
:1053800006843F001E0E00204C0080941E0C0090EE
:1053900044008000152E80D806663E00440B800035
:1053A0003AC8AD05052380D8063B3F003A88050082
:1053B000064E3F003A70A490264A3F9006463F00B2
:1053C0001729C0D88400C018152EC0D83A880518EF
:1053D0000E583E1806D03F00840080003AC8C51021
:1053E00006753F00172D80D8172D00D9430040BC0B
:1053F000170080103A882F58152980D80401802082
:10540000172900D9152D80D80EF03D20CC3F408CB7
:10541000C4FFBF001C20408C152980D804E07F8C7D
:10542000060838004C0080903A88390026070010A2
:105430001728C0D8C41D00DC040C80003AC8071C23
:10544000C51D80D8152EC0D806523900152E00D89B
:10545000041E00DC064F39003A88050006323E0083
:10546000172680DD06063F008527C0D906513A0081
:105470008527C0D906373A003A880500065E3F0006
:105480008527C0D9061739008527C0D906E6380018
:10549000442380D806083F008527C0D906B73800C6
:1054A0008527C0D906DC3A00173940D904038000AB
:1054B00015008028C4FFBF00067838008527C0D9B2
:1054C00006BF3A008527C0D9069B3A003A880500F6
:1054D0003A2800F804B8FFDE1547C0DF1545C0DDE7
:1054E000154340DD152C00D93A882F283A882B30F7
:1054F000152DC0D9154600DF154480DD154200DDAD
:105500001541C0DC154080DC153F40DC153E00DC59
:1055100000600A50170080103A880910153480D8AE
:10552000402C0350153780D8172C80D82602001045
:10553000170E801026F900100B0380B80C00C8105D
:105540001E060018171900B9C4FFF70014008810D0
:105550003A70C6200D0380B81519C0B80C02C010EF
:1055600026C100181704C0B826BF00188C0680108A
:105570008402C00026C4C0100404C0D874410105D0
:10558000041E00D9845A38A5151EC0D8152000D88D
:10559000151F00D8153300D8153600D8153800D897
:1055A0003A881118153900D8153A00D8152F00D8A7
:1055B000152800D9070080A8267B02104409C000E6
:1055C0003A8821A81E02C010061400002603C0104D
:1055D00044000084070080801EFC3F103AC86385A9
:1055E000260E00881720C0D8171F80D81500404508
:1055F0003A88471C440080101520C0D8150140444B
:10560000151F80D8C401C00016A7801804020042EC
:10561000172F40D93A884B2C152F40D9070080808E
:1056200026A8001047004084C4FFBF004400408506
:10563000852700D83A8807003A880F00152980D8B6
:10564000153100D83A882500041640014402800133
:10565000840A8002041B4002440040AD04F8BF8865
:1056600036048328BA9004103440010104B915218E
:105670003A880511170080103A680010FC61000597
:10568000DC620005DC6200051C620005DC620005CE
:10569000DC620005DC620005DC620005DC620005FE
:1056A000DC6200059059000538610005DC620005E8
:1056B00058580005B8590005DC620005F859000586
:1056C000045A0005045A0005045A0005045A00054E
:1056D000045A0005045A0005045A0005045A00053E
:1056E000045A0005DC620005DC620005DC6200058E
:1056F000DC620005DC620005DC620005DC6200059E
:10570000DC620005DC620005DC620005385A000539
:10571000F45A0005DC620005F45A0005DC6200055D
:10572000DC620005DC620005DC620005945B0005BC
:10573000DC620005DC620005A05B0005DC620005A0
:10574000DC620005DC620005DC620005DC6200054D
:1057500018600005DC620005DC6200057860000569
:10576000DC620005DC620005DC620005DC6200052D
:10577000DC620005DC620005DC620005DC6200051D
:10578000DC620005DC620005886200052862000515
:10579000F45A0005F45A0005F45A00053862000571
:1057A00028620005DC620005DC6200054462000539
:1057B000DC6200055462000528610005645800059C
:1057C00048610005DC62000554610005DC620005EB
:1057D000B0610005DC620005DC620005C061000507
:1057E000173100D9152D80D83AC80901153100D9D3
:1057F00014018094070040AC06973F00040C800021
:10580000172D00D9172940D9052780D8041E8000FC
:10581000452780D8852700D80401C0201700C02460
:105820003A882D0094008090169A0228C4DFBF00A9
:105830003A70A490152DC0D8940080941E870298C9
:1058400074418100044BB810153980D8041E4004FF
:10585000172980D83A88390026E901103A882700AC
:105860003A882D0006050200172C00D93A880BB89B
:10587000409607501EAC05100B0380B88402C00090
:105880008C0680101E3CFF108F0380B8163A3F1024
:10589000172DC0D9172C00D93A880DA83A880BB813
:1058A0000075075006110000172C00D9041E80D97E
:1058B0003A880BB840010E501E080010040400DAAC
:1058C00006533F00172080D826040010172C00D95B
:1058D000041E80D93A880BB840010E500B0380B8E3
:1058E0000C1080101E900510172F80D81747C0DFAE
:1058F000174600DF1745C0DD174480DD174340DD44
:10590000174200DD1741C0DC174080DC173F40DC48
:10591000173E00DC0448C0DE3A2800F8172C00D9F6
:105920008093095006043F00172D80D8172D00D909
:1059300017008010153180D804018020173100D95C
:1059400016A73F20152D80D8070040AC06423F0027
:10595000070040AC4400C0AA2628878A04F4BF8808
:105960003A880900367D86300700405CA402002199
:105970004400405D3A8817A83A88892004F4BF881B
:105980002EF9BF3016C90520152900D906333F006E
:1059900014208094070040AC062F3F003A8809A8E5
:1059A000153100D804F4BF883A8817000700402456
:1059B000A402C05A440040AD3A8809A83A88D712D8
:1059C00004F4BF882EF9BF301531C0DA06233F003A
:1059D000CC3FC0181E2B0718140480940C0880902C
:1059E000267B0310172D40D9170180281700C02CE3
:1059F00004024029152D40D93A882D10164B041069
:105A0000172940D9832700DF16BC0328C4DFFF0015
:105A10003AB0849D3A70E49026770110268303B053
:105A2000152A40DC041E00DC3A8823B03A882D4059
:105A30003A8809983A880B88840280013A880F00D6
:105A4000402B1050040C8010C4FF3F843A88099802
:105A50003A880B8805008080840280013A880F0014
:105A6000C0D30F503A8827103AB0C4103A88231890
:105A70001EEF3F101728C0D8172A40DC3A8811B013
:105A80003AC8071C152EC0D806590000CC3FC018D4
:105A90001EFA06180C028090268A0410172DC0D812
:105AA000172D00D9172D40D91700C0181701002154
:105AB000040240291536C0D8153800D9152D40D913
:105AC000173600D9173840D9153D00DA44000004D4
:105AD000C0820C50173D00DA1E1F0414173600D97F
:105AE000173840D93A880D003A880F0080C9115004
:105AF000173D00DA16BE0510832700DFC4118000B1
:105B00000E3345147441010404433884C400C000BA
:105B1000C4DFBF00152AC0D83A70A490152EC0D893
:105B2000152900D8153200D80637000014028094D9
:105B3000070040AC06C83E00CC3FC0181EDB06186C
:105B4000140480940C08809026D80210172D40D998
:105B50001729C0D8852700D8040280281700C02C38
:105B60001701802D168F0418C4DF3F013AB0869DBF
:105B7000152D80D83A7024911ED902181729C0D843
:105B80003A88390026C305183A8827003A882D003C
:105B9000041E00DCFAD006987A9708B0FAD02CB030
:105BA000CC01C09C040C8098C4FF3F843AB0E6202E
:105BB000050080803AB0869D1EF63F184C00C090CC
:105BC000263B0118CC3F80101C20801004E0BF1041
:105BD000040CC0002636C110C5FFFF801728C0D8AE
:105BE000C4FFBF803A8821103AC88718152EC0D844
:105BF000172E80D8172900D90E0100113A880520E8
:105C0000152A80D8153200D8CC3F00E71C2000E7C9
:105C100004E03FE7260300E0172AC0D84400C0187C
:105C2000152AC0D88C00C090152BC0D826030018A8
:105C3000172AC0D88400C018152AC0D80C21C090DB
:105C40001530C0D81EA30118173100D9172AC0D8A3
:105C50003AC8E7200E9FC104040440021720C0D8B0
:105C6000171F80D80E0DC54C74414101845E782900
:105C7000153B40DC153540D93A8823983A882D48A1
:105C80003A882790C40100073A882580172C00DC49
:105C90000603000004FC7F8C040200420E1340B493
:105CA000744101010404C01844008010845E38214E
:105CB00015000041150180451520C0D8151F80D85A
:105CC0000EF4BFE0041E80D93A880BB83A880980E8
:105CD00040010E501E013F1004FC7F8C1720C0D8DD
:105CE000171F80D8040400DA16ED7FB43A8821909B
:105CF0003A8825983A882788173B40DC173540D9E1
:105D00003A88C79844008010150040411501C044EE
:105D10001520C0D8151F80D8C401000116A3822009
:105D2000872700DF04020042260C00E0171F80D8FE
:105D3000842700D94400C018440080101500004199
:105D400044000001150100411520C0D8151F80D85E
:105D5000C4010001163C822004020042172B80D8A7
:105D6000260C0010171F80D8042700D98400C01803
:105D7000440080101500004184000001150100411D
:105D80001520C0D8151F80D8C40100011636822006
:105D900004020042173000D9042080002699812097
:105DA000172940D9172E80D83AC8AD280E31800562
:105DB00004040007171F80D80E1484E574414101C4
:105DC000845A7829152940DC152B40D93A8823B00C
:105DD000C401C0043A882DA83A882B903A882580BF
:105DE000172C00DC0603000004FC7F8C0402004238
:105DF0000E1140E40404C018440080101500004552
:105E0000150100471520C0D8151F80D80EF6BF9881
:105E1000041E80D93A880BB83A88098040010E5098
:105E20001EAE3E1004FC7F8C1720C0D8171F80D8F0
:105E3000040400DA16EF7FE43A8821903A8825A816
:105E40003A882BB03A882D88172940DC172B00D9C7
:105E50003A88871D440080101500004115018045D7
:105E60001520C0D8151F80D8C401000116EE81206E
:105E7000040200420C4080901E180110172E40D9D9
:105E8000171F80D8150000443A8847194400801035
:105E9000150140411520C0D8151F80D8C40100014C
:105EA00016D38120040200420C0180942632009017
:105EB000173140D9172A80D83AC8A1280E2E0004DD
:105EC00004044004171F80D80EA2048C74414101C1
:105ED000845E7829153540D9C4018004172CC0DCB4
:105EE0000603000004FC3F84040200420E13008CF1
:105EF000744101010404C01844008010845E3821FC
:105F000015000041150140441520C0D8151F80D848
:105F10000EF4BF90041E80D93A880BB83A880998CD
:105F200040010E501E6D3E1004FC3F841720C0D867
:105F3000171F80D8040400DA16ED3F8C173540D9BE
:105F40003A88071C440080101500404115010044A8
:105F50001520C0D8151F80D8C40100010E0680206E
:105F6000172C00D9041E80D93A880BB840010E5076
:105F70001E5A3E101720C0D8173180D8172A00D9D2
:105F80000E0100113A880520172F40D93A888B2836
:105F9000152F40D91E9E0118070080A8151F00D894
:105FA000040400DA1E853D103A8821A8069B3D00B6
:105FB000CC3FC0181EC10518140480940C088090B2
:105FC000260C0210172D80D8172900D9852700D854
:105FD0000402C0101700C01417018015160F04200A
:105FE000C4DF3F013AB0849D152DC0D83A7024918A
:105FF0003A8839001E893E10172900D91EC1022097
:10600000152900D8152E00D8041E00DC06F83E0025
:10601000CC3FC0181E9D05187441410104467829E3
:10602000153940D90C08809026520010172D80D8C1
:106030001700C0141701801504028010152D80D898
:106040004C008090269001103AB0849D2669031080
:106050001729C0D8040C8000052780D8452740DCCC
:10606000852700D894008090165D0418C4DFBF0017
:106070003A70A490940080943A883900173900D976
:10608000041E00DCCC0380983A9706B03A8885203D
:106090003AD12698030080103AD12CB0C4FF3F8437
:1060A0003AB0E61C050080803AB0849D1EF53F1092
:1060B0001728C0D83AC8071C152EC0D806CC3E00F9
:1060C000CC3FC018269F3E188527C0D9069D3E00AC
:1060D0004400C000C40AC001070040AC065E3D0099
:1060E00014088094070040AC065B3D00172DC0D813
:1060F000852700D81700001C0401C01C2619048045
:10610000172900D916D003203A880D203A880B00B1
:106110003A880980153D00DA80FF0A50173D00DA01
:10612000265404103AC80514152E80D816CC031036
:10613000832700DF152A80D8152DC0DC152900D84B
:10614000153200D806B03E00CC3FC018269B3F1841
:106150008527C0D906993F00CC3FC0181E550518A9
:1061600074414101044B7829153940D90C088090BD
:106170001EAE3F100C04809026DE0210172DC0D8F2
:106180003A882D001700C01C0401C018152DC0D876
:1061900006AB3F00CC3F80381C20801004E0BF10CD
:1061A0001ED202104400C0000408C001070040AC29
:1061B00006293D0054008094070040AC06263D00AF
:1061C000CC3FC01826053E188527C0D906033E00DF
:1061D00014108094070040AC061F3D00070040AC3F
:1061E0002687438A14048094061B3D00CC3FC018C8
:1061F0001E3405180C08809026CD0210172D40D9AA
:10620000172F00D917008028FAD70720040140294A
:10621000152D40D9150000111501C01006E53C00F0
:10622000172DC0D8172D00D9852700D81700801842
:10623000040100214400C000152AC0D8051480D8EC
:10624000152D00D9152EC0D8152900D8153200D823
:10625000041400DC3A88390006723E0074410101E2
:10626000044B38213A883900153900D9041E4004FE
:1062700006823F00CC3FC0181E06051826913D88B7
:106280004400C000152AC0D8051440DC852700D87A
:1062900006EC3F0074414101044B7829153940D97F
:1062A000152DC0D83A882510041E40043AB0849DAC
:1062B0001EFC00103A88390084008000CC3F80101A
:1062C0004400C000260FC2108400C0002663FD10E9
:1062D000062D3E001720C0D806933E0044198000CA
:1062E0000E7E4014173600D9173840D93A880D0071
:1062F0003A880F00153CC0D8153D00DA40B3115064
:10630000173CC0D8173D00DA1EF70010171F80D8C1
:1063100074410101045238214400C0184400801027
:106320001500004144000001150100411520C0D8AE
:10633000151F80D8C401000116B882200402004253
:10634000172680D8173340D9160240114C00809090
:1063500026D53E10173780D8173400D9173740D9C3
:106360003A888718171F80D8150000411501404151
:10637000440080101520C0D8151F80D8C40100012A
:106380001629832004020042173380D8C4FF3F142B
:106390000EC53E0404044004171F80D80E88008CEC
:1063A00074414101845A7829152B40D9C4018005D4
:1063B000172CC0DC060300000402004204FC3F84EA
:1063C0000E82008C0404C0184400801015000045A3
:1063D000150140441520C0D8151F80D80EF6BFB057
:1063E000041E80D93A880BB83A88099840010E50AB
:1063F0001E3A3D101720C0D8171F80D8040400DAB9
:1064000006EE3F00173140D9172A80D83AC8AD2888
:106410000E63BE0504040007171F80D80E8F83E5A6
:1064200074414101845A7829153040DC152B40D93C
:106430003A8823B0C401C0043A882DA83A882B902A
:106440003A882580172C00DC0603000004FC7F8CB2
:10645000040200420E1140E40404C01844008010FD
:1064600015000045150100471520C0D8151F80D81C
:106470000EF6BF98041E80D93A880BB83A88098076
:1064800040010E501E153D1004FC7F8C1720C0D813
:10649000171F80D8040400DA16EF7FE43A882190B1
:1064A0003A8825A83A882BB03A882D88173040DCE6
:1064B000172B00D93A88871D440080101500004131
:1064C000150180451520C0D8151F80D8C4010001D2
:1064D000168E81200402004206313E00173340D957
:1064E000440080004400C0180E534111171F40DCC7
:1064F00044008000150180404400408C1500004499
:106500001520C0D8151F40DCC4018000166B411453
:1065100004020042173780D8173400D94400408C59
:106520003A88C71015018040150000411520C0D8D9
:10653000151F40DCC4018000166941140402804527
:10654000173600D9173840D93A880D003A880F001D
:10655000153CC0D840B31150173CC0D826BC001021
:10656000173340D9440000844400408CC4FFBF2846
:106570003A888718150180B0150000B41520C0D8DE
:10658000151F40DCC401800016434114040280B58D
:10659000173A00D9C42200DF4400408C3A88C72053
:1065A000150000B7150100B11520C0D8151F40DC3B
:1065B000C4018000160E4014040200B2063A3E00E8
:1065C00074410101845A3821152B00D9172B00D9A9
:1065D0003A88071C15010044150000414400801052
:1065E0001520C0D8151F80D8C40100010E2DBE2073
:1065F000172C00D9041E80D93A880BB840010E50E0
:106600001EB63C101720C0D8040400DA06263E004F
:10661000172C00D9041E80D93A880BB840010E50BF
:10662000265D3E1006AD3C00172C00D9041E80D913
:106630003A880BB840010E501EA83C101720C0D855
:10664000040400DA060B3E00172C00D9041E80D982
:106650003A880BB840010E501EA03C101720C0D83D
:10666000040400DA06BD3D00172C00D9041E80D9B1
:106670003A880BB840010E501E983C101720C0D825
:10668000040400DA06C33D00172980D8852700D806
:1066900016063F10C4DFFF003AB0849D3A70E490C4
:1066A000266B3C103A88390006743E000C0480903A
:1066B00026B30110172D00D9172940D9852700D8F6
:1066C000040180201700C0243A882D0016B5012847
:1066D000C4DFFF00152D80D83A70E49026273D983E
:1066E0003A883900062A3D00172640DC0ED34104C3
:1066F000173240DC173380D80E0140143A8823103B
:106700000E0A4004171F80D83A88471C1500004421
:1067100044008010150140441520C0D8151F80D8B2
:10672000C40100011665822004020042166102883D
:10673000173200D93AC863240E7B40040404800554
:10674000171F80D80E9D41B474410101845A38212D
:10675000152B00D9C4010007172CC0DC060300006C
:106760000402004204FC7F8C0E9741B40404C0185C
:106770004400801015000045150180451520C0D843
:10678000151F80D80EF6BFE0041E80D93A880BB8DA
:106790003A88099840010E501E503C101720C0D86E
:1067A000171F80D8040400DA06EE3F00172C00D92A
:1067B000041E80D93A880BB840010E501E473C1089
:1067C0001720C0D8872700DF040400DA06563D00F2
:1067D0000C04809026610110172D80D81700C0147A
:1067E00004018010152D80D8FAD72D983A8805B06D
:1067F00006823C000C04809026350010172D40D9ED
:106800001729C0D8852700D8040180281700C02C7C
:106810003A882D0016370018C4DFFF00152D80D8E8
:106820003A70E4903A88390026F33D98440280009B
:10683000367BFC141728C0D8C41D00DC040CC09C97
:106840003AC8071CC51DC0DC152EC0D806E83C00A0
:10685000173380D8C4FF3F140E4D3F0404040007D3
:106860000E8100E474414101845A7829152B40D9E6
:10687000C401C001172CC0DC06030000040280B56F
:1068800004FC3F840E7B00E40404C0184400408CE8
:10689000150000B5150100B71520C0D8151F40DC44
:1068A0000EF67F3C041E80D93A880BB83A880998C6
:1068B000153CC0D940010E50173CC0D91E073C10F2
:1068C0001720C0D8171F40DC040480DD06EC3F0011
:1068D0000C108090852700D8260E0110172D00D9A6
:1068E000172940D93A882D00040180200B00C024CC
:1068F0000EC93F28152D80D83A8839003AB0849DBA
:106900001E463C1044008000066C3E00172C00D947
:10691000041E80D93A880BB840010E501EEF3B1080
:106920001720C0D8040400DA173200D9172680D8FF
:10693000173340D93A882381160240114C00009148
:10694000260D0020173700D9173440D93A88071987
:10695000171F00D915004041173740D944000021C6
:106960001520C0D815014041151F00D9C4014001B0
:1069700016E8012904020042173300D93A88218120
:106980003AC885203AC861840E0100143A88211063
:106990000E0A0004171F00D93A88071C150040444E
:1069A00044000021150100441520C0D8151F00D94E
:1069B000C401400116FB01290402004216F70180C0
:1069C0003AC821140E383D0404044004171F80D82F
:1069D0000EFB3E8C74414101845A7829152B40D915
:1069E000C4018005172CC0DC06030000040200422D
:1069F00004FC3F840EF53E8C0404C0184400801053
:106A000015000045150140441520C0D8151F80D839
:106A10000EF6BFB0041E80D93A880BB83A880998A0
:106A200040010E501EAD3B101720C0D8171F80D854
:106A3000040400DA06EE3F003A7088901EAB3E2058
:106A4000171F40DC15018040150000444400408CB5
:106A50001520C0D8151F40DCC4018000160E40145C
:106A60000402804506CA3E0074410101845A38215F
:106A7000152B00D9172B80D83A88071C4400408C6E
:106A8000150080B0150100B41520C0D8151F40DCDA
:106A9000C40180000EBD7E14172C00D9041E80D9BD
:106AA0003A880BB840010E501E8C3B101720C0D8FE
:106AB000171F40DC040480DD06B53E00172C00D90A
:106AC000041E80D93A880BB840010E501E833B103B
:106AD0001720C0D8171F40DC040400DA068D3E00E2
:106AE000172C00D9041E80D93A880BB840010E50EB
:106AF0001E7A3B101720C0D8171F40DC040480DD2D
:106B0000068F3E003A882700064A3F00172C00D91E
:106B1000041E80D93A880BB840010E501E6F3B10FE
:106B20001720C0D8040400DA069D3C003AC8E704E8
:106B30003AC004983AC8AD053AC8ADB0172980D814
:106B4000440B0007852700DF167B0110C4DFBF0060
:106B50003A70A49006B13B00173600D9173840D9D7
:106B6000153D00DAC0820C50173D00DA26F0001007
:106B7000172900D9C4F7BF05C4FFBF003A70AC8D18
:106B800026008220C411800026F781B0173800D972
:106B90001440C090152BC0D8161502201738C0DC41
:106BA000052A00D88419800026F981888411800084
:106BB000261C82884411800026EF81B01729C0D896
:106BC000042180D8150380D8173640D9042580D8F1
:106BD000172C00D9150280D8042680D81500C0D8FB
:106BE000150180D88400C0013A880D98153CC0D8A2
:106BF000153D00DA80CB07503A882110C419800077
:106C0000173CC0D8173D00DA26718188C411800076
:106C1000269282883A88F980173600D93A880D0082
:106C20003A880F003A880B98153D00DA40B31150AE
:106C3000173D00DA268D0110172180D82E06001787
:106C4000040C00014400C0101521C0D8050000113B
:106C5000172180D836FB3F173AC80514153380D862
:106C6000C4118000267681B0441980000E81421440
:106C70001726C0D8841980001532C0D826FE818816
:106C80001732C0D8173300D916DD01194C00809493
:106C90001E2B02903A880518168002181732C0D8A9
:106CA000C4194004152EC0D8072A00DF1E5301E086
:106CB000832700DF152A80D8172B80DC152900D800
:106CC00006D13B00172D80D8172DC0D8172D00D91D
:106CD000170080101701C01804020021153680D853
:106CE0001538C0D8152D00D906753B00070040ACFB
:106CF00006593A000C10809026A80010172D00D9D4
:106D00003A882D000B00C02404010021152D00D964
:106D100006CB3C00172DC0D8172900D93A882D0082
:106D2000040180181700C01C0EBB3E2006F13E0077
:106D30000C0480901E9200100C1080942639019053
:106D4000172D00D9172F40D91700802004010021EA
:106D5000152D00D90D00401106163A000C10809038
:106D600026800010172DC0D80F00C01C0401C018C9
:106D7000152DC0D8FAD72D983A8805B0061F3B00CC
:106D80000C108090852700D81E8A0010172D40D93E
:106D90001729C0D83A882D00040180281700C02C7C
:106DA0000E4B3E183AB0869D152D80D81E4C3E18CD
:106DB0003A8839003A88050006403D007441410197
:106DC000845A7829152B40D9172B40D93A88471C6B
:106DD0004400801015004041150140441520C0D8E2
:106DE000151F80D8C401000116C8BE20040200424D
:106DF00006CD3E00172900D9852700D8162D3D2045
:106E0000C4DFBF003A70A49006913A0074410101BA
:106E1000845A3821152B00D9060C3C00172C00D9B8
:106E2000041E80D93A880BB840010E501EAB3A10B0
:106E30001720C0D8040400DA06413D00171F80D88F
:106E400074414101440000014400C0184400801016
:106E50000452782915010041150040411520C0D881
:106E6000151F80D8C4010001165C80200402004276
:106E70001E040088173380D81E0200104C0080903A
:106E800026093C10173700D9171F80D8173440D96E
:106E90003A88C72044008010150100411500404188
:106EA0001520C0D8151F80D8C401000116218120EB
:106EB000040200423AC863040E73400404048005CF
:106EC0000E8640B474414101845A7829152B40D96B
:106ED000C4010007172CC0DC0603000004020042B6
:106EE00004FC7F8C0E8040B40404C0184400801061
:106EF00015000045150180451520C0D8151F80D804
:106F00000EF6BFE0041E80D93A880BB83A8809987B
:106F100040010E501E713A101720C0D8171F80D89C
:106F2000040400DA06EE3F00C4FFBF00066F3A001B
:106F3000C411800016B8401474410104044438841C
:106F4000C400C000C4DFBF00152AC0D83A70A490A6
:106F5000832700DF152EC0D8152900D8153200D898
:106F600006293B00172D00D91700C0240401002179
:106F7000152D00D9FAD72D983A8805B0069F3A000A
:106F8000172D40D9172FC0D8170080280401402999
:106F9000152D40D91500C01006863900172D40D98F
:106FA0003A882D001700C02C04014029152D40D926
:106FB00006233C00172DC0D8172900D93A882D0088
:106FC000040180180B00C01C0EC13D2006753F0057
:106FD000744101040442388406CC3A00172C00D9CD
:106FE000041E80D93A880BB840010E501E3B3A105F
:106FF000172640DC1720C0D8040400DA069C3F00A6
:10700000430040AC14088094440040ADCC3F408C19
:107010001C20408C04E07F8C068F3900152DC0D8D1
:107020003A88390006353E00172C00D9041E80D955
:107030003A880BB840010E501E283A101720C0D8CD
:10704000040400DA06D03C003A880980153D00DAD5
:10705000402C0350152E80D8173D00DA0E343C101A
:107060003A88050006323C00172C00D9041E80D94E
:107070003A880BB840010E501E183A101720C0D89D
:10708000171F80D8040400DA173340D94400801059
:10709000150000443A88C728067D3B007441010171
:1070A000845E3821153500D906143B00C4FF3F012A
:1070B00006353A003A882300069D3D00172C00D97A
:1070C000041E80D93A880BB840010E501E033A10B6
:1070D0001720C0D8040400DA06943D007441010171
:1070E000845A3821152B00D9172B00D93A88471C10
:1070F0004400801015000041150140441520C0D8FF
:10710000151F80D8C401000116D7BF200402004219
:1071100006DD3F00172C00D9041E80D93A880BB831
:1071200040010E501EED3910172680D81720C0D808
:10713000040400DA06103E0044008000CC3F8010BA
:107140004400C0002635FA108400C00026CBFB1096
:10715000068F3A0074410101845E3821153500D94B
:1071600006763B00172980D88401C0002E018018C4
:107170003A880518152E80D816EF001074410104C6
:10718000152A80D8152DC0DC152900D8153200D855
:10719000045038843A88390006A23A003A8821001F
:1071A00006073E00172C00D9041E80D93A880BB878
:1071B00040010E501EC93910172680D8173340D908
:1071C0001720C0D8040400DA3AC8852806FB3D0021
:1071D0004C0080901E8F3E10172180D8069E3E00E6
:1071E0003A8825103A8839008400800006D33F0091
:1071F000440B0007852700DF06403A00440BC0001F
:107200008527C0D8152A80D8172B80DC152900D8EF
:10721000440B000706803A00744101040445388499
:1072200006473F00172DC0D8172F00D91700801828
:107230000401C018152DC0D81500001106DD380056
:10724000172680DD44FFBF00161C80B0172940D9E7
:10725000161A802D153280DD06893E007441010129
:10726000845A3821152B00D906913C003A8805E054
:1072700006793E00172940D9832700DF152DC0DC91
:10728000152A40D9152E40D9152900D8153200D815
:10729000065D3A004C0080903A88390026040010C0
:1072A000040C8000C41D00DCC51D80D806803B0096
:1072B000152E00D8041E00DC064D3A0084FF7F8C9A
:1072C000C4FFBFB5152680DDC52240DC16BF00B067
:1072D000C40A8000052380D84402800016708015FF
:1072E000040C8000040C80B5452380D8852380DD04
:1072F000C42380D8C42200DF1733C0D83AC8391756
:10730000173300D93A88C7E0153A00DF152EC0D8E8
:10731000440080000EB30011172EC0D84400C018DE
:10732000152EC0D83A88051816AC0018153200D8AA
:10733000065D3E00172C00D9041E80D93A880BB890
:1073400040010E501E653910172640DC1720C0D8AA
:10735000171F80D8040400DA06D63E003A882B585E
:10736000152900D806BD3800172980D81E073E1001
:10737000152900DC06053E00172900D94400C0206D
:10738000060F3E0084014001152940D906FF3D004B
:10739000042180D8150380D8042580D8150280D810
:1073A000042680D8150180D8172980D8173640D9EF
:1073B000172C00D9150080D8C400C0013A880D9858
:1073C000153D00DA80CB07501729C0D8173D00DAE9
:1073D0003A8821103A88F91007000081040C8000D7
:1073E000265E80201726C0D83A88F9E0060A3E00BB
:1073F000440BC0003C00E024052AC0D806E93D004B
:107400001732C0D80E7AC00044008000173300D96C
:107410003A880511152E80D8164E0010C419400464
:1074200006213E00172900D9042180D8150380D8F1
:10743000150000D9042580D8173640D9172C00D95B
:10744000150280D8042680D8150180D8C400C00158
:107450003A880D98153D00DA80CB07501729C0D81F
:10746000173D00DA3A882110841180003A88F980AB
:1074700026D9BF8806E83D00172900D90E4DC00067
:107480001E4400204C0080941E4200903A8805184B
:10749000167000181732C0D8152EC0D806023E004C
:1074A000C42200DF152900DC3A8827403A8821E011
:1074B0003A8809B08402400100871050040C801003
:1074C000C4FF3F843A8809B08402400105008080EF
:1074D000C07E10503A882D104402800016F4BF156B
:1074E0003A881198040C80B03A882780C4FF7F99AD
:1074F000C5FFBF98172900DC2E6A002F8423C0D94E
:107500003AC8CF3C442300D93A88CFE106010000B5
:107510000300802805008020440000214400402909
:107520001EFB3F39042380D83AC8C5144423C0D871
:107530003A88851806703F003A880500060F3F001C
:107540001732C0D84400C018152EC0D83A88051884
:107550000EB23F183A88050006B03F00173600D932
:107560003A880D003A880F003A880B98153CC0D82D
:10757000153D00DA40B31150173CC0D8173D00DA72
:1075800026983F10440080003AC8C7101526C0D87E
:1075900006953F00172900D91732C0D84400802033
:1075A0003A888518152E80D80EBF3D103A88050000
:1075B00006BD3D001E2100204C0080941E1F00903F
:1075C00044008000152E80D806B73D00440B800093
:1075D0003AC8AD05052380D8063F3F003A8805002C
:1075E00006523F003A70A490264E3F90064A3F0054
:1075F000840080003AC8C51006843F00172D80D84B
:10760000172D00D9430040AC170080103A882B5842
:10761000152980D804018020172900D9152D80D87C
:107620000E7A3E20CC3F408CC4FFBF001C20408C13
:10763000152980D804E07F8C060738001729C0D8A8
:107640008400C018152EC0D83A8805180E963D182B
:1076500006D63F003A880500068E3F004C00809019
:107660001E813F10172180D83AC80514153380D8E1
:1076700026F37EB4172680DD06113F008527C0D98A
:10768000060439008527C0D906D338008527C0D91C
:1076900006613A008527C0D906F83A003A88050005
:1076A000067E3D00442380D806133F008527C0D9BD
:1076B000062339008527C0D906A93A008527C0D9F5
:1076C000063D3A008527C0D906CA3A0074418100B8
:1076D00004EF91103A880F303A880D283A880B2031
:1076E00017000011C15305500B0380281719C02A39
:1076F0008B03802A1707402A1709002A04E2FEDEBE
:107700000400C100151A01DC4CFFBF103A88212883
:107710003A88CBD8151C81DC151B41DC151DC1DF57
:107720003A8825200D0381D81519C1DA8D0381DA35
:10773000150741DA150901DA1500C1DE1504C1DEAD
:107740001502C1D81505C1D8150601D8C05305507A
:107750003A88231016040010040041D93A88099091
:10776000C05509501E0D00100B0381D80C1080105D
:10777000260300100B038080141080100D038080FE
:107780003A880588171DC1DF171C81DC171B41DCF7
:10779000171A01DC041EC1DE3A2800F8C4FF7F047A
:1077A00006F13F0004FBFFDE1503C0DC150280DCA0
:1077B000150000DC1504C0DF150140DC3A882520E7
:1077C0003A8827283A88213026020020170E802088
:1077D00026420010170680800B030081150280806E
:1077E0000C028020263600101704C08026340018B2
:1077F0000C008820CC3F409C261A00101700808087
:10780000170500813AC8C7100E2000194400C0189F
:10781000170200814400401115004081C4FF3F2140
:10782000150200810500C01417058080261EC010B7
:107830000B0380804C008010260200108402800020
:10784000261980883A8805881704C0DF1703C0DC32
:10785000170280DC170140DC170000DC0405C0DEE5
:107860003A2800F817194081C4FFB7001400082116
:107870003A70842815198080170080800D030081DC
:10788000170500813AC8C71016E03F193A880B80E7
:107890003A880990C05509501E07001017008080D3
:1078A0004400C00006DA3F003A880B803A8809900D
:1078B000C055095026E33F10C4FFBF0006E23F0059
:1078C0003A880B803A880990409607501EFA3F107C
:1078D0000B0300811704C08006C53F008093095048
:1078E00006BC3F007441810004EF91103A880D28D6
:1078F0003A880B2017000011C180075074418100A5
:1079000004FDFFDE04EF9110150140DC3A882320CE
:1079100017000011150000DC1502C0DF3A8821288D
:1079200026020020170E8020263100100B038080D5
:107930000C02C0103A880910260F00181704C080E6
:10794000261500184C0000111E1C00208C00801011
:107950001E2900101705808015028080261C001843
:107960003A8805001702C0DF170140DC170000DC71
:107970000403C0DE3A2800F80C048020262E0010F4
:107980000C0180201E1E00101704C08014028020ED
:107990000D0380801EEB3F180CA0001104804001F5
:1079A00026E87F213A880B803A88098800630A50CC
:1079B0000B0380801704C08006E23F00170580801B
:1079C000150200803AC88500150680801EE43F1825
:1079D0000B03C0803A8805000C20001926E13F20E7
:1079E0001410C0180D03C080C4FFBF0006DD3F00A7
:1079F0008093095006CD3F003A88050006D63F0027
:107A0000170C408126060028041080802603802859
:107A10003A88098800C009500B030081150C0080CA
:107A20001704C080C4F6BF003A7008111501008029
:107A30001500C08006D53F004402800015008088F4
:107A4000141080200D038080C4FFBF0006C53F00D6
:107A500004F7FFDE150280DC170480201704802C59
:107A60001508C0DF1507C0DD150680DD150540DDF2
:107A7000150400DD1503C0DC150140DC150000DC39
:107A800016718014C4FFBF943A88AD943A88ADB59E
:107A90000405402C3A88A98D040540253A882F28F2
:107AA0003A88ADAD170040A13A882120170000B1F7
:107AB00044004029408E10503A882710262C001090
:107AC0003A8813A83A880B883A8809003A880D004A
:107AD0001700002A1700C04904014029CCFFBF400D
:107AE0003A38C5143AD41040CCFFFF383A88051113
:107AF0003AD408103A38D1443A888D19CCFFFF1097
:107B00003AC8C7303AD40E383A8805413AD40D18ED
:107B1000CCFF3F113AC80F393A888D393A940E306C
:107B2000CCFFFF183AD408103AB0CE381500C0493F
:107B30003AD40D300401404A2EE57FA1170080B0F1
:107B40001E0B001004FFBFB02E0880A817FFFFB067
:107B500026030018060500001700C0101E030018B9
:107B600004FFBF10C4FFBF9436FBBFA81504808478
:107B70003A880BB83A880980409A0B5016260010B4
:107B80004400C09C3A8805A83A880B0017000011F1
:107B90001700808904018010CCFFFF203A884B1920
:107BA000CCFFFF303AC8C7283AD40C303AD408206A
:107BB0003AD40B18CCFFFF183AC889213A884921DA
:107BC0003A940C200401408C3AD40B203AB0C630D1
:107BD00015FFFF102EED7FA43A8885943A88851012
:107BE0003A8887A8170080181E0B001004FFBF18E2
:107BF0002E0880A817FFFF182603001806050000AE
:107C00001700C0101E03001804FFBF10C4FFBF946C
:107C100036FBBFA8150480843A8805981708C0DF92
:107C20001707C0DD170680DD170540DD170400DDEE
:107C30001703C0DC170280DC170140DC170000DCF2
:107C40000409C0DE3A2800F83A88050006F33F0030
:107C50001710802004DEFFDE152000DF151BC0DCBE
:107C6000151A80DC151940DC151800DC1521C0DF61
:107C7000151FC0DD151E80DD151D40DD151C00DD46
:107C80001503C0D93A8839203A8823303A88252804
:107C9000172400DC3A8827302608001017118021AD
:107CA0004400C0003A880B103A98861915018011DB
:107CB0001502C01040180B50151000E0162E008859
:107CC000150000802CFC9F8834FCDF00261CC010AF
:107CD0003A880D003A880F003A8809903A880B9844
:107CE00040B311501E2B00101723C0D94400800050
:107CF00015008038172580D8269E01101725C0D87A
:107D0000744181004452B81015008018C4FFBF10A0
:107D10001721C0DF172000DF171FC0DD171E80DD11
:107D2000171D40DD171C00DD171BC0DC171A80DC97
:107D3000171940DC171800DC0422C0DE3A2800F8CE
:107D40001723C0D8C4C38900150080182677019076
:107D5000744181000466B810172500D926EC3F2035
:107D6000C700C0101E780118C400C010172580D9A4
:107D70001500C03006E63F003400E004C4FFFF9C5D
:107D8000440080003A70E68C150080803A88239881
:107D900006CC3F00040280D8150080D80401C0D969
:107DA0003A880B903A880D983A8809E03AD52088AD
:107DB00000D70B50150980D81E650180170280DDA1
:107DC000170100DC040880003A8821B4840CC180CB
:107DD0000ED1C21004108000840401813AC8C7107B
:107DE0003AD808913A98E2883AB04824C0EF125045
:107DF00034847F01440080013A8809103A884B1985
:107E0000C4FF3F84151180D93A880D0034FECF019C
:107E1000404A1250F4DB9801F4F4CF0144D8903179
:107E2000C4E9E1393A8809103A880B18C0D81150D2
:107E300074D8A201F4F1CF01C42CB231048AE23922
:107E40003A880B183A880910009A10503A8809802D
:107E50003A8829103A88231800E21250F427940136
:107E6000F4F4CF01C47E9E31C404D1393A8809109C
:107E70003A880B18C0D811503A880D103A880F185C
:107E80003A8809A03A880B88009A10503A8809105D
:107E90003A880B183A8829103A88231800DA1250C9
:107EA0003A880D003A880F003A8809A03A880B8872
:107EB000150580D880C91150168702101705C0D843
:107EC000840580003675C210FA9004187441C10010
:107ED0000481F8183A88851817000011170140111D
:107EE0003A880D903A880F98C0BB11500E8D8200D1
:107EF000170500D9150E00D8C4FF3F21150500D97C
:107F00003AC82DB4C4FFBFB5166F02B0150800D82B
:107F10001705C0D9166402383A88EDB1150DC0D9DD
:107F2000150A00D8170380D9440280003614811145
:107F3000440180000EE1841104FFBF31150380D994
:107F40003A882300170380D9C40080002667833055
:107F50000E4183111703C0D904018000267C8238AA
:107F6000440180001EC4843844008000150B80D872
:107F70001705C0D8172200D93A880719440080197C
:107F8000150CC0D8150680D90EA48301170680D918
:107F90003A882130151100E0C40580002EC98411F3
:107FA0004400C000040180003A88851004050011D7
:107FB0003A880B184400C0182EFB3F31151140E1E0
:107FC0003A8809E0C00D0B50150780D8151080E0E5
:107FD0008403800036F7001426F600881705C0D900
:107FE0000E9AC301CC038038FA9004103AD12B3892
:107FF0007441C1000481F8183A8885180C04C0A89F
:1080000017004012170100122679031874418100ED
:108010000477B810170880111709C0113A88099021
:108020003A880B98151700DA151640DAC02411505B
:10803000171700DA171640DACC0340ADC40000046D
:108040003A8823103A882918261100A87441C105DE
:108050000477F8BD3A8805483A8807404C0080A963
:108060003A8809107AD02BA83A880B1826040030D9
:10807000170080B91701C0B944000084C0D811505E
:108080000402C0BD1EF53FA83A8813103A881118A3
:108090003A880D483A880F403A8809883A880BA0F8
:1080A000C0241150150F80D81510C0D8170EC0D895
:1080B00026060018170F00D9171040D93A880D006E
:1080C00034FCCF0180C91150160B04103A88098086
:1080D00000E21250170F80D91710C0D93A88091042
:1080E0003A880B18C0D811503A880D003407D001D7
:1080F0003A8809103A880B18009A10503A882110D3
:10810000170680D834307F043A88631C2618031081
:108110001705C0D8170600DB1513C0D8170B00D9F8
:10812000268F0320C4FFBF60FA9004107441C10081
:108130000481F8183A888518170080111701C011BA
:10814000170780D83A88090034F84F01151600DB6C
:108150004400C015C02411503A880D803A880F8819
:108160003A8809103A880B18404A1250171040D923
:10817000170F00D93A882B101512C0D800DA125008
:108180003A8809103A88291000E21250170F00D9D6
:10819000171040D93A880D103A880F18404A1250EB
:1081A0003A8823181707C0D8171240D9040C00A228
:1081B0003A8821100500001A3A880D803A880F8805
:1081C0003A8809A83A882940C0BB1150161D84007E
:1081D0003A880D803A880F883A88090034FC4F01AC
:1081E000404A1250171240D93A880D103A880F1899
:1081F0003A8809A8C0BB1150171600DB160E840080
:10820000440080000E6B0013170700D9150F80DDA6
:108210001510C0DC3A8819231712C0DC3A882D608B
:10822000151280DC3A8825B806090000404A125031
:108230003A880DA83A880F983A8809103A880B189E
:1082400080C9115016E803103A8825B826E983BD85
:108250003A8809A83A880B983A880D003409D00169
:10826000C0D811503A880D003409D0013A880980ED
:108270003A880B883A882B103A882718C0D81150B2
:108280003A880B183A8809103A8821183A8823103E
:1082900000DA12503A8809103A88291000E2125088
:1082A0003A8809883A880B803A880D103A880F1866
:1082B000404A1250040C00A53A880DA83A880F983D
:1082C0003A8809103A880B18050000953A88211061
:1082D0003A88231880C911504400C0BD3A880D80E7
:1082E0003A880F883A88090034FC4F010ECF3F10BE
:1082F0001713C0D81505C0D8170940D93A8809E026
:1083000040180B50170500D9172380D91725C0D95D
:10831000050000B8440080201500803026AA0238ED
:108320001500C03D170780D806793E003404800050
:10833000C4FFBF103A70A2881E853E887441810038
:108340000463B81006843E000402C01006873E0095
:1083500034044001C4FF7F293A704A993A88099051
:1083600044003F8434FC4F29170280DD151100D8EA
:1083700006A53E00744181000452B81006643E0018
:10838000151100E03A880B003A8809E0C00D0B5047
:10839000C4FFBF014400C001150780D8150C80D967
:1083A000151080E0150300D8150BC0D9150680D92B
:1083B000152200D8170180D816890010170500D99A
:1083C0008403C00016860019FA9004207441C1008D
:1083D000172280D90481F8183A88851817000014EC
:1083E00017014014166301303A880D803A880F88CF
:1083F0003A8809903A880B98C02411503A880B1893
:108400003A88091000DA12503A8809103A882B107D
:1084100000E212503A880D803A880F883A88091095
:108420003A880B18C0D811503A880D103A880F18A6
:108430003A8809903A880B98404A12501707C0D9D9
:108440003A880910040C80A8050080384400C03D1B
:108450001706C0D9440080013A880B183A880520D5
:10846000263880393A880D003409D001C0D811501F
:108470003A880D003A880F003A8809103A880B189C
:108480003A8825103A88271840B31150269A3F1091
:108490001706C0D91707C0D83A8829B8C4FFBF3813
:1084A0003A88AD18060A0000C0D811503A880D006D
:1084B0003A880F003A8809103A880B183A88251034
:1084C0003A8827183A8829B840B31150268A3F10B5
:1084D0003A880D803A880F883A8809903A880B9834
:1084E000C02411503A880B183A88091000DA12504B
:1084F0003A8809103A882B1000E212503A880D8011
:108500003A880F883A8809103A880B18C0D8115059
:108510003A880D103A880F183A8809903A880B98D3
:10852000404A1250040C00AA050000A23A880D002F
:108530003409D0013A8809103A880B184400C0A5C4
:108540001ED93FB53A880D103A880F183A8809109D
:108550003A880B18009A10503A880D103A880F1874
:108560003A8809803A880B883A8827103A88251873
:1085700080C91150160800103A880D983A880F905B
:108580003A8809803A880B8840B311501E5A3F1030
:108590004C0040AD26583FA8C3FF3FBDC4FFBFB845
:1085A0003A880710440E4001170780D906050000DD
:1085B000C4FFFF18264782110300001D3A882F10C0
:1085C000C4FFBF10CC3F00A11C20002104E03F21CC
:1085D00026F77F21440000A20500001206463F0056
:1085E000170B00D926C80020170380D94400C0000B
:1085F0000EF98019170680D8170AC0D8C4FF7F1556
:1086000016F3411D3AC86B1D1706C0D916AA0238C9
:10861000170800DD170680D81708C0D844004001AD
:108620003A8809E03A8887181508C0D83A88ADB06A
:10863000804E0B503A882310260800A00E078005B4
:108640003A8805A016B900B5170800D93AC8A9A0FC
:108650003AC8ADB03AC88920150800D9170A80D9A0
:108660000E818101170BC0D926B3003826B200A8AD
:108670003A880B883A880DA83A8809E0C0710B50F7
:10868000170980D93A880B103A8809E03A882310F4
:1086900040520B503A882110170A80D8170940D948
:1086A0003A8809E03AC84515150A80D840180B5099
:1086B000170AC0D81E9F00184400C0053A8809E078
:1086C0003A880BB8804E0B50170D00D93A882B1002
:1086D00026CE00203A880D203A880B103A8809E00F
:1086E000C0710B50170380D93A882B100E8181B9C5
:1086F0003A882700170480A80408C00504018010E8
:108700003A8885103A8885103A8885A817000011A4
:10871000003D0B503AC885B83A888515CC078010C3
:1087200026B300100408C0003AC8871804010001ED
:108730000ECDC2200407C0003AC885181708C0D85B
:108740003A88A9A03A88ADB03A8887181508C0D8E9
:10875000170880D90E0480013A880B803A8809E016
:10876000C0850B503A8821100E0580053A880BA869
:108770003A880DB03A8809E0C0850B503A882B1032
:10878000170EC0D91E210138170680D90E38810175
:10879000170BC0D81EAB0018170780DC1706C0DC0B
:1087A0003A88299006020000C01A0B503A8821101E
:1087B0003A880BA83A88098080AB0750040C8010D7
:1087C00005008090440080943AC807953A880F00CD
:1087D000840280013A880B803A8809E016F2FF1C77
:1087E0003A881110170680D80E378200170700D973
:1087F0003A8825003A88AF20440080013A880B80EF
:108800003A8809E0151700DAC0850B503A880BA8A2
:108810003A880910150980D8409A0B50171700DACA
:108820000E808100C3FF3FB9C4FFBFB83A8807106C
:10883000440E80011707C0D906050000C4FFFF18C9
:108840002623C111030000193A882F10C4FFBF105E
:10885000CC3F40211C20402904E07F2926F7BF2976
:1088600044000021050000113A880BA83A8809E06D
:1088700040180B5026A03E88260400902603409402
:108880003A880B903A8809E040180B503A880B88D8
:108890003A8809E040180B5006973E0044008001DA
:1088A000150E80D906963D00170880D81705C0D848
:1088B000150D00D83AC8C5103AC8C900150880D8A7
:1088C000150A00D906973D003AC8AD05150880DDA8
:1088D0003A882D00068E3D00170500D900E212509F
:1088E0003A880D103A880F183A8809A03A880B8800
:1088F00040B3115026713D101705C0D9C4FFFF3990
:108900001505C0D9066D3D00170A40DD170800DDCA
:108910003A88230006483F003AC8E3103A98489442
:1089200006323D00150E00D806753D003A8805B0A8
:1089300006453F00150900DC170A80D9170940D900
:108940003A8809E0C0710B503A882110065A3F005E
:108950004400C001150BC0D9172280D80E28810011
:108960003A880D103A882110150C80D8150680D849
:1089700006883D00170680D8169BBE001E0F01100A
:108980003A880B883A880D003405D0013A8809806E
:10899000C0D811503A880D903A880F983A8809103B
:1089A0003A880B18C0BB11503A882B003A88230034
:1089B00016BF0010172280D91707C0DD3A308C018E
:1089C000150580D93A880BA83A8809E040180B5061
:1089D00026493E8806AD3F001711C0D926BC013894
:1089E000C40C8110170A40DD170800DD060A3F009D
:1089F00004078000170800D93A88A9A03A88ADB0CA
:108A00003A888920150800D906513F001703C0D8BD
:108A10000EFCC1B83A8827003A8805B8063E3F00E8
:108A20003A880B883A8809E03A880F00840280016E
:108A3000C01A0B50170C00D93A8823100E040201FB
:108A4000150600D90E0500053A880B883A880DA056
:108A50003A8809E0C0850B503A8823101E240198FB
:108A60003A882988170600D91707C0DC4C00809483
:108A7000C4FFBF203A888598150480D8150680DC8D
:108A80003A880BA83A88098080AB07503A880B884F
:108A90003A8809803A882F10409A0B503A880BA8E0
:108AA0003A880DA03A8809E03A882D1040A00B5072
:108AB0003A88071017038010040C80BC3A880B1802
:108AC0001E4E00103A8809801516C0D8409A0B50E7
:108AD0001716C0D83A8809E0151680D83A880B18BE
:108AE00040180B50171680D81E040010170380D9A9
:108AF0001E0200301706C0D826370018162000B016
:108B00001E0400B0170300D91E0200201706C0D8AB
:108B1000261B0018160781001704C0D84400809D4A
:108B20000500809C3A882FB02606C1983A880B80B1
:108B30003A880F00840280013A8809E0C01A0B507D
:108B40003A8821103A880F00840280013A880B8805
:108B50003A8809E02625008DC01A0B503A880BA0F0
:108B60003A880F00840280013A8809E03A8823108D
:108B7000C01A0B503A8829103A8827B006C03F0027
:108B80003A8811900E0E80003A880B8044008001D4
:108B90003A8809E0151700DAC0850B503A880BA80F
:108BA0003A8809103A882110409A0B50171700DABA
:108BB0000E968100440E800026708140440C00BA5D
:108BC0003A8825884400C09D0500009A3A8823A071
:108BD000150900DC06243F00440E80003A881190FD
:108BE0002666819016F5BF0506F53F00C01A0B50AA
:108BF0003A8823103A88291006DF3F003A8809E0B6
:108C000040180B504400800006BC3F003A880BA877
:108C10003A880980409A0B500EDB3E103A880B8050
:108C20003A880F00840280013A8809E0C01A0B508C
:108C30003A882110170580D8170BC0D8C4FFBF1081
:108C4000150580D81E763F18170C00D90E73010148
:108C5000150600D906D03E00840080001E868130B3
:108C6000150B00D8063C3F00170900DC06923E00B9
:108C70001703C0D9840080000EC5FE11170600D965
:108C80001E3C01203A880BA83A880F00440180015D
:108C90003A8809E0C01A0B503A880B103A880980CC
:108CA0003A882B10409A0B50150900DC0E41BF008A
:108CB0001707C0D9440C800005008038170580D8FC
:108CC0004400C03D44008010150580D8063D3F009B
:108CD000170580D91707C0D9440C800044008031A3
:108CE000150580D90500803806DF3E00150B00D839
:108CF000069F3C001E7E3E9034048000C4FFBF10DF
:108D00003A7084981EEA00102CFCDF9C26E800983C
:108D10001708C0D9440080B54400C0044400C039DD
:108D20001508C0D9170D80D81E723E10440080006F
:108D300006793E003A88098000E21250170F80D968
:108D40001710C0D93A8809103A880B18C0D81150AA
:108D50003A880D003407D0013A8809103A880B1878
:108D6000009A105034307F043A8821103A88631CEE
:108D7000170F00D9171040D93A880D003405D001DB
:108D8000404A12503A880D803A880F883A88091074
:108D90003A880B183A882B103A882918C0BB115012
:108DA000166C80003C00E0893A880D803A8809A85A
:108DB0003A880BA080C911500E7E3D103A882B00D6
:108DC0003A88230006FB3E00170780D806D03B00F8
:108DD000170A00D9170D80D9150A40DD3AC805A930
:108DE0003A888D30150D80D93A882B0006063E0052
:108DF0003A8823903A8829988400000406923C001F
:108E000044000004150C00DC150600DC152200DC13
:108E1000151100E03A880B0006693C003A882130C1
:108E200006FB3F001E0200104C0000421E7D3E402B
:108E3000040C0001060100003A882F10C4FFBFB8DF
:108E40000700C01026FC3F1906873E00170580D892
:108E50003AC8A30026A40088CC038088FA900410A6
:108E60007441C1000481F8183A88851817008011F0
:108E70001701C0113A8809903A880B983AD1238893
:108E8000C0D81150150F80D81510C0D826E800881A
:108E900074410105047738A5840000044C008089E2
:108EA0003A8809107AD023883A880B1826040030B3
:108EB000170080A11701C0A144000084C0D8115040
:108EC000040200A51EF53F88150F80D81510C0D8E4
:108ED00006763C00040CC0000500C0101705C0D881
:108EE000C3FF3FBD4400C0181505C0D806B93D00FA
:108EF000170140893A8809E0C00D0B50170480899A
:108F00000403408904030011840080313A888D31C4
:108F10003A888D313A88271040270250440080015A
:108F20003A880B983A8809E0C0850B503A88291096
:108F300006CC3E00440E80002690809044000092B3
:108F4000061F3F003A8811903A8825883A8823A066
:108F500006293E003A882B003A88230006543F0039
:108F6000C4FFBF61FA9004307441C1000481F81855
:108F70003A8885181700001117014011170780D88B
:108F80003A880F88151280D93A880D80151600DBB3
:108F90004400C015C0D81150171040D9170F00D980
:108FA0001515C0D8151480D800DA12503A88091067
:108FB0003A88211000E21250170F00D9171040D93B
:108FC0003A880D103A880F18404A12503A882918EA
:108FD0001707C0D8040C00843A8823100500001C31
:108FE000171600DB44008000262280601707C0D9D6
:108FF0003A8805883A882BB83A88193B3A88236022
:109000003A8807A0150F80DC3A880D003409D0019A
:109010003A8809103A880B18C0D811503A880B18B2
:109020003A8809103A8829183A88251000DA12502F
:109030003A8809103A88211000E212503A880D103F
:109040003A880F183A8809903A880BA0040C0084DB
:10905000404A1250440040ADC5FF3FAC1EEA7FAC11
:109060003A882310171280D8170F80DC3A88291805
:109070003A88AFB8171400D9171540D93A880D00AF
:1090800034F8CF01009A10503A880D883A880FA022
:109090003A8809103A880B1880C911500E3E00100A
:1090A000171300D9C3FF3FBD150500D9063B3D008E
:1090B0003A882700061B3F00170880D83AC8E911F4
:1090C0003A88050006543D004400800006C73D0074
:1090D0001702C0D8840D8000170A40DD3AC8C510B9
:1090E000170800DD064C3D00150F80DC1510C0DCB4
:1090F0008400000406ED3B00170600D9260D3F2032
:10910000170C80D90EABBC01171040D9170F00D92E
:109110003A880D003409D001C0D8115044000081B4
:10912000150F80D81510C0D800E21250170F80D943
:109130001710C0D93A8809103A880B18C0D81150B6
:109140003407D0013A880D003A8809103A880B1884
:10915000009A10501705C0D934307F043A88211086
:10916000C4FFFF391513C0D93A88631C170C00DB04
:1091700006EA3B00150900DC060E3E00440E000125
:109180003A8825884400C09D050000993A8823A0AC
:10919000150900DC06A43D00171480D91715C0D9A5
:1091A0003A88090034F84F01404A12503A880D8835
:1091B0003A880FA03A8809103A880B18C0BB1150A2
:1091C0000E7CBC00040C0001060100003A882F1040
:1091D000C4FFBFB80700C01026FC3F19171380D981
:1091E000150580D906443C00171380D9150580D990
:1091F00006EA3C00170F80DD1710C0DC171280DC78
:10920000066C3C001E033E9006BB3E001E6C3E10EA
:109210004C008040266A3E1006663E001703C0D808
:10922000840080001629C010170C00D906883E0063
:1092300084000004069D3B00171300D9150500D9D2
:1092400006D63C00171380D8150580D8062A3C00A6
:10925000170380D98400800016158011170CC0D91F
:109260001506C0D906F73D0026393D19040FC00088
:109270003AC8851806DF3D003A8809E0151100E07C
:109280003A880B00C00D0B50150780D81707C0D8BF
:10929000C4FFBF0044000001150C80D81510C0E0C9
:1092A000150B00D9150680D8152200D806413C00C0
:1092B000170CC0D81506C0D806703E004400400404
:1092C00006203B003A880B00063D3B00170C80D877
:1092D000150680D806693E000B03802804FBFFDEDC
:1092E0001503C0DC150140DC1504C0DF150280DC6D
:1092F000150000DC0C02C0103A8823283A88272089
:109300001E3100181701C028140082100D03802898
:109310000E4BC000170A008A262300401700009C4D
:109320000C00C410150000982648001817148089F6
:109330000C01C010260600181701C088170C808881
:109340003AC8CD3026020010170F80883AC88D30F9
:10935000170740893A880F003A8809983AE83E4052
:10936000C4FFFF002644C0100B03C0881704008907
:1093700015010088CCFF7D190D0340891500008977
:109380000C00C4181E2C0018170C40891500009CF6
:109390002605002804108088260280283A8809982B
:1093A00000C00950150C00883A8805001704C0DF7A
:1093B0001703C0DC170280DC170140DC170000DC5B
:1093C0000405C0DE3A2800F81704802C26F63F90EA
:1093D0001700002CCC0080101500802C3AC8A18406
:1093E0001E1300101705802815028088160300043C
:1093F00006ED3F003A88A5900EEB3F0417098088E0
:10940000170740893A880F803A880D903A88099862
:109410003AE83E103AC8A18016F6BF000B03C08898
:10942000C4FFBF001410C0180D03C08806DF3F0042
:109430003A88050006EC3F001514808806D23F00EC
:10944000170FC02816B3FF0006D73F001707408943
:109450003A880D004400C0013A8809983AE83E4035
:109460003A880D10C4FFBF00261480300B0380889B
:10947000170A008A06AE3F001700C09826BA3F18A8
:10948000440700012606001984050001260400197E
:109490000B03C0881410C0180D03C08806C33F001A
:1094A0000B0380881704C08815010088CCFFBD100D
:1094B0000D0380881500C08806B33F001700809810
:1094C00026EA3F104407C0002602C0108405C000F1
:1094D0001E03C0101500009C3A88050006B33F002B
:1094E0000B03C0883A8805301410C0180D03C088DB
:1094F00006AE3F0004FDFFDE150100DC1502C0DFF3
:109500003A88212026020020170E8020260C001009
:109510000F0380281E0500103A8805001702C0DFDF
:10952000170100DC0403C0DE3A2800F83A880980FD
:109530001702C0DF170100DC0403C0DE013409504C
:10954000150040D980930950170040D906F03F001C
:10955000260500207441810004EF91103A880B2009
:1095600017000011C15509507441810004EE91109B
:1095700017000011744041010457652901490A5040
:109580003A8805003A2800F87440410104B67D2964
:1095900001490A5004F7FFDE7440C1001508C0DF1E
:1095A0001507C0DD150680DD150540DD150400DD5D
:1095B0001503C0DC150280DC150140DC150000DC61
:1095C000047CE51817010024150FC02004BB80207F
:1095D000C400C00015B9C02015BA802015B80020FD
:1095E0000402C005040180003A8825203A880DB89D
:1095F000041700813A880B001500008015010080D7
:10960000150200800D038080151900808D030080F5
:109610001504008015050080150600808051025059
:10962000744081051702409474404105744001055F
:109630007440C104043DB2B5045472AD047332A544
:10964000048AF29C1508808515094085150A008555
:10965000150BC08415070084840280000D038088E8
:10966000440080003A880DB8041700893A880B003E
:10967000150000881501008815020088151900885A
:109680008D0380881504008815050088150600885C
:109690008051025017030094840480001507408C09
:1096A0001508808D1509408D150A008D150BC08C8D
:1096B0000D0380808400800015000080150100806B
:1096C00015020080151900808D038080150400802C
:1096D00015050080150600803A880DB83A880B0001
:1096E0000417008180510250440080001507008457
:1096F0001508808515094085150A0085150BC0845D
:10970000150E80901708C0DF1707C0DD170680DD33
:10971000170540DD170400DD1703C0DC170280DCED
:10972000170140DC170000DC0409C0DE3A2800F80D
:109730003A8805003A2800F804FCFFDE150140DCF9
:10974000C4FF7F2C241A408C150280DC3A8825281F
:10975000041D4089150000DC1503C0DFC07E0A50DF
:109760003A8821102607001004030011150000108C
:109770001501801415020011041A80893A880B0023
:10978000805102503A8805801703C0DF170280DC41
:10979000170140DC170000DC0404C0DE3A2800F8A2
:1097A00004FBFFDE150000DC7441010404EE1184AB
:1097B0001503C0DC3A882720170000811504C0DF9C
:1097C000150280DC170E8020150140DC1E020010FF
:1097D000C05F09501700008104B88024C4FF7F04D3
:1097E0001701009117020094C4FF3F21160A0020C0
:1097F0000F038080260C0010041DC08006020000AC
:109800000FE6BF1826080010C4FF3F2104FD3F1CCF
:10981000041AC0181EFA7F2417008090261D00101D
:109820003A88251006EE3F00C4FFBF008D038080FC
:10983000440080000D038080151900801500008011
:1098400015020080150100801504008015050080B8
:1098500015060080040280013A880B00041700817D
:10986000805102503A880580150C0080150D00804B
:1098700015110080151200801704C0DF1703C0DC2B
:10988000170280DC170140DC170000DC0405C0DE95
:109890003A2800F8040140013A880998007A0950F2
:1098A000150080901EDE3F10040380001500809894
:1098B0003A88050006F03F007441810004EE9110E3
:1098C000170000117440410104B67D2901490A5076
:1098D000170E8020260100103A2800F8C15F0950B9
:1098E0003A2800F83A2800F83A2800F83A2800F810
:1098F0007441810004EF9110170000117440410180
:1099000004E66529C13C0A507441810004EF9110BE
:109910001700001174404101047A6529C13C0A50C6
:1099200004FCFFDE150200DC1503C0DF3A882120AD
:1099300026070020170E80201E050010150040D9B4
:10994000150180D980930950170180D9170040D99B
:109950003A8809801703C0DF170200DC0404C0DE68
:10996000017402507441810004FCFFDE04EF911089
:10997000150100DC17000014150240DC1503C0DFE0
:109980003A88232026060080170E80801E040010CF
:109990003A880980150040D980930950170040D9B2
:1099A0003A880D283A8809803A880B881703C0DF67
:1099B000170240DC170100DC0404C0DE0174025011
:1099C00004F8FFDE150640DC3A8823203A8809288F
:1099D000150500DC1507C0DF3A882130150340D992
:1099E000402C0350150280D8150480D8040380D879
:1099F000150080D844008000150180D82602008818
:109A0000170E8088261200100B0380800C00C810EF
:109A10001E06001817190081C4FFF70014008810F3
:109A20003A70C6200D0380801519C0803A880DD881
:109A30003A880B803A88098800F109501707C0DF7F
:109A4000170640DC170500DC0408C0DE3A2800F8E1
:109A50003A8809888093095006EB3F0074418100E1
:109A600004EF91103A880D283A880B201700001156
:109A700081A2095004FBFFDE1503C0DC7441C10460
:109A8000150280DC150140DC150000DC1504C0DF88
:109A90003A882128045FCB9C3A88252040571350F0
:109AA000170280981701401404FFBF003A70A28883
:109AB0003AC8218CC4FB03843AD32080C4FF8300BE
:109AC000C4FF3F843A9320800E0600143A880B00AE
:109AD0003A880990008A0C501702C0983A88471CAF
:109AE000260AC0103A880990406913503A88050048
:109AF0001704C0DF1703C0DC170280DC170140DC4D
:109B0000170000DC0405C0DE3A2800F83AC80B0450
:109B10003A880990008A0C50C4FFFF00260DC0103F
:109B20007441C1000447D418170080181702009927
:109B30003AC8238C5400408C3AC8211415014024A3
:109B40003A8809901500001C4069135044008000B9
:109B500006E73F003A880B003A880990008A0C50CB
:109B600017020099C40340013AC807110EDDFF280F
:109B70007441410104F15129170040295400C018D3
:109B80001501C0207441C1003AC845110447D418DA
:109B90001500801806D33F002641002804FDFFDE93
:109BA000150140DC150000DC3A8823203A88212882
:109BB0001502C0DF4057135017FFFF8184FFBF001D
:109BC0007441010104FEBF813A708438045F0B21A7
:109BD0003A888B301701402A1702002204FFFF0049
:109BE0003A70C6482657002A1501C0284C00C039D3
:109BF0001E09003817FE3F82040240223AC80D3287
:109C00001702C0313A8805122665403A1703003220
:109C10001503003A1502C0413A88CF281701C03910
:109C20004C00C039263A00385400C0101501C0302D
:109C30003A88873015008018C47FC0003619801814
:109C4000FAD004104400C001170140214400C010A4
:109C50003A88C718BAD005103A88C7183A88C71882
:109C60003A8807193A9884381700C01904FE3F1A39
:109C70003AB04411150300321502C031150180209D
:109C800015008019150380393A8809881702C0DF4A
:109C9000170140DC170000DC0403C0DE41691350EB
:109CA0003A2800F87AD20A100401C000364A401956
:109CB000BAD10A10440EC0283A88C718040E4029A9
:109CC0003A88C7183A88C7183A8809191700C02077
:109CD0007441C10104FE3F21045FCB392644C020FA
:109CE00004FFFF01170140193A70CA292E024011E2
:109CF0001702C0181EFBFF201703001915030031BF
:109D00001502C030150280211503801906DE3F00C0
:109D10001702C0293A88C5107441C1000461CB18EC
:109D2000263BC0381703002A540040113A88873078
:109D30001503003A1502C041150140311500801885
:109D400006BD3F004C00C0393A88C5101E070038D8
:109D500017FEFF813AC8CD311703C03017024031DA
:109D60003A88C5111503C028150240195400C010C7
:109D70001501C0307441C10004F2D1181700C01899
:109D80001502802136C0FF1074418100044F9210EB
:109D9000170040113A880988C0AD095006BA3F0043
:109DA0003A88C928170100214C0000211E390020E3
:109DB0001702C029170300293A8885185400C010DB
:109DC000150300391502C0211501C0303A888D30C5
:109DD0001500803006AC3F000405C0003615401960
:109DE0000417C0283A88C718C416402906B43F0093
:109DF000BAD00B284400C000170180383A984A199D
:109E00003A8807203AB084281501803806BB3F0005
:109E100015058021150480215400C0101503C031A0
:109E20001502C0311501C0303A888D3015008030E0
:109E300006953F000415C000360540193AD30A10B4
:109E4000C41BC0283A88C718841B4029069C3F00C1
:109E50000455C00036054019FAD30A10041EC02864
:109E60003A88C718C41D402906953F000455C10013
:109E700036054019BAD40A10441FC0283A88C718BA
:109E8000041F4029068E3F00843FC000841F40010C
:109E9000068B3F005400C0101501C0303A888D3049
:109EA0001500803006783F001702803026670010CA
:109EB0000B03C02804F4FFDE150740DD150600DDA6
:109EC000150200DC150BC0DF150A00DF1509C0DD27
:109ED000150880DD1505C0DC150480DC150340DCA9
:109EE0000C0280183A8821283A882B203A88293099
:109EF0002627001017048028262500108C008018C3
:109F0000170040A4262A00103400A0053A88270034
:109F10003A8825000400BFB53A880D983A8809A808
:109F2000264600903A880F902E0280B43400E0015B
:109F30000400FF3917098080170740813AE83E1076
:109F40000E5780001702C0A03A88A7983AC8A5907B
:109F50003AC88518150280A01EEF3F103A88050008
:109F6000170BC0DF170A00DF1709C0DD170880DDF7
:109F7000170740DD170600DD1705C0DC170480DC7D
:109F8000170340DC170200DC040CC0DE3A2800F89E
:109F90003A880B803A8809A8409607501EEB0010BB
:109FA0000B03C080170040A48C0080181ED63F1001
:109FB0004C0080181E3F00103A8839003A8825006E
:109FC000261A00900C8080181702C08426210010E9
:109FD0003A882F983693C0940C2081181E9E00104A
:109FE000170000813A880DB83A880BE0C03B025058
:109FF0001702C080170000813A8805903AC8E71C14
:10A000003A88CF251502C0841500C0811702C0A070
:10A010003A88B9E03AC8A5903AC8A7181502C0A472
:10A0200026CE3F980B03C0801EE63F901700008F9E
:10A030001701808C0402408C06E13F001700C08CA1
:10A040001701808C0402408C06B33F003A8805005B
:10A050003A2800F817000081170480803657001155
:10A060001705C0853655C0953400A000C4FFBF1049
:10A070003A8809902E0180143A8809103A880BB862
:10A08000C07E10503A38CF151707408117098080DD
:10A090003A880DE03A8809A83AE83E1016DBBF007E
:10A0A0000B038080141080100D038080C4FFBF005C
:10A0B00006AB3F003A8827003A8811003A883900F9
:10A0C0003A882500261F0090265A00403A882D988D
:10A0D0002E01C0943A882D901700008117048080CB
:10A0E0003A882FB01705C0812E0300111702C080D7
:10A0F0003A88C7381618801D163EC0B117098080EF
:10A10000170740813A880DE0150100DA3A8809A85E
:10A110003AE83E103A882F10170100DA0EE0BF002F
:10A120003AC8E79D261F0098170280A03A88F9E5F3
:10A130003AC8E5953AC8EF151502C0A526873FB87D
:10A140001EE13F901700008F1701808C3A881100A4
:10A150000402408C06DB3F003A880D183A880BE079
:10A16000150100DA1500C0D8C03B02501700C0D856
:10A17000170080803A880B803A8809A83A88C51071
:10A18000150080801500C0D8C05509501700C0D8F0
:10A19000170100DA1EC23F103A882F183AC8E79D0F
:10A1A0001EE13F983A880B803A8809A8C0550950AB
:10A1B0001EBB3F103A88110006DB3F002E01C09401
:10A1C0003A8827903A880D983A880BE0C03B0250B5
:10A1D000170280801700C0803AC8C5143A88C71C8F
:10A1E000150280801500C080264300103A8805982B
:10A1F00006863F003A880DB03A880BE0150100DA78
:10A20000C03B0250170280801700C080170100DA9F
:10A210003AC885153A88AD1D1502808015008085E5
:10A2200006BF3F00170000813A8827903A882F9098
:10A23000066C3F003A880D90840240013A8809E09C
:10A2400080FF0A50263E0010440080103AC82717AD
:10A2500044000002069D3F001705808017044081DE
:10A260001700C0813A88A7103A888598FAD7261037
:10A270003AC86D39440000B13A8885987AD02710E1
:10A280003A8885243A880D982E0280983A882710BB
:10A290003A880D100C00C118261C00183A880B30A3
:10A2A0003A8809A8C07E0A503A882F102629001043
:10A2B000170440813A880DB03A88091040270250AF
:10A2C0000B038080C4DFFE003A70C410142080109D
:10A2D0000D0380803A8889BD3AC88F9D1504C085DA
:10A2E0001505C084150000813A8827901502C081A9
:10A2F0003A882F90063B3F003A880B803A8809A89D
:10A30000C055095026B93F1006653F003A8809A894
:10A31000800D0C503A882F101EEE3F10170440811C
:10A320003A8809A800C009500B038080C4DFFF00F1
:10A330003A7084180403C0001500C0A806593F00F5
:10A340004400C0944400000206603F00C4FFBF0008
:10A3500006033F0004038000150080A80B038080E3
:10A3600006503F0004F7FFDE150400DD1508C0DFCE
:10A370001507C0DD150680DD150540DD1503C0DCC1
:10A38000150280DC150140DC150000DC04B8002556
:10A39000262300A03A882B283A882F004400800505
:10A3A000C4FFFF04170140A4170280A4C4FF7F8CE0
:10A3B000160D008804030094840380940B008080B1
:10A3C000C4FF7F8C04FD3F812E0480B00F0080907D
:10A3D0002602C0143AE83EA83AB0AEB8041A008487
:10A3E000041A80941EF5FF8C170000A51EED3FA0F7
:10A3F0003A8805B81708C0DF1707C0DD170680DDEB
:10A40000170540DD170400DD1703C0DC170280DCF0
:10A41000170140DC170000DC0409C0DE3A2800F810
:10A420003A882F0006F23F0004F7FFDE150400DD36
:10A430001508C0DF1507C0DD150680DD150540DDF8
:10A440001503C0DC150280DC150140DC150000DCC2
:10A4500004B80025262300A03A882B283A88272014
:10A460003A882F0044008005C4FFBF04170140A4B0
:10A47000170200A4C4FF7F8C160C0088040300841C
:10A480000B008080C4FF7F8C04FD7F812E0580B08F
:10A490008F0080803A880998260280143AE83EA806
:10A4A0003AB0AEB8041A00841EF5BF8C170000A5A0
:10A4B0001EEE3FA03A8805B81708C0DF1707C0DDB9
:10A4C000170680DD170540DD170400DD1703C0DC2B
:10A4D000170280DC170140DC170000DC0409C0DE35
:10A4E0003A2800F83A882F0006F23F00261B003079
:10A4F0007441410104FEFFDE046778293A8809307F
:10A50000150000DC1501C0DF3A88213000A30C5093
:10A510001E06001074418100047FB6101701C0DFD1
:10A52000170000DC0402C0DE3A2800F87441410143
:10A53000047F76293A88098000A30C5026F53F1045
:10A5400074414101044A78293A88098000A30C50DB
:10A5500026F03F103A88050006F03F007441810064
:10A56000047FB6103A2800F87441810004498B102A
:10A570003A2800F87441810004F09110170080100F
:10A580003A2800F87441810004418B103A2800F801
:10A590003A8805003A2800F87441810004518B1074
:10A5A0003A2800F87441810004EF91103A880D2890
:10A5B0003A880B201700001141550A507441810060
:10A5C00004518B103A2800F80B0380288C00C0102F
:10A5D0001E41001804ECFFDE150F00DC3A8821282C
:10A5E0008F034029151040DC1513C0DF1512C0DCA5
:10A5F000151180DC3A882320161C00283A880DD8D3
:10A60000409E0F5016180010170180D81400E0006B
:10A610000C00BC102000C8142637C0100B03C080EB
:10A620001400C2180D03C0800400C8001E52C010E0
:10A630008F0340813A88098800A40F50264C0010EF
:10A640000B038080C410C0801500C08054008010AF
:10A650000D038080440080001504C08015058080B3
:10A6600004008104060700000B0380800C20C0104A
:10A670001E1F001804008104140082100D03808046
:10A680003A8827003A880B903A880988C07E0A5099
:10A69000262C00100B03C08074400101047C25218E
:10A6A000150F00891420C0180D03C080150080808C
:10A6B00015048080150580841E1A00981713C0DFCA
:10A6C0001712C0DC171180DC171040DC170F00DCFC
:10A6D0000414C0DE3A2800F8C41080281500802831
:10A6E0001504802844008000150580283A2800F8C9
:10A6F0000410800406E03F00170A00817440C10086
:10A700000473F2181EC5FF200B038080040081042F
:10A71000151380843AB084140D0380803A88270092
:10A7200006D83F008F0340813A88098800A40F5063
:10A7300026E23F100B038080540080100D038080C0
:10A7400006DE3F000B0380800C80C0101EDB3F182C
:10A7500094008010C410C0800D03808044008000ED
:10A760001500C0801504C0801505808006D33F0009
:10A770000400810406C33F003A88270004008104D6
:10A7800006C03F0004F5FFDE150380DC150AC0DFBC
:10A79000150900DF1508C0DD150780DD150640DD51
:10A7A000150500DD1504C0DC150240DC150100DCD8
:10A7B000C40280288405C0003A8825202E7F801896
:10A7C00004FE7F043A70621416A3008836A2408902
:10A7D00040571350C47D80002EE941147AD204887A
:10A7E00026A100100401C000361E8118BAD10488C9
:10A7F000440E0012040EC0113A8809427441C1048B
:10A800003A880921045FCB9C3A8809213A88099942
:10A810001701002404FE3F212697002417018080A1
:10A8200004FFBF01C40340013A7084113AC84714C1
:10A830001607C0280E92001817030084268E0024E5
:10A84000170180803A7084113AC847140EF9FF2826
:10A850003A880938744181011704009C045F8B31E8
:10A8600004020032263401821701C08004FFBF00B9
:10A870003A708E183AC8453CC403C000161F8118B0
:10A8800015050032150400320E7F0010C47F8000D1
:10A8900036FDC011FAD006384400C00117018030DF
:10A8A000440040193A884B29BAD007183A884B29F6
:10A8B0003A884B293A888B293A98C6381700C0291C
:10A8C00004FE7F2A3AB08618150340821502C08123
:10A8D0001501C0301500002C1503003CBAD005202E
:10A8E000440040013A988A28366F40193A70C428CB
:10A8F0001E0A001004FFBF003A884B293A708820D6
:10A900003A70C428040100211E0400103A884B2923
:10A910003A70C4280401002126FC3F1004FFBF0246
:10A92000C4034002440080213A888D313A888D3139
:10A930003A888D313A888D9904FE3F333A88172042
:10A94000040180311700003404FDFF311E04C08172
:10A9500006FB00000E0301181703008426F8C081CF
:10A96000170180803A7084123AC847140EF9FF48E4
:10A97000170380801702008154004089150140812F
:10A9800015038020150200113A8863841505409C48
:10A990001504409C54008018150180881503008A16
:10A9A0001502008A3A88E3881500C0883A88099021
:10A9B0004069135004028080061B00000404400418
:10A9C00036254089405713508401800084000001DF
:10A9D0007441C1043A888510045FCB9C3A88851085
:10A9E0003A8885981701001404FEFF1026D9C0800C
:10A9F0001701C0801703008104FFBF003A7084185C
:10AA0000170240813A8885801701C010150300297C
:10AA1000150240215400C0181501C0103A88099051
:10AA20004069135004028080170AC0DF170900DF55
:10AA30001708C0DD170780DD170640DD170500DDAC
:10AA40001704C0DC170380DC170240DC170100DCB0
:10AA5000040BC0DE3A2800F8040380001500809043
:10AA60003A88050006F03F000420000104100002AF
:10AA7000C40FC00106613F003A88094006753F00D7
:10AA80001703008106DE3F003A88C5811701401197
:10AA90003A8809905400402915014011406913502B
:10AAA0000402808006E03F001702009C04FFBF0004
:10AAB000170180853A70ACB0360340B43AC845B44B
:10AAC000C403C000165D80187441C1057441810043
:10AAD000044F921004F1D1BD170040151700C0B803
:10AAE000C4FFBF003A888D853A886B8D26EA8018AE
:10AAF000C40344AD0400BC003A70AAA83A880BA86D
:10AB00003A880990150080D9008A0C503A8829109B
:10AB1000C4FFBF00170080D926E880A036A680A118
:10AB200074410107044714E7170080E03A8887A8BA
:10AB30001500C0E026E60035170000B9C4FFBF00CD
:10AB400026EE80203AC885A13A88C510150080E01D
:10AB5000CC01C0A026BC00183AC8E9A004028400B9
:10AB6000040200A53AC8C7103A8845A5CCFF831057
:10AB70003AC8AB183A880BA83A880990008A0C505A
:10AB8000C4FFFF0026E1C0103AC805153A884515F4
:10AB9000540080101700C0E01502009D150180A030
:10ABA0003A88C7A81500C0E0260EC084C4038001FF
:10ABB0002EA780351701408104FE3F0104FDBFB080
:10ABC0003A7004114C0000293AB088201501008128
:10ABD000440140013A888980150140211502402135
:10ABE00036CD803074418100044E92101700001160
:10ABF0002E01C0201500C01074418100044D921038
:10AC0000170000111702009C2E01C0201500C01073
:10AC10001701C08004FFBF003A7086183AC8451C6F
:10AC20003602401CC403C000160480183A880990FC
:10AC3000406913503A880500067B3F005400C088E5
:10AC40001501C0803A886384540080101502409C2E
:10AC5000150180883A880990406913500402808069
:10AC600006713F000405C0002E4A80180415C0007C
:10AC7000366E80183AD30488C41B0012841BC0119E
:10AC80003A88094206DD3E007AD204380401C00049
:10AC90002E4480180405C000368180180417401126
:10ACA000C416C0103A884B293A884B293A884B2958
:10ACB0003A884B99170080287441810104FE7F294E
:10ACC000045F8B312665802804FFBF011701C01087
:10ACD0003A7086192E02C038170280101EFBBF285A
:10ACE000170340111701C098150340811502808099
:10ACF0001502002C1503001406F83E005400C0880D
:10AD00001501C0803A886384150540341504403429
:10AD10005400C0101503008A1502008A1501C0886E
:10AD20003A88A388150080883A88099040691350B2
:10AD300004028080063C3F001701C03006E73E0059
:10AD40004400C05ACC008058040280311EFD3E10E1
:10AD500006240000170300141E253F148400002160
:10AD600006BC3E003A8885801701C0101703008199
:10AD7000170240815400C0181501C01015030029A6
:10AD8000150240213A8809904069135004028080DE
:10AD900006253F0004170012C416C0113A88094264
:10ADA00006963E00BAD10438440E4011040EC0107D
:10ADB0003A884B2906BC3F002659FF847441810024
:10ADC000045F8B101702001404FFBF001701C0803E
:10ADD0003A70861806913F0017028060C4FF3F2139
:10ADE0001E650013CC00802004FE3F631EFA3F1056
:10ADF000170180983A3046013A70841815018098FE
:10AE00003A884B2936287F1126273F283A70862812
:10AE10003A8809581EC33E183A884B293A7086284A
:10AE20000401002126FC3F1806BE3E000455C00068
:10AE300036128018FAD30488041E0012C41DC011F3
:10AE40003A880942066D3E000400C40006463F00F1
:10AE500044008000150180A006743F00BAD0051898
:10AE60004400C0011701C0303A988E383A8805284E
:10AE70003AB0C6381501C030069B3F000455C100EA
:10AE8000361A8018BAD40488441F0012041FC01157
:10AE90003A88094206593E00040440AD06173F00B7
:10AEA0000415C000362380183AD30438C41B40115F
:10AEB000841BC0103A884B29067B3F001702009C78
:10AEC00004FFBF001701C0803A70861806533F0088
:10AED000CCFF83301E183F10170200993A8845B501
:10AEE0005400801015018020063E3F00843F000181
:10AEF000C41F0002841FC00106403E00744181004F
:10AF000004F191101500001506113F004400800067
:10AF10003A882B00061F3F00040240813A880990BE
:10AF200000C0095074418100044794101700C010FC
:10AF3000062C3F000455C00036058018FAD30438AB
:10AF4000041E4011C41DC0103A884B2906563F000C
:10AF50000455C10036058018BAD40438441F401186
:10AF6000041FC0103A884B29064F3F00843F400120
:10AF7000841FC000064C3F001701809806A03F00C8
:10AF8000FAD00888440080203A88851006903E0058
:10AF9000CC0080203A880F2826340010C4FFBF3030
:10AFA000261A00300300C020CC3F80291E05C03087
:10AFB00006180000261500100300C020C4FFBF10B3
:10AFC0002614C03044000021CC00C0201EF93F18D8
:10AFD000C400000236118040260C00100300C0207F
:10AFE000CC3F4029260BC0284400C020CC3F8039EC
:10AFF0003A888920060300004400C018C3FF7F1967
:10B00000260540313A8805181EFBFF203A880500C6
:10B010003A2800F83A8805203A2800F8CC3FC028A2
:10B020003A921218F4BFFF027420A0023AB0D2483C
:10B030003A940648C4BFFF5A0420A0523AB0D248FE
:10B040001700C0203AF0C6483A88CD1A3A30C600F8
:10B050003A70C6303A70861A1EE03F1804FFBF10DF
:10B060000401002136F6BF4006DB3F003A88053078
:10B0700006D73F001713802004FCFFDE150140DCDB
:10B08000150000DC1503C0DF150280DC3A882320A0
:10B090003A882128260F00103A8807843A88C71872
:10B0A0003A88C710170080182611001017000011E9
:10B0B0001500001915040010150300101703C0DF58
:10B0C000170280DC170140DC170000DC0404C0DE3E
:10B0D0003A2800F8440880010401400140610F5003
:10B0E000151380881EEC3F103A88050006F33F00D8
:10B0F000440040013A98242C3A8809884401809100
:10B100003A888D313A888D3140610F5026F63F10D4
:10B11000150100141502801406E63F0026080028D9
:10B120001701C028171380203A88C7183A88C71813
:10B130003A88C5101700C0101500C028150040112E
:10B140003A2800F804FAFFDE150380DC150240DC23
:10B15000150100DC3A8823281704002C1505C0DFF0
:10B160001504C0DC3A882520040540293A881100DE
:10B170001700C0280401402944000042CCFFBF183A
:10B180003A3885113AD406183A88CF113AD408389B
:10B190003A388719CCFFBF383A8807193A9408180B
:10B1A0003AD40E183A88852015FFBF2816F03F4480
:10B1B00026090038170280880E0F808044018080A5
:10B1C0003A8885103A8885103A8885881500C0111C
:10B1D000440000841504008C3A8805881705C0DFF8
:10B1E0001704C0DC170380DC170240DC170100DC09
:10B1F0000406C0DE3A2800F8170140893A88099011
:10B200001500C0D944004029C00D0B501704808997
:10B210000403408904030011840080313A888D3191
:10B220003A888D313A882710402702501700C0D93C
:10B23000260A00881701C088171380903A88C7181B
:10B240003A88C7183A88C5101700C0101500C08882
:10B25000150040143A88239806D83F003A8823986E
:10B2600006D63F0004F9FFDE150140DC150000DCC6
:10B270003A8823203A8821280402003944024001F8
:10B280001503C0DC150280DC1506C0DF150540DDA6
:10B29000150400DD3A8825383A882730C07E1050E2
:10B2A0004400C0003A880B000E0380183A88C71883
:10B2B0004400402916FDBF183A880988C00D0B507C
:10B2C0001707C0D81505C0104400C0001504C010F1
:10B2D0004402C0000E21C01C3A88EB803A8829A89D
:10B2E0003A88E1840700C0A184028001440000A5DF
:10B2F0003A880B1004F4FF393A880988C01A0B50B9
:10B300001EF83FA43A88E1AC04FE3F840E0A809CFC
:10B310003AC8E5943A88A5840700C0818402800178
:10B32000440000843A880B1004F4FF393A880988F5
:10B33000C01A0B501EF8BF841706C0DF170540DD8A
:10B34000170400DD1703C0DC170280DC170140DCA6
:10B35000170000DC0407C0DE3A2800F884020084ED
:10B360003A88271806E93F00ECFFBF201E140010A2
:10B370003A940820040480002CC0FF201E0200180C
:10B380003A920820040280102C00FC201E020018B3
:10B390003A910820040180102C00F0201E030018B0
:10B3A0003A880921840080103A8809211603002078
:10B3B0002C0010211E040020040880003A2800F808
:10B3C0003A88050006EC3F00440080103A2800F857
:10B3D0001700C020CC018018260800104C008018EF
:10B3E0001E2100108C0080181E210010BAD00618F3
:10B3F000840080001500C0203A2800F8CCFFBF1858
:10B40000261300103A880500CC3F40191E02002880
:10B410003AD2061804028010CC0340191E020028FC
:10B420003AD1061804018010CC0040191E020028F1
:10B43000BAD00618840080104C0040191E0800285D
:10B440007AD006181E050018040880003A2800F873
:10B450003AD406180404800006EB3F004400801034
:10B460001500C0203A2800F83A8805003A2800F86C
:10B470007AD00618440080001500C0203A2800F851
:10B4800004FDFFDE150000DC44000004150140DC73
:10B490003A8823283A880B801502C0DFC00D0B5074
:10B4A00015054014150400141702C0DF170140DC15
:10B4B000170000DC0403C0DE3A2800F804FAFFDEBF
:10B4C0001503C0DC150280DC1704C0341704802C7F
:10B4D000150400DD150140DC1505C0DF150000DC9A
:10B4E0003A8829283A8823300E05C0943A88079074
:10B4F0003A8829303A8825983A8823283A882718A4
:10B50000170280A03A88E194170140A10E010014AF
:10B5100044004029C00D0B503A8815840405C01220
:10B520003A8895523A88955A3A8807582E03805A95
:10B53000150000180401C01836FDBF1A3A88E79CB0
:10B540003A88A594040580893A88E79C040540A3BD
:10B550003A88A5943A88D9343A88936C2E420033BD
:10B560001700C037CCFFFFFB261B00783A88115824
:10B570003A881D683A880F00170000711700C04014
:10B5800004018073CCFF7F213A38CB2B3AD40820BA
:10B59000CCFF7F1C3A884B2C3A88CB293A38C923F8
:10B5A0003AD406183AD40E28CCFF7F293A88C7200F
:10B5B0003A88C7193A9408183A8823403AD40E18A2
:10B5C0003AB04A21150040410401004236EA7F7238
:10B5D0001501C0891700C0373AD43EF8261F00F87D
:10B5E0001700C0583A881D683A881F583A881118C1
:10B5F0003A8825583A880F00060100003A882588C5
:10B600000B0040713AD41040CCFF3F193A38CB2F91
:10B610000401C07B040180733A880B2A3A88CB2945
:10B620003A940628040140943AD40A283AB00819FA
:10B6300015FF3F7917FFFF701700008A3AD40618EC
:10B64000CCFF3F413A38C71F3A8807193A88471953
:10B650003AD40E1836E97F721501C090040180318A
:10B660000401C05A36BE3F330E09000417FFFF50D5
:10B6700004FFBF5226030018060500001700C05043
:10B680001E030018C4FF3F8404FFBF521EFB3F800F
:10B69000150400141705C0DF170400DD1703C0DC14
:10B6A000170280DC170140DC170000DC0406C0DE56
:10B6B0003A2800F804FAFFDE1503C0DC150000DCB0
:10B6C0001505C0DF150400DD150280DC150140DC26
:10B6D000CC0080303A8821303A8827201E2F001075
:10B6E0003A882528BAD02180261A00801712409C5B
:10B6F0001E060088063400007AD0218026150080BE
:10B7000017008088261C00103A8823104C00808087
:10B7100026F93F103A880D883A880B903A880998A4
:10B7200040520B50261B0090170100911713C09830
:10B730007AD021803A8809213A8809213A88071964
:10B7400017000019150000911500801C3A8825107B
:10B750001EEB3F803A8805901705C0DF170400DD17
:10B760001703C0DC170280DC170140DC170000DC87
:10B770000406C0DE3A2800F83A880D883A880B881B
:10B780003A88099840520B50150080881500001027
:10B7900006DD3F003A88251006D73F00C4FFBF10E2
:10B7A0003A8885107441C100046AF8183A888510F7
:10B7B0003A888518170080113A880F00C01A0B507C
:10B7C0003A88251006C73F00440000053A880BA0C0
:10B7D0003A880998C00D0B503A882310449C800089
:10B7E000150580881504008D1512409C15000088F1
:10B7F00006C63F0004F9FFDE150540DD1503C0DC79
:10B800007AD12B301704C02C17028028150400DDD4
:10B810003A88E7AC150280DC150140DC150000DC3D
:10B820001506C0DF4400009C3A8823283A88293056
:10B830003A882520170140290E0300143A88851004
:10B840004400402916FD3F143A880990C00D0B5062
:10B850000405C0100E0740053A886BAD3A886BAD01
:10B860003A8809183A88471D150000200401002174
:10B870001EFD3F191704008A04050089CC0780A12A
:10B880003A8811423A8811423A8811222623003020
:10B89000040840023AC893493A880B001700C021B7
:10B8A0003A8815180401C0183A988E39040100210D
:10B8B0003AB04A3915FF7F1917FF7F213AD84A2A33
:10B8C00036F63F22150140511E1A0028C4FF3F845E
:10B8D0001504001426080088170100891713C0906A
:10B8E0003A8809213A8809213A880719170000196E
:10B8F000150000891500401C1706C0DF170540DD44
:10B90000170400DD1703C0DC170280DC170140DCE0
:10B91000170000DC0407C0DE3A2800F817004021B9
:10B920000401C0180401002115FF7F1936FB3F22D6
:10B9300006E63F008400009C06E43F0017048020D8
:10B940001704C0283AC8C5101E1100103A88C7183D
:10B950003A88C71804050021040540293A88C52003
:10B960003A88CB28060100002E0A802004FFBF1071
:10B9700004FF7F29170080111700C02826FAFF3026
:10B980003602C030440080003A2800F8C4FFBF00EF
:10B990003A2800F83A8805003A2800F81704C02829
:10B9A0001704803004FAFFDE1503C0DC150280DCCA
:10B9B0001505C0DF150400DD150140DC150000DCB5
:10B9C0003AC887183A8825283A8827301E14001864
:10B9D0003A8885103A8885100405002A0405003449
:10B9E0003A8887403A888580060100002E59C04079
:10B9F00004FFFF1804FFBF101700C0191700401103
:10BA000026FA7F392E5940393A8805903A882340E2
:10BA10003A882598440000053A882710060400005B
:10BA200016560018040540340405002C3A882900F5
:10BA300017014091C00D0B50170440921704009B52
:10BA40000405C0123A88514A3A8819633A8811426B
:10BA50003A881963150300153A8811823A88198BC0
:10BA60003A880700170040811700C08904018059F7
:10BA7000CCFF3F293A88C720CCFF3F393AC8091983
:10BA80003AD40A283AD40E383AD40720CCFF3F21C2
:10BA90003AC8CB293A88C7283A940A180401408C3E
:10BAA000040100843AB00829150000593AD4071857
:10BAB0003A8815303A88173036EA3F8B2E160082C6
:10BAC0003A88178017004059040180310401C05A98
:10BAD000CCFF3F293A88C7203AD40E283AD40B1815
:10BAE000CCFF3F193A8847393A940A183AD40718D4
:10BAF0003AB0082915FF3F3136F23F5A3A30060472
:10BB00003A88071ABAD006184400C0183A88C718ED
:10BB10003A88C7183A88D55004FFFF501E04002009
:10BB200004FFFF1817000019C4FF7F4A26FC3F20BE
:10BB3000150440121705C0DF170400DD1703C0DC31
:10BB4000170280DC170140DC170000DC0406C0DEB1
:10BB50003A2800F83A880B00C00D0B504400C00092
:10BB60001504C0101505001006F23F003A88238026
:10BB70003A8829003A88214006AD3F003A8805906E
:10BB8000040540940405009C3A882598440000056B
:10BB90003A88271006A63F002CFC5F293430BF00EE
:10BBA0003A8887280E02C0003A8805003A2800F833
:10BBB0003AC8C7003AD50718C40480000E0BC0105D
:10BBC00004FBBF18840700013A880700160580208F
:10BBD000C40700013AC88920440080003A98041143
:10BBE0003A2800F8440080003A2800F83402400166
:10BBF0003AD8C7283A8805003A2800F804FAFFDE48
:10BC0000150000DC17040024150140DC0405402465
:10BC10003A8821843A8821843A88218C150280DC74
:10BC200017FFBF84150400DD1503C0DC3A880990B6
:10BC30003A8829281505C0DF003D0B500408C000D4
:10BC40003AC88918150000A18402000104FFFF848E
:10BC500016128020C40280013AC88D303AD88691ED
:10BC600034FCCF182E21C08C17FE3F813AD88C218E
:10BC7000440580103A9884903AB084111705C0DFCB
:10BC8000170400DD1703C0DC170280DC170140DC5D
:10BC9000170000DC0406C0DE3A2800F82E0FC08C26
:10BCA00044FD7F1117FEBF80260E00283AC84919AF
:10BCB0003A9864913AD8061104FEBF8134FC8F94FF
:10BCC0003AB0C6902E0E808917FDBF813A98441174
:10BCD0003AD80A313AB0842806E83F0044FDBF1044
:10BCE0001E04001034FCCF9006E43F003A880D009B
:10BCF00006DF3F003A98A4903A88050006F93F0015
:10BD00003A98441106DD3F0004F8FFDE150200DC1E
:10BD10003A882130150340DC7A902280150600DD38
:10BD20003A882928440040011505C0DC150480DC50
:10BD30001507C0DF3A8825387AD52288C00D0B5008
:10BD40003A88271034048000C4FFBF103A708C80FA
:10BD50002601008834048031150080D9262400A0F3
:10BD6000040100D9150100DD80430B501700C0D835
:10BD70001E2F0010170100D9150500993A0021184F
:10BD8000840000013AC821241506C0981504009CBF
:10BD90001E1F008884F3BE101500809034009000B0
:10BDA000C4FFBF103A8885803A8885103A8885108C
:10BDB0003A888598170500117A912080003D0B5034
:10BDC0001708C0D83AC88580150080183A880598A9
:10BDD0001707C0DF170600DD1705C0DC170480DC7D
:10BDE000170340DC170200DC0408C0DE3A2800F824
:10BDF0003A8809D880430B501700C0D8440000048B
:10BE00001504009C1505C0980408801026E13F88A1
:10BE1000440DC00044F37E8C3A88A3883AC8851844
:10BE20001708C0D8150040941500801806E73F0099
:10BE3000040800013AC889203A980819170140D926
:10BE40003AD886183AB04821150500991500C0D88F
:10BE500006CA3F0004F9FFDE150340DC3A882328B8
:10BE6000040140D91506C0DF1505C0DC150480DCCF
:10BE70003A882720150200DC40C60B503A880BD8C0
:10BE80003A8809883A8825103A88211840C60B500C
:10BE90001704008A17040099170140D93AC80922EB
:10BEA0007A911020170000D93AC809293A88094127
:10BEB0000E0E00013A9508203A8821243A880D1088
:10BEC0003A880F183A8809903A880B80C02411509C
:10BED0001706C0DF1705C0DC170480DC170340DC41
:10BEE000170200DC0407C0DE3A2800F83A95082063
:10BEF0003AC8071906F13F0004FEFFDE150000DC1A
:10BF00001501C0DFC40580003A8821200E0D001104
:10BF10003A88050034FCCF00C4FF3F843A880D0006
:10BF20003409D0013A8809103A880B18C0D811504A
:10BF30001EF93F801701C0DF170000DC0402C0DEDD
:10BF40003A2800F8FA902020744181000481B8104A
:10BF50003A882114170080801701C0801701C0DFC4
:10BF6000170000DC0402C0DE3A2800F8C4FF7F2975
:10BF70007AD10F281704C030040580304400C0393E
:10BF80003A88C7183A88CF393A88C7183A88CF39DB
:10BF90003A88C7103A88CF212E0DC0103A880B205E
:10BFA00017000012040140290401801015FF3F2AE8
:10BFB00036FBFF103AC88519C4FABF10BAD0041076
:10BFC000440080103A8885103A8885103A88892084
:10BFD0002E03C021150000200401002136FDFF21A1
:10BFE0003A2800F81704C0207AD10528040500215A
:10BFF0000E0D80183A88C7183A88C7183A88C720A3
:10C000002E19C02017FFBF1804FFFF181E040010D0
:10C010002E14C02004FFFF181700401926FC3F28EB
:10C02000440080003A2800F80E0AC0103A888510B3
:10C030003A888510CC0740293A88872026F03F2887
:10C04000170080193AD844313A984A111EF47F31CA
:10C0500006EB3F003A8885103A8885103A88872099
:10C0600006E73F003A2800F83A8805003A2800F829
:10C0700004F6FFDE150280DC1509C0DF150800DFBD
:10C080001507C0DD150680DD150540DD150400DD52
:10C090001503C0DC150140DC150000DC3A882530B2
:10C0A00026B700283A882B283A8829204057135071
:10C0B00017FFBFA804FF3F04C402C090840500011D
:10C0C00004FEFFAC3A7020142E33C02004FE7F041F
:10C0D0003A70621C3A880788165800883657808C58
:10C0E0000E30C08074410107045F0BE71702C0E106
:10C0F0003A88099C170100222663C02184FF7F0132
:10C100003A704A413A884B21170180294C0080310E
:10C11000263F00304C008010268300103A880B9098
:10C120003A8809A0C07E0A503A882510261E0110C0
:10C1300017FF3FA904FEFF1084FFBF003A70842060
:10C140003A88859826EE801804FFBF810409800094
:10C1500036B88011C404C000369680193A8805901C
:10C160003A8807A8170000191500001117010019D7
:10C17000150100111702C0181502C0103A880BA84B
:10C180003A8809A000C009503A8809A040691350B4
:10C190003A880590061200000404C0003A8823186B
:10C1A00006CE3F003A8825A83AC84584C403C0009B
:10C1B00036268018170180993A88079C4C008031F8
:10C1C0003AB020341501009C1701801854008010EB
:10C1D000150180183A8809A0406913503A880590E3
:10C1E0001709C0DF170800DF1707C0DD170680DD5D
:10C1F000170540DD170400DD1703C0DC170280DCE3
:10C20000170140DC170000DC040AC0DE3A2800F801
:10C2100004FF7F013A704A413A884D81161FC030B1
:10C22000170380201702C0203A8825A83A882130B9
:10C23000150380181502C01006DB3F0004038000C0
:10C24000150080A03A88050006E53F001701C09858
:10C250003A884B9C540000114C00C0183AB0621C44
:10C260001501409C150100293A8885281701C01046
:10C27000040240293A8809A05400C0181501C010D2
:10C2800000C0095006D33F0004FF7F013A704A41C5
:10C29000040480893A8851810E5980414C008010F5
:10C2A0001E9E3F1017FEBFAD04FFBF003AC8AD9DF4
:10C2B000170180B13A708430262000203A88AF8080
:10C2C0003A886FB9265FC021161CC0B817038020BA
:10C2D0001702C02004FFBF81040900011503801864
:10C2E0001502C0101702C0B0170380B0040280B45A
:10C2F000150380181502C010361B8021C40480006D
:10C300002E358011170080A8150280B0170180A873
:10C31000150380B0C4068000367F8011040480B00D
:10C32000040240AD062D000017FEBFAD04FFBF00A4
:10C330003AC8AD9D170100B13A70842026773FB00E
:10C340003A88AF801675FFB8170380B01702C0B0E7
:10C3500004FFBF8104090001150380181502C010F5
:10C36000040280B42EE5BF213A880BA83A880990D0
:10C37000C03B02503A8821B83A8827B0068A3F006D
:10C380003A880B301709C0DF170800DF1707C0DD38
:10C39000170680DD170540DD170400DD1703C0DC3C
:10C3A000170280DC170140DC170000DC040AC0DE45
:10C3B000C17E0A501700C0A81500C0901701C0A880
:10C3C0001501C090C406C000364580190402809053
:10C3D0000402C0A806633F003A8805901700C0A871
:10C3E0003A8821B83A8827B01500C0101701C0A8B4
:10C3F0001501C0101702C0A81502C010066A3F0040
:10C400003A88679C3AC845441502C0E4540080103D
:10C410001501809817FFBFA83A8809A04C0080102A
:10C420003AB0621415FF7FAC406913503A8805A8F2
:10C43000066B3F003A880BA83A880990C03B02502F
:10C44000064E3F000404008916BC3FB9170380B0B4
:10C450001702C0B004FFBF81040900011503801852
:10C460001502C010040280B436438021C404800049
:10C470002E3F8011170080A8150280B0170180A8F8
:10C48000150380B0C4068000363F8011040480B0DC
:10C49000040240AD1700C0A81500C0101701C0A8C5
:10C4A0001501C0101702C0A81502C0103A8847B481
:10C4B0003AC845BC1502C0E0540080101501801830
:10C4C000170180B03A8809A04C0080103AB062147D
:10C4D000150140B4406913503A88059006403F006A
:10C4E0001702C0A81502C0901703C0A81503C0907A
:10C4F00026118030040480900404C0A806193F006F
:10C5000017FFFF9004FFBF003A8825A83A708418EF
:10C510003A88A18006243F00170280A8150480B045
:10C52000170380A8150580B0260A0031040680B0E4
:10C53000040440AD06A93F00170400A9040680903A
:10C540000406C0A815040091170500A9150500915F
:10C5500006043F001704C0A8040640AD040880B0DC
:10C560001506C0B017FFFFA81507C0B0069B3F0017
:10C570003A88059006C73F003A880BA83A88099088
:10C58000C03B025006C93F00170280A8150480B0C6
:10C59000170380A8150580B026070031040680B077
:10C5A000040440AD06BB3F003A8809A0406913501F
:10C5B0003A880500060A3F001704C0A8040640ADEB
:10C5C000040880B01506C0B017FFFFA81507C0B05B
:10C5D00006B03F000B0380204402C0004C028010D4
:10C5E0002602C0103A8805003A2800F8815B0950FD
:10C5F00004FCFFDE150140DC150000DC1503C0DF84
:10C60000150280DC3A8823203A882128260200205F
:10C61000170E8020263C00100B03C0800C00081968
:10C620003A8805181E070020171900811400881881
:10C63000C4FFF7003A70C8200D0380803A880710C5
:10C6400015190081150100800C0800111E570020EB
:10C650000C010011261F0020170C4081260800281D
:10C6600004108080260280283A88098800C009507A
:10C67000170F8080150C0080150180801E39001076
:10C6800017048080264B00100B038084CC00809020
:10C690001E1F001017048081170880801705C081B5
:10C6A00017074081150080813A8809883AE83E10D2
:10C6B000150180800E0E80003A8805001703C0DF48
:10C6C000170280DC170140DC170000DC0404C0DE28
:10C6D0003A2800F80C040011263000200C028010CB
:10C6E0001E2400101401C0180D03C08006E43F0092
:10C6F0000B03C0801E1600101408C018C4FFBF0032
:10C700000D03C08006ED3F008093095006C23F0034
:10C710007441810004EE9110170000117440410132
:10C7200044008000048F71290D038080C03C0A50B2
:10C73000440280000D0380844C0280941ED5BF907B
:10C740003A880B803A8809880034095006D13F00A6
:10C750001410C01815010080C4FFBF000D03C08075
:10C7600006D63F00170EC0803A8805001500C0802D
:10C7700006D23F003A880B803A880988C055095094
:10C780001E0A00100B038080C4FDFF00150200800C
:10C790003A7086181506008006D23F0044028000D9
:10C7A000150080881410C0180D03C080C4FFBF009E
:10C7B00006C23F003A880B803A88098800630A5015
:10C7C00006B13F003400A000C4FFBF103A708428B7
:10C7D0002607001034FCFF0034F89F013A88C72870
:10C7E000C4FFBF313605C030040180003A2800F88C
:10C7F0001E020020840080003A2800F834FCDF008C
:10C8000034F89F013A88CB28C4FFBF312EF67F3120
:10C8100034044001C4FF7F2936028028C400800010
:10C820003A2800F82602C0103A8805003A2800F895
:10C830003A0005203A2800F804FDFFDE150000DC70
:10C8400074410104150140DC045012843A8823200D
:10C850003A8809281502C0DF15000080003A1350FD
:10C86000C4FFFF002605C0101702C0DF170140DC1F
:10C87000170000DC0403C0DE3A2800F81700C0806F
:10C8800026F93F181500C08806F73F0004FEFFDEBA
:10C89000150000DC3A8821288F0340291501C0DFEC
:10C8A00040AF0F50160700101714C0803A88871841
:10C8B0001514C0801701C0DF170000DC0402C0DEC1
:10C8C0003A2800F80B03C080CCFFFB180D03C08092
:10C8D0001701C0DF170000DC0402C0DE3A2800F8B0
:10C8E0003A8805003A2800F80B03802804FBFFDE95
:10C8F0001503C0DC150280DC150140DC150000DCEE
:10C900001504C0DF0C40C0103A8821283A88232043
:10C910003A8825303A882738260500188F034029A1
:10C920008400C0013A880D0040A90F500B0380809D
:10C930008F034081CCFFBB103A880F983A880D9046
:10C940003A8809880D0380801704C0DF1703C0DC14
:10C95000170280DC170140DC170000DC0405C0DE94
:10C9600001560F5004FEFFDE150000DC3A88212836
:10C970008F0340291501C0DF40A90F50C4FFFF00FD
:10C980002608C0100B03C080151480801400C41842
:10C990000D03C0801701C0DF170000DC0402C0DEF9
:10C9A0003A2800F80B03C080CCFFFB180D03C080B1
:10C9B0001701C0DF170000DC0402C0DE3A2800F8CF
:10C9C0008F034029015C0F503AB04421CC00801005
:10C9D0001E170010170080201700C0281E14C0105A
:10C9E000F4BF7F02C4BF7F4A3A3086007420200221
:10C9F0003A884512042020423A70C4103A7004125A
:10CA000026020010062300001E220010040100214F
:10CA10001700C02004014029170080293A884F1AC6
:10CA20003A30C4003A7084383A70041226F6BF19BE
:10CA300003008020CC3FC0101C20C01804E0FF1869
:10CA4000260C001807008029260380190613000011
:10CA5000070080291E0B8011440000210300C02024
:10CA600044004029CC3F80181C20801004E0BF10F7
:10CA70001EF73F103A880700030080283AC885183F
:10CA80003A2800F803008028CC3FC0183AC885181F
:10CA90003A2800F83A8805003A2800F8CC3FC01040
:10CAA00006F53F001702803004F6FFDE150280DC39
:10CAB0001509C0DF150800DF1507C0DD150680DD8C
:10CAC000150540DD150400DD1503C0DC150140DC53
:10CAD000150000DC3A882530265800103A882720B7
:10CAE0001700C03517000029170280283A8823282C
:10CAF0003A8839003A882100263900803A882B107C
:10CB00003A882D10363A80800B03C0880C2081189B
:10CB1000262600101705808817044089440080816C
:10CB20003A888F103A888538FAD70E103AC86D21A6
:10CB30003A8889353A8885387AD02B103A880DA8FA
:10CB40002E0200A93A882B203A880D200C00C1182B
:10CB5000262A00183A880B303A880998C07E0A5075
:10CB60003A882910262C0010170440893A880DB005
:10CB70003A880910402702500B038088C4DFFE006A
:10CB80003A70C410142080100D0380883A8889A55B
:10CB90003AC8ADAD1505408D1502808D1504008D88
:10CBA000150000893A882B803A882D803A880DB08C
:10CBB0003A880BE0C03B02501702808817000089BA
:10CBC0001702C0903AC845153A8889251502808811
:10CBD000150000893AC8211C150200942617008010
:10CBE000170000BF170100BC0402C0BD06C23F0011
:10CBF0003A882B803A882D8006EC3F003A880998C5
:10CC0000800D0C503A8829101EE03F10170440890F
:10CC10003A88099800C009500B03C08804038000BB
:10CC2000150080981410C0180D03C088C4FFBF0001
:10CC300015020090150100900602000015010090F9
:10CC40003A8805001709C0DF170800DF1707C0DDA5
:10CC5000170680DD170540DD170400DD1703C0DC73
:10CC6000170280DC170140DC170000DC040AC0DE7C
:10CC70003A2800F80B03802804C8FFDE1531C0DC19
:10CC80001537C0DF153600DF1535C0DD153480DD02
:10CC9000153340DD153200DD153080DC152F40DC0A
:10CCA000152E00DC152740D9152A00D90C2080103C
:10CCB0001523C0D93A88273026020010170480288F
:10CCC000261D0410041AC0DA151EC0DA171E80D8FB
:10CCD000C419C0DA172A40DD1727C0DD7441810569
:10CCE00074410105151FC0DA3AC8D71204B7B8B5A8
:10CCF00004B338A5151AC0DE151C00D8151B00D8C2
:10CD00003A8811D8152900D8152500D8152BC0DA76
:10CD10000700809826DD02104409C0003A88239855
:10CD20001E02C010061400002603C0104400408CF0
:10CD3000070080881EFC3F103AC8E18C260E008058
:10CD4000171CC0D8171B80D81500C0443A88071C90
:10CD500044008010151CC0D815010044151B80D854
:10CD6000C401C000161E8318040200421725C0DA51
:10CD70003A88175C1525C0DA0700808826C502109E
:10CD80004700C0884400C08C851D00D83A8809003F
:10CD90003A880F00C4FF3F04152400D83A882500C4
:10CDA0000416400144028001840A8002041B4002F0
:10CDB0004400C09C04F8BF1836DD8128BA900410E6
:10CDC0007440C102048FF35A3A88C51217008010CC
:10CDD0003A68001038D0000598D5000598D50005B0
:10CDE0002CD0000598D5000598D5000598D50005EC
:10CDF00098D5000598D5000598D50005A0CF000569
:10CE00007CD1000598D50005CCCF0005CCD5000518
:10CE100098D50005C0D5000560D5000560D5000592
:10CE200060D5000560D5000560D5000560D500051A
:10CE300060D5000560D5000560D5000598D50005D2
:10CE400098D5000598D5000598D5000598D500051A
:10CE500098D5000598D5000598D5000598D500050A
:10CE600098D50005FCD4000598D5000598D5000597
:10CE700098D5000598D5000598D5000598D50005EA
:10CE800098D5000598D5000598D5000598D50005DA
:10CE900074D6000598D5000598D5000598D50005ED
:10CEA00098D5000598D500050CD6000598D5000545
:10CEB00098D5000540D3000598D5000598D5000504
:10CEC00098D5000598D5000598D5000598D500059A
:10CED00098D5000598D5000598D5000598D500058A
:10CEE00030D20005DCD3000598D5000598D50005A3
:10CEF00098D50005D0D30005DCD3000598D50005F2
:10CF000098D50005C0D3000598D5000584D3000549
:10CF10008CD10005D8CF0005F0D4000598D50005C8
:10CF2000A4D4000598D50005FCD0000598D50005CF
:10CF300098D5000558D000051723C0DA1700C05A4D
:10CF40001524C0DA1723C0DA040180581724C0DA88
:10CF50000EE902581724C0DA152380D83AC8D70240
:10CF60001524C0DA140180940700C09806903F0091
:10CF7000040C80001723C0DA051D80D8041E800031
:10CF8000451D80D8851D00D80401C0581700005FDA
:10CF90003A88130094008090162B0380C4DFBF00F2
:10CFA0003A70A4901523C0D89400809426DC02E047
:10CFB00074410101044B38213A881500152900D924
:10CFC00006230000540080940700C09806783F00B4
:10CFD000CC3F80381C20801004E0BF101EF30210EC
:10CFE000440000010408C0010700C09806703F001B
:10CFF000CC3F00211EAA032074418100044BB810CD
:10D00000152980D80C08809026BA00101723C0DAA2
:10D010001700005F1701405A0402C05A1523C0DAF6
:10D020004C008090269002103AB044E21ED40210C8
:10D03000851D00D8160B0380C4DFBF003A70A49092
:10D040003A881500262400803A8839003A8813006F
:10D05000172900D9041A40DCCC0380E03A9706482F
:10D060003A8885203AD138E0030080103AD112483E
:10D07000C4FF7F8C3AB0381F050080883AB044E284
:10D080001EF53F10171EC0DA3AC8575C1521C0DAEA
:10D0900006140000CC3F00211E7403200C08809071
:10D0A000264501101723C0DA851D00D80402C05898
:10D0B0001700005F1701405A16D90280C4DF3F01F4
:10D0C0003AB044E21523C0D83A7024913A8815004A
:10D0D0001EB900101EE602803A882100152100D8F2
:10D0E000041A40DC1721C0D8152000DC0E01C080D6
:10D0F0001520C0D8CC3F80521C20805204E0BF5283
:10D10000263C00501720C0DA4400C05A1520C0DA6F
:10D110000638000044000001C40AC0010700C0989E
:10D1200006233F00CC3F00211E4803200C088090BE
:10D13000263B01101723C0DA851D00D80402805851
:10D140001700005F1701405A16A80280C4DF3F0194
:10D150003AB046E2152380D83A702491263C011853
:10D160003A881500041A40DCFAD006E07A9708489D
:10D17000FAD01248CC0100E7040C80E0C4FF7F8C99
:10D180003AB0F820050080883AB046E21EF63F1813
:10D190004C00C09026A50018CC3F80101C208010A9
:10D1A00004E0BF10040CC00026B6FF10C5FFFF88C6
:10D1B000171EC0D8C4FFBF883A8823103AC8871802
:10D1C0001521C0D806C73F001723C0DA4400C000AD
:10D1D0001520C0D8170080580401C05A851D00D8FA
:10D1E000051080D81523C0DA1521C0D8041040DC02
:10D1F0003A8821008C00C0901522C0D82603001860
:10D200001720C0DA8400C05A1520C0DA0C21C09063
:10D210001526C0D81E1301181724C0DA1720C0D84D
:10D220003AC8F9580E0F010704044002171CC0D871
:10D23000171B80D80ED6024F7441410104B77829DC
:10D24000152840D9C40180020603000004FC3FE712
:10D25000040200420E15004F0404C0184400801060
:10D260001500804515014042151CC0D8151B80D8FB
:10D270000EF6BF50041A80D93A880BB83A8809A82C
:10D28000152C40DA152D80DAC0B00C50172C40DA7E
:10D29000172D80DA1E85011004FC3FE7171CC0D84B
:10D2A000171B80D83A8811D816EB3F4F1728C0DAE1
:10D2B0003A88C7E0440080101500C04215010047BD
:10D2C000151CC0D8151B80D8C401000116EE8120A2
:10D2D0000402004206E50000CC3F00211EDD0220D2
:10D2E000744181000446B810152980D80C0880903C
:10D2F0001E463F100C0480901E2E02100C108090D1
:10D300001723C0DA267302100B00005F0401C05A15
:10D310003A8813001523C0DA06413F00CC3F0021B4
:10D320001EE102200C0880901E0102100C04809067
:10D330001E3E02100C108094263C02901723C0DA87
:10D34000170080580401C05A1523C0DA1725C0DA27
:10D350000D00C012066E3E000700C0982629421A32
:10D360001404809406923E00141080940700C09824
:10D37000068F3E00CC3F00211EC702200C08809083
:10D38000264900101723C0DA170180581700005FE4
:10D390000402C05A1523C0DA3A881310164B001045
:10D3A000831D80DA16CB0180C4DFFF003AB044E26F
:10D3B0003A70E49026473F10268C0048152080DC08
:10D3C000152100DC041A40DC3A8821E0152200DA3D
:10D3D0003A8839503A8825483A8809803A880B902B
:10D3E000840280013A880F00402B1050040C8010FA
:10D3F000C4FF7F8C3A8809803A880B9005008088AA
:10D40000840280013A880F00C0D30F503A8821105F
:10D410003AB0C4103A8825181EEF3F10172080DC60
:10D42000172100DC172200DA3A8815E0171EC0D851
:10D430003AC8471C1521C0D8062A3F001723C0DA76
:10D44000851D00D81700405C0401005F262F02886C
:10D45000162502803A880D803A880B003A880988A0
:10D46000152C00DA80FF0A50172C00DA266402100F
:10D470003AC84514152180D8831D80DA152300DFB2
:10D480003A88210006173F00140880940700C098CE
:10D4900006473E00CC3F00211E70022014048094F9
:10D4A0000C0880901EB73F100C04809026AB011032
:10D4B0001723C0DA1700005F0401C05A1523C0DA31
:10D4C000FAD713E03A8805480EB53F103AC8390735
:10D4D000440B80023AC004E03AC85302851D80DA4A
:10D4E0003AC8934816300280C4DFBF003A70A49057
:10D4F0001EB23F48063D00003A881798152400D810
:10D5000004F4BF183A8819000700C058A402006349
:10D510004400C09C3A8817983A88191304F4BF183D
:10D520002EF9BF30152400DB04F8BF182E23BE28C7
:10D53000CC3F00211E4B022026D600184400C0021A
:10D540001520C0DA0510C0D8851D00D81521C0DA15
:10D55000041040DC06263F00142080940700C09889
:10D5600006133E000700C0984400C09A262B821A7A
:10D5700004F4BF183A882100361E82300700C058D4
:10D58000A40200844400C05C3A8817983A88A180BD
:10D5900004F4BF182EF9BF300E063E80C4FF3F04CE
:10D5A00006043E00CC3F00211E3702201404809464
:10D5B0000C0880901EBB3E100C048090263B01108E
:10D5C0001723C0DA851D00D83A881300040180585B
:10D5D0001700005F163D0180C4DFFF00152380D8CF
:10D5E0003A70E4903A88150026BA3EE04402800082
:10D5F00036723F17172BC0DA040C00E7C51900DF9D
:10D600001521C0DAC41940DC06B63E00CC3F00212B
:10D610001E1F0220140480940C0880901EC53E102A
:10D620000C048090266901101723C0DA851D00D8EC
:10D630003A881300040180581700005F166B0180C0
:10D64000C4DFFF00152380D83A70E4901EC43EE08A
:10D650003A88150026C201803A8839003A881300BA
:10D6600006C03E00171CC0D8171B80D8871D00D9E4
:10D67000260B0020841D00D94400C01844008010EF
:10D68000150000414400000115010041151CC0D8DF
:10D69000151B80D8C401000116E18020040200425D
:10D6A0001722C0DA260B0058041D00D98400C018C8
:10D6B0004400801015000041840000011501004164
:10D6C000151CC0D8151B80D8C401000116DD8020B0
:10D6D000040200421726C0DA042000012684005903
:10D6E0001721C0DA3AC8E1820E2700040404C00101
:10D6F0000E6A013C7441410104B37829152240D9D6
:10D70000C40100070603000004FC3F840402004239
:10D710000E13003C0404C01844008010150000459E
:10D720001501C041151CC0D8151B80D80EF6BFE0EE
:10D73000041A80D93A880BB83A8809A8152CC0D9A0
:10D74000C0B00C50172CC0D91E58001004FC3F84E8
:10D75000171CC0D8171B80D83A8811D816ED3F3C4B
:10D760001722C0DA3A88071C440080101500C04216
:10D7700015010044151CC0D8151B80D8C401000138
:10D78000169E8020040200421721C0DA4400801057
:10D79000150040443A88C7581501C042151CC0D82E
:10D7A000151B80D8C4010001167F802004020042AE
:10D7B0000C018094262900901724C0DA172080D805
:10D7C0003AC8A1580E25000404044004171B80D851
:10D7D0000E7C018C7441410104B77829152840D989
:10D7E000C40180040603000004FC3F8404020042DC
:10D7F0000E11008C0404C0184400801015008045F0
:10D8000015014044151CC0D8151B80D80EF6BF90DA
:10D81000041A80D93A880BB83A8809A8C0B00C50CD
:10D820001E22001004FC3F84171CC0D8171B80D890
:10D830003A8811D816EF3F8C1728C0DA3A88071CAF
:10D84000440080101500C04215010044151CC0D8CA
:10D85000151B80D8C401000116AA8020172480D887
:10D860001720C0DA0E01C0123A8805581725C0DA11
:10D870003A8897581525C0DA1E530018070080987B
:10D88000151B00D83A8811D81E233D103A882398DA
:10D8900006393D00171C80D826040010172740D9F0
:10D8A000172A00D9041A80D9C0B00C501727C0DA43
:10D8B000172580D80B03C0580C10C0181E3801184B
:10D8C0001737C0DF173600DF1735C0DD173480DDAE
:10D8D000173340DD173200DD1731C0DC173080DC34
:10D8E000172F40DC172E00DC0438C0DE3A2800F881
:10D8F0001724C0DA172000D93AC839590E783F07E3
:10D90000040440020E37014F7441C10204B3F85AB7
:10D910001522C0DAC40180020603000004FC3FE7C0
:10D92000040200420E15004F0404C0184400801089
:10D930001500004515014042151CC0D8151B80D8A4
:10D940000EF6BF50041A80D93A880BB83A8809A855
:10D95000152C40DA152D80DAC0B00C50172C40DAA7
:10D96000172D80DA1ED13F1004FC3FE7171CC0D8EA
:10D97000171B80D83A8811D816EB3F4F1722C0DA10
:10D980003A88071F440080101500C0421501004767
:10D99000151CC0D8151B80D8C401000116B6802004
:10D9A00004020042064E3F00041A80D93A880BB8A0
:10D9B0003A8809A8C0B00C501EBC3F10171CC0D834
:10D9C0003A8811D8067A3F00041A80D93A880BB8F1
:10D9D0003A8809A8C0B00C5026A83F1006B33F00F3
:10D9E000041A80D93A880BB83A8809A8C0B00C50FC
:10D9F0001EAE3F103A8811D806DC3C00041A80D9CC
:10DA00003A880BB83A8809A8C0B00C501EA73F103E
:10DA1000171CC0D8171B80D83A8811D8065A3F0067
:10DA2000041A80D93A880BB83A8809A8C0B00C50BB
:10DA30001E9E3F10171CC0D8171B80D83A8811D8DB
:10DA400006173F00041A80D93A880BB83A8809A80B
:10DA5000C0B00C501E953F10171CC0D8171B80D8A3
:10DA60003A8811D8061B3F00851D00D8167B008020
:10DA7000C4DFFF003AB044E23A70E49026703D10F3
:10DA80003A88150006723D00041A80D93A880BB80E
:10DA90003A8809A8C0B00C501E843F10171CC0D88B
:10DAA000171B80D83A8811D806F03E000C108090E1
:10DAB000851D00D81723C0DA268100100401805884
:10DAC0000B00005F3A8813000EC33E80152380D8F8
:10DAD0003A8815003AB044E21E373E1044008000F8
:10DAE000CC3F80104400C0002661C0108400C000FC
:10DAF0002655FD1006D83E00152380D80700C09893
:10DB000006AB3C00041A80D93A880BB83A8809A8B9
:10DB1000C0B00C501E653F10171CC0D8064F3F0008
:10DB200074418100044BB810152980D806443D008B
:10DB30001723C0DA170080581725C0DAFAD707581C
:10DB40001723C0DA1501C0100401C05A1523C0DA2A
:10DB50001725C0DA1500C012066D3C000C1080902D
:10DB60001723C0DA26533E100F00005F0401C05A8D
:10DB70001523C0DAFAD713E03A88054806073E00B5
:10DB8000040C8000051D80D8451DC0D8851D00D817
:10DB900094008090168F0080C4DFBF003A70A4907C
:10DBA000940080943A88150006293D000700C0982B
:10DBB000067F3C001723C0DA3A8813001700005F85
:10DBC0000401C05A1523C0DA06153D000C108090E0
:10DBD000851D00D81723C0DA2634001004018058B0
:10DBE0000B00005F3A8813000E953E803AB046E283
:10DBF000152380D81E5A3D183A8815003A8805002A
:10DC000006B73F004300C098140880944400C09CAD
:10DC1000CC3FC0181C20C01804E0FF1806643C006C
:10DC20001523C0D83A88150006AA3F001723C0DA8A
:10DC3000170080580401C05A1523C0DA1725C0DA2E
:10DC40001500C01206323C0074410101044B38211A
:10DC5000152900D91523C0D83A8825103AB044E2D6
:10DC60001E873F103A88150084008000069C3F0004
:10DC70003A883900065F3E00041A80D93A880BB80A
:10DC80003A8809A8C0B00C501E083F10171CC0D815
:10DC9000171B80D83A8811D806913E0074410101C3
:10DCA00004B33821152200D906AD3E000401805886
:10DCB0001700005F3A8813000E613E8006CB3F00DC
:10DCC000040180581700005F3A8813000E423E801E
:10DCD000067E3F001700005F0401C05A3A88130017
:10DCE0001523C0DA06CE3C003A880988152C00DAE4
:10DCF000402C0350152180D8831D80DA152300DFC6
:10DD00003A882100172C00DA06F63C0084018000D6
:10DD10002E0100143A882110152100DC3A88058074
:10DD2000163C008074414104152080D8152300DF83
:10DD30000450788C062E3D00041000043A880B80B5
:10DD4000C07E0A501727C0DA150080581504805885
:10DD5000264800101727C0DA1505005C06D93B00DD
:10DD60004C0080903A88150026060010172BC0DA68
:10DD7000040C8000C51980D81521C0DAC41940DC14
:10DD800006D83C00152100D8041A40DC06D53C001A
:10DD90007441010104B73821152800D906433D001C
:10DDA000C4FFBF0006C63E0044008000CC3F801088
:10DDB0004400C0002680FD108400C00026A4FC1092
:10DDC00006E83C007441010104B73821152800D948
:10DDD00006993E003A8825103A8815008400800094
:10DDE00006F23F007441410104B37829152240D95D
:10DDF00006E23E003A8827583A88210006ED3B00AB
:10DE0000152100DC831D80DA152300DF3A8821000C
:10DE100006B43C003A88050006C23F00172380D8AC
:10DE20004300C0983A882758170000140401801056
:10DE3000152380D80E763F80CC3FC0181C20C01818
:10DE4000C4FF3F0404E0FF1806D93B00851DC0D97C
:10DE500006B63C00851DC0D906213D00851DC0D9F0
:10DE6000068E3D00851DC0D906B33D00851DC0D975
:10DE7000068A3C00172AC0DA040380001500805887
:10DE8000C4FFBF00068E3E00851DC0D906C73D00F9
:10DE9000851DC0D906DF3D00851DC0D906373D0070
:10DEA000851DC0D906543C00851DC0D9061D3D0006
:10DEB0001719802804F6FFDE150540DD1509C0DFBF
:10DEC000150800DF1507C0DD150680DD150400DD2F
:10DED0001503C0DC150280DC150140DC150000DCF8
:10DEE0000C0088103A882B30262E00101702803044
:10DEF00017008035262900103A8827283A882920DB
:10DF00000401C0B5C4FFBF04170040BC170000B433
:10DF10003A883900BAD022881E030088061800000B
:10DF2000040100842615008F170040813A880D985F
:10DF30003A8809A000940F50440000E71EF8BF146F
:10DF40003A880590150200A8150100A81709C0DF3E
:10DF5000170800DF1707C0DD170680DD170540DD55
:10DF6000170400DD1703C0DC170280DC170140DC5A
:10DF7000170000DC040AC0DE3A2800F8170280A867
:10DF80003A88638C3A88638C3AC84514150280A895
:10DF9000040280B50402C0BD1EDB3F103A880500B4
:10DFA00006E83F0000F1095006E63F001702C030C6
:10DFB0002601001881F10D50150100303A88050046
:10DFC0003A2800F804C9FFDE153500DF153100DD01
:10DFD0001536C0DF1534C0DD153380DD153240DD68
:10DFE0001530C0DC152F80DC152E40DC152D00DC33
:10DFF000152000D91522C0D93A8829283A88393005
:10E0000026020020170E802026CF00100B0380A0D0
:10E010000C00C8101E060018171900A1C4FFF70055
:10E02000140088103A70C6200D0380A01519C0A0F6
:10E030000C02C01026A900181704C0A026A70018BB
:10E040008C0680108402C00026ACC010041A80DA4E
:10E05000151E80DA171E80D8C41980DA7441810534
:10E060007441C105151F80DA3AC8951204BFB8B5CE
:10E0700004BBF8BD151AC0DE151C00D8151B00D84E
:10E08000152600D8152300D8152780DA3A8811D82C
:10E09000152100DD3A8821E00700808026EA031080
:10E0A0004409C0003A8825801E02C01006160000F0
:10E0B0002603C01044008094070080901EFC3F108F
:10E0C0003AC8239426100088171CC0D8171B80D884
:10E0D000150000443A88C788440080101501404468
:10E0E000151CC0D8151B80D8C40100010E768020F5
:10E0F0001E820318172380DA151B00D83A8811D81E
:10E100003A885554152380DA07008090264604107B
:10E110004700C09044000094851D00D83A8809004B
:10E120003A880F00C4FF7F023A8823003A8829000A
:10E130000416400144028001840A4003041B0003CA
:10E140004400008404F8BF1836738228BA90041083
:10E15000744081020473B8523A8885121700801007
:10E160003A680010B4E8000580EB000580EB00057C
:10E17000D4E8000580EB000580EB000580EB00058E
:10E1800080EB000580EB000580EB0005BCEA000594
:10E19000D8EA000580EB0005C0E30005E8EA0005C9
:10E1A00080EB0005E0E80005ECE80005ECE8000580
:10E1B000ECE80005ECE80005ECE80005ECE80005FB
:10E1C000ECE80005ECE80005ECE8000580EB000554
:10E1D00080EB000580EB000580EB000580EB00057F
:10E1E00080EB000580EB000580EB000580EB00056F
:10E1F00080EB000518E9000580EB000580EB0005C9
:10E2000080EB000580EB000580EB000580EB00054E
:10E2100080EB000580EB000580EB000580EB00053E
:10E2200050E9000580EB000580EB000580EB000560
:10E2300080EB000580EB0005A8E9000580EB0005F8
:10E2400080EB000518EA000580EB000580EB000577
:10E2500080EB000580EB000580EB000580EB0005FE
:10E2600080EB000580EB000580EB000580EB0005EE
:10E27000C4E70005F0E7000580EB000580EB000532
:10E2800080EB000528EB0005F0E7000580EB0005BA
:10E2900080EB000584E6000580EB000594E60005B0
:10E2A000D0E60005CCE3000578E6000580EB00052C
:10E2B00054EA000580EB0005ACEA000580EB0005A0
:10E2C00080EB000570E7000504020042172380DAA6
:10E2D0003A885554152380DA068B3F00172000D961
:10E2E0003A880BA0409607501EB103100B0380A084
:10E2F0008402C0008C0680101E54FF108F0380A083
:10E3000016523F101722C0D9172000D93A880DE0C5
:10E310003A880BA0404A0F501736C0DF173500DF90
:10E320001734C0DD173380DD173240DD173100DDD3
:10E330001730C0DC172F80DC172E40DC172D00DCD7
:10E340000437C0DE3A2800F880930950062F3F00BA
:10E350003AC86304152280D8140100A50700C080C4
:10E3600006773F00040C8000172280DA051D80D854
:10E37000041E8000451D80D8851D00D80401C050B2
:10E38000170080543A882700940080A0160B034899
:10E39000C4DFBF003A7096A01522C0D89400005D7B
:10E3A0001E2B039074418100044BB810152680D8B1
:10E3B0003A8839001E7B01483A8813003A882700C2
:10E3C000041A40DD3A8825480E01C04C3A88259849
:10E3D000CC3F00E71C2000E704E03FE7260100E017
:10E3E000440080948C0080A32601007084008094F7
:10E3F0000C2100A71EDF01E03AC8878C0EDDC100AA
:10E400000404C001171C80D80EADC33874418102CA
:10E4100004BFB852152900DC171B80D9152480DAF7
:10E42000C401C003152540DA152880DB3A8821187D
:10E430000605000084004031040200423A880D20A5
:10E4400004FC3F840E0D003C0404801044000031A5
:10E45000150080451501C041151C80D8151B00D939
:10E460000EF43F791EB5011004FC3F843A880D007C
:10E47000440040013A8811D816F33F3C3A8807809F
:10E48000172540DA172880DB172900DC172480DAEB
:10E490003A8885181501C04015008042151C80D8A7
:10E4A000151B40D9C401C00016604219871DC0D891
:10E4B00004020042440000291EB3011826C0017066
:10E4C000041DC0D8840080101500C0408400C00026
:10E4D0001501C040151C80D8151B00D9C401C0000F
:10E4E0000E6502191E9A02100420C00044000001AB
:10E4F0003A880B003A8811D81EB3C1E03AC8B98CEB
:10E500000EB101070404C0010E89033F7441C1002C
:10E5100004BBF8181524C0D83A880780C40140030A
:10E520003A8821E0152540DA3A88391806050000B6
:10E5300084008029040200423A880B1804FC3F84BE
:10E540000E0D003C040480104400C0281500C04596
:10E550001501C041151C80D8151BC0D80EF4FF68EA
:10E560001E24021004FC3F84440080013A880B0002
:10E570003A8811D816F33F3C172540DA3A8807E06D
:10E580003A8839803A8821181724C0D83A88051764
:10E59000150100471500C040151C80D8151B80D9F7
:10E5A000C401C000167682193AC8F94C0402004230
:10E5B000440000313A880B30168501073A88859867
:10E5C000150040451501C044151C80D8151B00D905
:10E5D000C401C0000EDD01191E400210151B00D839
:10E5E0000C01C0A2260200583AC8A78C16F2C20439
:10E5F0000E01808C3A882390172380DA3A8855548C
:10E60000152380DA151B00D83A8811D806A23E00DF
:10E61000140800A50700C08006C93E000700C0809E
:10E620002609031B140400A506C53E00CC3F0021AB
:10E630001E5E03200C0880A026A50210172280DA97
:10E6400017008050172380DAFAD70750172280DA94
:10E650001501C01004018052152280DA172380DAD8
:10E6600015008012068C3E00CC3F00211E51032075
:10E670000C0880A026A10010172280DA851D00D882
:10E6800004028050170080541701C05416B4024889
:10E69000C4DF3F013AB0C694152280D83A7028A151
:10E6A00026A200183A883900041A40DDFAD00690F4
:10E6B0007A970898FAD02698CC018094040C809020
:10E6C000C4FF7FAD3AB0E420050080A83AB0C694FC
:10E6D0001EF63F184C00C0A026590018CC3F8010F1
:10E6E0001C20801004E0BF10040CC0002654C01091
:10E6F000171E80DAC4FFBFA8C5FFFFA83AC8A750FD
:10E700003A882B10062F3F00CC3F00211E420320E9
:10E7100074418100044BB810152680D80C0880A0E5
:10E7200026AA0010172280DA170080541701C0545F
:10E7300004028052152280DA4C0080A026D20110FB
:10E740003AB0C4941E350210851D00D81622024826
:10E75000C4DFBF003A70A8A006153F00172280DA78
:10E7600044008004851D00D81700805004018052A9
:10E77000152280DA051080D83A882790041040DDF1
:10E780003A88130006173F00CC3F00211E200320CB
:10E790000C0880A0264B0010172280DA1701805049
:10E7A0001700805404028052152280DA3A8827101C
:10E7B000162C0210831D00DF16720048C4DFFF0014
:10E7C0003AB0C4943A70E8A026CC00102610029803
:10E7D000152440DC152500DC3A8823983A882190DE
:10E7E000041A40DD3A8825483A8827403A8809804B
:10E7F0003A880B88840280013A880F00402B105021
:10E80000040C8010C4FF7FAD3A8809803A880B88D9
:10E81000050080A8840280013A880F00C0D30F5001
:10E820003A8821103AB0C4103A8823181EEF3F10DE
:10E83000172440DC172500DC3A8813903A88119899
:10E84000171E80DA3AC8675506DE3E00CC3F803896
:10E850001C20801004E0BF101E370210440000018D
:10E860000408C0010700C08006353E00540000A522
:10E870000700C08006323E00142000A50700C080BB
:10E88000062F3E003A8815803A88230004F4BF180A
:10E890000700C050A402408C440000843A881580D0
:10E8A0003A88631404F4BF182EF9BF3006253E00E1
:10E8B000CC3F00211ED40220140400A50C0880A027
:10E8C0001EB53F100C0480A026F80110172280DA34
:10E8D0001700805404018052152280DAFAD727905D
:10E8E0003A88059806B23F00CC3F00211EC40220A2
:10E8F000140400A50C0880A01E5F3F100C0480A02B
:10E90000260F0210172280DA851D00D83A882700CA
:10E91000040180501700805416110248C4DFFF0024
:10E92000152280D83A70E8A01E5E3F903A883900E0
:10E9300026A602483A8825003A882700065A3F0052
:10E94000CC3F00211E9F0220140400A50C0880A0CB
:10E950001E5E00100C0480A01EA201100C1080A0EE
:10E96000851D00D8172280DA1E2302100401805072
:10E97000170080543A8827000EA00148152280D83D
:10E980003A8839003AB0C4941E903F104400800089
:10E99000CC3F80104400C0002659C0108400C00045
:10E9A0001EE4FF103A8825003A882700063D010042
:10E9B000CC3F00211E810220744181000446B81022
:10E9C000152680D80C0880A01E563F100C0480A08D
:10E9D00026D10110172280DA3A88270017008054C8
:10E9E00004018052152280DA06533F00172280DA94
:10E9F000851D00D8170040550401C050264202A8CA
:10EA0000161802483A880D483A880B003A8809A837
:10EA1000152AC0D8152B00DA152C40DA80FF0A50D1
:10EA2000172AC0D8172B00DA172C40DA2648021014
:10EA30003AC86715831D00DF1522C0D83A88130035
:10EA400006603E00CC3F002126C03F20851DC0D976
:10EA500006BE3F00172280DA1700405404018050A0
:10EA6000163B3E88152280D80700C08006B43D00C2
:10EA700044000001C40AC0010700C08006B03D0088
:10EA80000700C08044008082263C421B04F4BF186B
:10EA90003A881300362B82300700C050A402404A47
:10EAA000440000543A8815803A88934804F4BF180B
:10EAB0002EF9BF300EA33D48C4FF7F0206A13D00E2
:10EAC000141000A50700C080069D3D00172280DAC3
:10EAD000851D00D80402C050170080541701C0548F
:10EAE00016CA0148C4DF3F013AB0C4941522C0D809
:10EAF0003A7028A13A8839001E343F10262E3E482D
:10EB00003A882500040C8094C51980DC1727C0DCE6
:10EB1000C41940DD062B3E00CC3F00211E360220EA
:10EB200026C10118440080040510C0D8851D00D8F6
:10EB30003A882790041040DD06113F00172140D984
:10EB4000172000D9041A80D9152BC0D9152AC0DB8B
:10EB500080F10D50172BC0D9172AC0DB1E6D001095
:10EB6000171B80D9171C80D83A8811D8440040312F
:10EB700006333E00171B40D9171C80D844000029DB
:10EB8000871DC0D8264D3E184400C000841D40D9C2
:10EB90003A88C510150040411501C040151C80D8A9
:10EBA000151B00D9C40140010EA900291EDA00106E
:10EBB0001EAB00703A880B003A8809183A8811D8C1
:10EBC0000420C000264DFEE03AC8F94C0E7B3E07FB
:10EBD0000404C0010E90013F7441C10004BBF81849
:10EBE0001524C0D8C4014003060500008400002994
:10EBF000040200423A880B1804FC3FE70E0D003F68
:10EC0000040480104400C0281500C0451501C0410F
:10EC1000151C80D8151BC0D80EF4FF681E100010FC
:10EC200004FC3FE7440000013A880B003A8811D801
:10EC300016F33F3F172480DA3A880517150100477D
:10EC400015008042151C80D8151B00D9C401C000D6
:10EC500016360019040200424400002106573E0007
:10EC6000172140D9172000D9041A80D9152BC0D9F3
:10EC7000152A40DB80F10D50172BC0D9172A40DB35
:10EC80001E240010171B40D9171C80D83A8811D8B1
:10EC90004400002906D83F00171B40D97441C10029
:10ECA00004BFF8181524C0D8440040291724C0D840
:10ECB0003A88C5141501C0441500C040151C80D801
:10ECC000151B40D9C401C0000E07401926483E104C
:10ECD000172140D9172000D9041A80D980F10D508E
:10ECE0001E0C0010171C80D80E01808C3A882390CF
:10ECF000172380DA3A885554152380DA26413E10CE
:10ED0000172140D9172000D9041A80D980F10D505D
:10ED1000263C3E10172100DD0B0380A00C10801054
:10ED20001E230110172380D8067B3D001E9900107A
:10ED30004400C0003A880598150040DD1501C0DC8C
:10ED4000151CC0DC151BC0D83A8811D8040200423B
:10ED50000C01C0A226E43F583AC8A78C0EE2FF047B
:10ED60000404C0010ECCFF3C7441810204BFB852C0
:10ED7000171B00D9152480DA3A882B38C401000506
:10ED8000172000DF06050000840040210402004235
:10ED90003A88091804FCFF9C0EC4FFAC04048010E0
:10EDA0004400C0201500804515014045151C80D841
:10EDB000151BC0D80EF4FFA01E0400104400400133
:10EDC0003A8809003A8811D806F23F00172140D945
:10EDD000041A80D93A8809E080F10D501ECD3F1009
:10EDE000171B00D9171C80D83A8811D8440040213D
:10EDF00006E83F00172140D9172000D9041A80D90E
:10EE0000152BC0D9152A40DB80F10D50172BC0D926
:10EE1000172A40DB1EBF3F10171B40D9171C80D894
:10EE20003A8811D84400802906C43D001ED2001043
:10EE3000871DC0D82695001844008000841DC0D8C6
:10EE40003A8809101500C0D8150180D83A8811D821
:10EE50003A880B20040200424400002106973D003E
:10EE6000041D00D984008000150000D9150180D848
:10EE70003A8809183A8811D83A880B2004020042CF
:10EE800044000021064E3F00851D00D81650004862
:10EE9000C4DFFF003AB0C4943A70E8A026443D10A5
:10EEA0003A883900172600D9041A40DDCC03809037
:10EEB0003A9706983A8885203AD12490030080102A
:10EEC0003AD12698C4FF7FAD3AB0A41C050080A8B3
:10EED0003AB0C4941EF53F1006593E00172140D9A0
:10EEE000172000D9041A80D980F10D501E893F10D7
:10EEF000171C80D83A8811D806953F00172140D9B1
:10EF0000172000D9041A80D980F10D501E813F10BE
:10EF10003A8811D806ED3C00172140D9172000D9B6
:10EF2000041A80D9152C40DA152A80DB80F10D50A7
:10EF3000172C40DA172A80DB1E763F10171B40D9AA
:10EF4000171C80D83A8811D844000029065B3D0080
:10EF5000172140D9172000D9041A80D9152C40DA7E
:10EF600080F10D50172C40DA1E6A3F10171B40D954
:10EF7000171C80D83A8811D84400002906103F0099
:10EF80001EC30010440000013A880B003A8811D8D3
:10EF9000060D3F00172140D9172000D9041A80D947
:10EFA00080F10D501E5B3F10171B00D9171C80D835
:10EFB0003A8811D84400002106803D0074410101C7
:10EFC000044B3821152600D91522C0D83A882910BB
:10EFD0003AB0C4941EB23F103A88390084008000D1
:10EFE000066B3E00172280DA851D00D83A8827007C
:10EFF000040180501700805416603E48C4DFFF00B3
:10F00000152280D83A70E8A03A88390026BB3E9095
:10F010004402800036EEBD1406BA3E00040C8000A7
:10F02000451DC0D8051D80D8851D00D89400C0A0FE
:10F0300016A90048C4DFBF003A7096A09400005D96
:10F040003A88390006973F003A882580062E3C0012
:10F0500074418100044BB8103A883900152680D8D5
:10F0600006903F003AC8A504440B00073AC004903C
:10F070003AC8E704851D00DF3AC8A798169F0048E4
:10F08000C4DFBF003A70A8A006D03D00264C007037
:10F0900084008000041DC0D81500C0D8150180D898
:10F0A000440000013A8811D806733F000C1080A07C
:10F0B000172280DA26063E100F0080540401805289
:10F0C000152280DAFAD727903A88059806B83D00CD
:10F0D0000C0480A01E0900100C10C0A226070058C6
:10F0E000172280DA1700805004018052152280DA3E
:10F0F000172380DA0D00801206E73B00172280DA22
:10F100001700805004018052152280DA172380DA1C
:10F110001500801206E03B000C1080A0172280DA58
:10F12000263000100B008054040180523A882700DA
:10F13000152280DA06803D000700C08006003C00F2
:10F140000C1080A0851D00D8172280DA1E20001028
:10F1500004018050170080543A8827000EEF3D4884
:10F160003AB0C694152280D81E4E3D183A88390010
:10F170003A88050006063E00172140D9172000D91D
:10F18000041A80D9152C40DA152A80DB80F10D5045
:10F19000172C40DA172A80DB1EDE3E10171B40D9E1
:10F1A000171C80D83A8811D84400002906743E0004
:10F1B000C4FFBF0006583C003A8811D806E83E005C
:10F1C0003A880B00440000013A8811D8067C3E00C2
:10F1D000040180500B0080543A8827000ECF3D4830
:10F1E00006DF3F0017008054040180523A88270050
:10F1F000152280DA06503D00040180500B00805437
:10F200003A8827000E7D3F4806DC3D001522C0D815
:10F210003A88390006DB3D007441810204BBB852D4
:10F22000152480DA06833E00171C80D8172100DDE4
:10F2300026B93E10172000D9041A80D93A880BA0AD
:10F2400080F10D5006B43E004300C080140800A5B4
:10F2500044000084CC3FC0181C20C01804E0FF18F4
:10F2600006B73B003A8809A8152AC0D8152B00DA42
:10F27000402C0350172AC0D83A882710831D00DF7E
:10F280001522C0D83A881300172B00DA064D3C002F
:10F29000172140D9172000D9041A80D9152C40DA3B
:10F2A00080F10D50172C40DA1E9A3E10171B40D9E2
:10F2B000171C80D83A8811D84400002906423E0025
:10F2C000171B40D97441010104BF3821152400D90E
:10F2D00044004029066D3C003A88390084008000D3
:10F2E000CC3F801044000001261E00118400000164
:10F2F0001E1E00113A88291806EA3E003A8807A027
:10F300004400800006F63F00840180002E01401278
:10F310003A8813103A8827483A8825481615004835
:10F32000744141051522C0D8045078AD06143D0043
:10F330007441810204BBB852152480DA3A880D204A
:10F3400006913C003A8821503A881300067D3B0024
:10F350003A882748831D00DF1522C0D83A88130059
:10F3600006183C003A88291806183D003A882918E2
:10F3700006CD3C003A88250006E93F00172280D8D8
:10F380004300C0803A8821501700401204018010C9
:10F39000152280D80EAF3F48CC3FC0181C20C018A3
:10F3A000C4FF7F0204E0FF1806653B00851DC0D93D
:10F3B00006A03C00851DC0D906AD3C00851DC0D906
:10F3C000067D3D00851DC0D9065F3D004C0080A034
:10F3D0003A88390026050010040C8000C51980D831
:10F3E0001727C0DCC41940DD06F63B003A88270029
:10F3F000041A40DD06F33B00851DC0D906C83D0058
:10F40000851DC0D9063A3D00851DC0D9062A3D009C
:10F41000851DC0D906DE3C00851DC0D906BC3C0058
:10F420007441810004EF91103A880F303A880D281A
:10F430003A880B2017000011C1020E500B038028E0
:10F440001719C02A8B03802A1707402A1709002A98
:10F4500004E2FEDE0400C100151A01DC4CFFBF10FF
:10F460003A8821283A88CBD8151C81DC151B41DC51
:10F47000151DC1DF3A8825200D0381D81519C1DA81
:10F480008D0381DA150741DA150901DA1500C1DEAD
:10F490001504C1DE1502C1D81505C1D8150601D85D
:10F4A000C0020E503A88231016040010040041D9FF
:10F4B0003A880990C05509501E0D00100B0381D8E1
:10F4C0000C108010260300100B0380801410801095
:10F4D0000D0380803A880588171DC1DF171C81DC69
:10F4E000171B41DC171A01DC041EC1DE3A2800F8A4
:10F4F000C4FF7F0406F13F0004FDFFDE3A880528C3
:10F50000150000DC74410104150140DC3A880B3021
:10F51000045012843A8823203A880D383A8809101A
:10F520001502C0DF15000080C0BE2050C4FFFF00E0
:10F530002605C0101702C0DF170140DC170000DCF1
:10F540000403C0DE3A2800F81700C08026F93F18EF
:10F550001500C08806F73F0004FDFFDE150000DC43
:10F5600074410104150140DC045012843A882320C0
:10F570003A8809281502C0DF15000080C09E20507F
:10F58000C4FFFF002605C0101702C0DF170140DCD2
:10F59000170000DC0403C0DE3A2800F81700C08022
:10F5A00026F93F181500C08806F73F003A388B2926
:10F5B00004FEFFDE1501C0DF150000DCC07E0A502E
:10F5C0002629001017FFBF113A88211004FFBF0041
:10F5D0003A708C300409C0003A888D303616801994
:10F5E000C40480002E0B80111500008015010080DE
:10F5F000C40680002E1A80111502008015030080B9
:10F600001E15C0301504008004068080150500809A
:10F61000060100003A880580150000101501001051
:10F62000150200103A8805801701C0DF170000DCC2
:10F630000402C0DE3A2800F83A880B003A880980B4
:10F64000805102503A8805801701C0DF170000DCA6
:10F650000402C0DE3A2800F80404808006EE3F0071
:10F660000402808006EC3F003A88050006EE3F0069
:10F670002639002804FCFFDE150140DC150000DC03
:10F680001503C0DF150280DC3A8823203A88212840
:10F6900026020020170E8020262700100F038080EE
:10F6A0001E0700103A8805001703C0DF170280DC30
:10F6B000170140DC170000DC0404C0DE3A2800F823
:10F6C0003A880B803A880988003409503A88251016
:10F6D000170B808026040010170740813A8809889C
:10F6E0003AE83E10161600100B0380800C208010A4
:10F6F0001E150010170C408126050028041080807C
:10F70000260280283A88098800C00950150C00801C
:10F7100017114081260300283A88098800C0095043
:10F7200015110080809409500D030080C094095089
:10F730003A88059006DC3F008093095006D73F00C9
:10F74000C4FFBF0406E83F00170440813A880988D7
:10F7500000C0095006E73F003A8805003A2800F843
:10F760007441810004EF91103A880B2017000011BA
:10F77000816D0F5004F8FFDE1504C0DC150380DC3A
:10F78000150100DC1507C0DF150640DD150500DD9D
:10F79000150240DC3A8827203A8825283A8821300B
:10F7A000C05D0A504400C000263EC0100417C0814E
:10F7B0003A880D903A880BD83A88099840B50F508E
:10F7C0003A882910C4FFBF00262080A0030040D93A
:10F7D000261C00A03A882300840240050609000088
:10F7E00017008080050040111700C0804400C01839
:10F7F0001500C0804400408C3A8845DC2E11008DF5
:10F80000030040111702C080C4FFFF181502C0801A
:10F810000EF33F1817068080161980181700808095
:10F8200005004011170080800300C01044008010C4
:10F830002623401D150080804400408C3A8845DC1A
:10F8400036EF3F8D3A880590060400000B03C08018
:10F850003A8805A01410C0180D03C0801707C0DF38
:10F86000170640DD170500DD1704C0DC170380DC38
:10F87000170240DC170100DC0408C0DE3A2800F85B
:10F880003A880D80CC3F40293A880998C0800750BB
:10F89000E0FFBF10CC3F801026D63F10C4FFBF0052
:10F8A00006EE3F00C4FFFF90843F000136BFFF20FB
:10F8B0003A880B90050080DC3A88291006C53F0085
:10F8C0003A880D803A880BA83A880998C08007507A
:10F8D000E0FFBF1006EF3F000B0380300C00C810A4
:10F8E0001E0500181719C030140088100D03803051
:10F8F0001400881815198030C17D0F5074418100A3
:10F9000004FCFFDE04EF9110150100DC1700001469
:10F91000150240DC1503C0DF3A8823202602008050
:10F92000170E8080261000100B0380280C00C810D2
:10F930001E0500181719C028140088100D03802810
:10F9400014008818151980283A880D283A880980EB
:10F950003A880B881703C0DF170240DC170100DC70
:10F960000404C0DEC17D0F503A880980150040D9DB
:10F9700080930950170040D906EB3F0004FDFFDEDD
:10F980003A880528150000DC74410104150140DCAB
:10F99000045012843A8823203A880B303A880910A0
:10F9A0001502C0DF1500008040041350C4FFFF00A3
:10F9B0002605C0101702C0DF170140DC170000DC6D
:10F9C0000403C0DE3A2800F81700C08026F93F186B
:10F9D0001500C08806F73F0004FDFFDE150000DCBF
:10F9E00074410104150140DC045012843A8823203C
:10F9F0003A8809281502C0DF150000800013135053
:10FA0000C4FFFF002605C0101702C0DF170140DC4D
:10FA1000170000DC0403C0DE3A2800F81700C0809D
:10FA200026F93F181500C08806F73F0004FDFFDEE9
:10FA30003A880528150000DC74410104150140DCFA
:10FA40003A880B30045012843A8823203A880D38C3
:10FA50003A8809101502C0DF1500008000211350FC
:10FA6000C4FFFF002605C0101702C0DF170140DCED
:10FA7000170000DC0403C0DE3A2800F81700C0803D
:10FA800026F93F181500C08806F73F0004FDFFDE89
:10FA90003A880528150000DC74410104150140DC9A
:10FAA0003A880B30045012843A8823203A880D3863
:10FAB0003A8809101502C0DF15000080C0B7205039
:10FAC000C4FFFF002605C0101702C0DF170140DC8D
:10FAD000170000DC0403C0DE3A2800F81700C080DD
:10FAE00026F93F181500C08806F73F0004F6FFDE30
:10FAF00074418100150880DC150740DC150600DC28
:10FB000004F391101509C0DF3A8821203A88233880
:10FB10001700801426140028150440D9150580D933
:10FB2000005D0A50170580D9170440D93A880F1094
:10FB3000150040DC3A8809803AE83E90C4FFFF0097
:10FB40001E03C010150000888422C0001500C0806C
:10FB50001709C0DF170880DC170740DC170600DC38
:10FB6000040AC0DE3A2800F8005D0A503A880F10F7
:10FB7000150040DC3A880D00040140D93A8809801C
:10FB80003AE83E9006ED3F0004F6FFDE7441810046
:10FB9000150680DC150540DC04EF91101509C0DF67
:10FBA000150800DD1507C0DC150400DC3A88253097
:10FBB00017004014261900207441810004F39110AD
:10FBC000170000153A8821203A882728005D0A503E
:10FBD0003A880F10150080DC3A880D983A880B801F
:10FBE0003A8809883AE83EA0C4FFFF001E03C0100F
:10FBF000150000908422C0001500C0881709C0DFDE
:10FC0000170800DD1707C0DC170680DC170540DC8D
:10FC1000170400DC040AC0DE3A2800F874418100B1
:10FC200004F3911017000014005D0A503A880F1079
:10FC3000150080DC3A880D00040140D93A88098813
:10FC40003AE83E8006E83F0026050028C43F8000D1
:10FC50003605801105008029440080003A2800F80C
:10FC60003A8805003A2800F8842280001500802098
:10FC7000C4FFBF003A2800F87441810004F9FFDE98
:10FC800004F391101506C0DF150540DC150400DCF7
:10FC90003A88233817000014150100D9150240D9FD
:10FCA000150380D9005D0A50170380D9170240D987
:10FCB000170100D93A880F10150040DC3AE83E8061
:10FCC0001706C0DF170540DC170400DC0407C0DEA0
:10FCD0003A2800F804F5FFDE1504C0DC150100DC4D
:10FCE000150AC0DF150900DF1508C0DD150780DD26
:10FCF000150640DD150500DD150380DC150240DC2E
:10FD00003A8827203A8821281E4100383A88233033
:10FD10003A8825202E528029D4FFBF003A882D280A
:10FD200036A88011C43F80003A808511FA900410F3
:10FD30003AD886307441010104C338213A88C7207B
:10FD40000300C0183A8885180408C0003AC887180C
:10FD5000260500183A98E0803AD884983A98E2301C
:10FD60003A98E4983AB02C143AD42A883A8809B0E0
:10FD7000CCFF3F8D3A880BA8809410503A8809B088
:10FD80003A880BA83A882710408E10503A882D10D8
:10FD90003A9426983AD404903A38A1A53AB0C414BB
:10FDA0002E0500143A884514C4FFFFB036014014F4
:10FDB000362301143A882D183AC821143A880BA822
:10FDC0003A880980809410503A8827103A880BA806
:10FDD0003A880980408E10503A9426983A38A9A063
:10FDE000CCFFBF943AB0E4942E0500953A88A58CD8
:10FDF000C4FFFF1036F140942EF0009584FFBF1031
:10FE00003A940CB03A8807003AB0843006590000A2
:10FE10003656C029D4FFBF002E62C0113440800086
:10FE2000C4FFBF1036EEC011040480003AD88638F3
:10FE30007441010104C338213A88C7200300C01867
:10FE4000040840053A8885183AC8ABA81E6200A885
:10FE500036E9003C3A4085993A880700064500009B
:10FE60001E0400303A880B0044000001408E105000
:10FE70003A882310D4FFBF002E4E40143440800037
:10FE8000C4FFBF1036D84014040480003AD88688D6
:10FE90007441010104C338213A88C7200300C01807
:10FEA0003A8885180408C0003AC887181E8F0018C1
:10FEB0003AD42A883AC86184CCFF3F8D4400C00000
:10FEC0003A8809803A880BA81500C0D88094105051
:10FED0003A8809803A880BA83A882710408E10503B
:10FEE0003A9426983AD408903A3821153A882D1039
:10FEF0003AB0C8241700C0D82E0500243A884924F7
:10FF0000C4FFBFB03601402436CA00243A882D1001
:10FF10003AC821243A880BA83A8809801500C0D82D
:10FF2000809410503A8827103A880BA83A880980A4
:10FF3000408E10503A9426983A382915CCFFBF9439
:10FF40003AB0E4941700C0D82E0500953A88A58CE5
:10FF5000C4FF3F11369740942E96009584FFBF1042
:10FF60003A940CB03AB08430060200003A88070098
:10FF70003A880500170AC0DF170900DF1708C0DD3F
:10FF8000170780DD170640DD170500DD1704C0DC0C
:10FF9000170380DC170240DC170100DC040BC0DE15
:10FFA0003A2800F8C43F80003A80C511FA90041046
:10FFB000069E3F00C43F80003A804514FA9004102A
:10FFC00006B23F0034408000C4FFBF103688801165
:10FFD0000404800006563F003AD8AE303A984E3DB1
:10FFE0003AD8AC803AD884983AB0EE3D3AD424B8A6
:10FFF0003A9860853A8809B03A880B903A98683503
:020000040031C9
:100000003AB02014809410503A8809B03A880B9086
:100010003A882310408E10503A940888CCFF3FBF96
:100020003AD406803A38A3E03A880D103AB006195F
:100030002E04401C3A88C71DC4FFBF102E75C01D7A
:100040003A880D103AC8631C3A880B903A880988A0
:10005000150080D9809410503A882D103A8809886C
:100060003A880B90408E10503A942CB03A3889E080
:10007000CCFF3F843AB0A085170080D92E040081C0
:100080003A88E185C4FFFF102E5EC0853A880518C6
:100090003A940C30CCFF7FA13AD428A03AB08430F7
:1000A000CCFFFF103AD40C103A384F193A38071DDC
:1000B0003A384B313AD410383AC821813A88471936
:1000C0003A88C7403A380D352E02401974000001B5
:1000D0003A880D313AD428183A888DA1363E80816D
:1000E000263880813A88070006A23F003A98E288C5
:1000F0003AD8A8803A98E0803AD42A883AD88498A6
:100100003A8809A03A880BA83AB02E143A98E49895
:10011000809410503A8809A03A880BA83A88211098
:10012000408E10503A883910CCFF3F8D3A94208091
:100130003AD404B83A382DA73AB004142E068015E4
:100140003A884514C4FFFFE0363840142E37801536
:1001500084FF3FE73A8845143AC8AD153A880BA8A2
:100160003A8809B0809410503A8827103A8809B02C
:100170003A880BA8408E10503A9426983A38A1A09D
:10018000CCFF3FB93AB0C8242E0600243A8849244F
:10019000C4FFFF10362340242E22002484FFBF100A
:1001A0003A8849243A9438E03AC821243AB086E0A3
:1001B00006433F003A88052006693F003A88051843
:1001C000060F3F003A9406183A98669DCCFFFF3917
:1001D0003A88C7192EC3FF98C4FFBF1006C13F005D
:1001E0000406800006113F000406800006273F0039
:1001F0000406800006CE3E003A88070044008000D6
:10020000065C3F002EA13F8184FFBF103A88E18544
:10021000069F3F002E8A7F1C84FFBF313A88C71D8E
:1002200006883F003A88051806DE3F003A883918EC
:1002300006C93F0084FFBFB53A88492406343F0011
:1002400084FFBFB53A88451406DB3E0004F4FFDEA8
:10025000150A00DF150340DC150200DC150BC0DFBA
:100260001509C0DD150880DD150740DD150600DD28
:100270001505C0DC150480DC3A8821203A88232843
:100280003A8839281E3C00383A8827303A88292095
:100290002E518029D4FFBF00369A8011C43F00013F
:1002A0003A808921FA9008203AD804317441C1007B
:1002B00004C3F8183A8885180300C01004088000A9
:1002C0003A8809193AC82511260500903A98A28C57
:1002D0003AD808813A98A6343A98A8843AB0782453
:1002E0003AD42E983A8809E0CCFFBF9D3A880BB8E3
:1002F000809410503A8809E03A880BB83A882B105D
:10030000408E10503A9406A83AD408A03A3885B0E6
:100310003AB0C8202E0380203A88C9243601C02470
:10032000361081203AC8AB203A880BB83A8809A821
:10033000809410503A8823103A880BB83A8809A85C
:10034000408E10503A9422883A3885B0CCFFFFA0F6
:100350003AB0461C2E0480183A88C71C3602C01CCE
:100360002E0180183A88C71C3AC885183AD88414D8
:100370003A880700064F0000364CC029D4FFBF0062
:100380002E58C01134408000C4FFBF1036E7C011A2
:10039000040400013AD804397441C10004C3F818B8
:1003A0003A8885180300C0140408C0003A882799C9
:1003B0003AC8E91C1E5800A03601403C36EB80814B
:1003C0003AC885813AC8E3893A8089803AC8398930
:1003D0003A8807E0063700001E0400303A880B0018
:1003E00044000001408E10503A882710D4FFBF000F
:1003F0002E40C01434408000C4FFBF1036CDC0145E
:10040000040480003AD886987441010104C338215D
:100410003A88C7200300C0183A888718040880006B
:100420003AC8E5101E9000903AD42C983AC8E38C54
:10043000CCFF7F9D3A880BB03A8809888094105091
:100440003A8809883A880BB03A882110408E1050BB
:100450003A9406803AD408A03A3845153AB0C820F4
:100460002E0480203A88C9243602C0242E01802020
:100470003A88C9243AC8A1203A880BB03A88098042
:10048000809410503A8823103A880BB03A8809803B
:10049000408E10503A9422883A384515CCFF3FA53B
:1004A0003AB046A42EB0BF1806AB3F003A880520EC
:1004B0003A880728170BC0DF170A00DF1709C0DDCD
:1004C000170880DD170740DD170600DD1705C0DCC3
:1004D000170480DC170340DC170200DC040CC0DECC
:1004E0003A2800F8C43FC0043A80C999FA9008201D
:1004F00006A83F00C43F80003A80C514FA9004105B
:1005000006C03F0034408000C4FFBF10368B80110E
:100510000404000106643F003AD8C4343A980E3D02
:100520003AD8F88C3A98108D3AB0AA383AD42CA818
:100530003AD8E2843A8809E03A880BB03AB0228A85
:100540003A982435809410503A8809E03A880BB0E4
:100550003A882F10408E10503A880D103A9408B8FF
:10056000CCFF3FAA3AD404883A38AF413A98208564
:100570003AB004112E04C0153A884515C4FFFF3067
:100580002E7440153A880D183AC8EF153A880BB00A
:100590003A8809B8150180D9150000DA8094105006
:1005A0003A880BB03A8809B83A883910408E105012
:1005B000170000DA3A9438E03A880B103A3889404C
:1005C000CCFF3F8A3AB01047170180D92E04004172
:1005D0003A885145C4FFBF102E5A40453A880B1047
:1005E0003A940C30CCFFFF913AD404903AB04C319D
:1005F000CCFF7F313AD40C303A38D3293A388B28A3
:100600003A38CF313AD406483AC811413A88CB2912
:100610003A884B193A3885302E02C0297400C00040
:100620003A88C5103AD408283A940A28CCFF7F4A61
:100630003A8885203A884B2A36368040264D8040BD
:100640003AC889403A880F283AC8CF813A80C78192
:100650003AC8C7203A98C41C3AD80E3D3AD8061D6D
:100660003AB0C41106933F003A98A69C3AD8E8885D
:100670003AD8C4803AD42C983A98A28C3A8809A0E7
:100680003A880BB03AB07814809410503A8809A098
:100690003A880BB03A882310408E1050CCFF7F9DD3
:1006A0003A940A883AD408E03A3885A83A98A88457
:1006B0003AB048212E0480203A88C9243602C0244A
:1006C0002E0180203A88C9243AC8A3203A880BB06A
:1006D0003A880988809410503A882F103A880988FF
:1006E0003A880BB0408E10503A942EB83A3885A80C
:1006F000CCFF3FE13AB0C8252E0480203A88C924B7
:100700003602C0242E0180203A88C9243AC8A3208A
:1007100006483F003AC88F2C3AC845153A80CB2985
:100720003AC845113AC8894006C73F00040600018F
:1007300006183F000406800006323F000406000150
:1007400006D93E002EA53F4184FF7F293A885145B6
:1007500006A33F002E8BFF1584FFBF313A88451555
:1007600006893F003A88C92406EE3E003A88058093
:1007700006173F0036E77F813A880F283A8809003C
:1007800006B13F00161B00203A880F0016160028FD
:100790003A880D202E1A0029040880004400C00069
:1007A00006010000260D00103A884B29C4FFBF1037
:1007B0003A88C71836FB3F293A88050026070018F3
:1007C0003A880500360240313AC84D313AB0C4107B
:1007D0007AD006187AD00A281EFA3F182601003867
:1007E0003AC885003A2800F83AC84B015C00C03985
:1007F00006E73F003AC809014400C00106E33F0094
:100800004400C00006EE3F00161700203A880F0093
:100810003A880520161200282E16002904088001A7
:100820004400C00006010000260A00303A884B2927
:10083000C4FFBF313A88C71836FB3F292605001888
:100840007AD00618360140113AC845117AD00A28E4
:100850001EFB3F18260100383AC885003A2800F8E8
:100860003AC84B0106EC3F003AC809014400C001F8
:1008700006E73F004400C00006F13F003A880D2023
:100880002E15002916140028040880004400C0001A
:1008900006020000260E0010160500283A884B2993
:1008A000C4FFBF103A88C71836FA3F292608001837
:1008B0003A880500360240313AC84D313AB0C4108A
:1008C0007AD006187AD00A281EFA3F183A2800F87B
:1008D0003A8805003A2800F84400C00006F43F00BA
:1008E0003A8805202E1200291611002804088001DC
:1008F0004400C00006020000260C00301605002847
:100900003A884B29C4FFBF313A88C71836FA3F29C5
:10091000260600187AD00618360140113AC845114B
:100920007AD00A281EFB3F183A2800F83A2800F827
:100930004400C00006F73F003404C002C4FFFF5A61
:10094000FAD706283A70D42A3A70D23A3AD50438FF
:100950007AD718303AD50A28FA9014507AD710204E
:10096000FA901248FAD70E3804FBFFDE150280DC3D
:10097000150140DC150000DC1504C0DF1503C0DCE8
:10098000CC3F801CCCFF012C3AB01052FA902220B0
:10099000CCFF81103AB0124BFA900C302675C09102
:1009A0003AC887800EABC0001E2A00103AB08449B6
:1009B0001E960010CC01808826070010CC0380888A
:1009C0000401C0002604C0103A88C7883A80631C1E
:1009D0003A8851443A8823182C2080402659001028
:1009E00044000084C4FF810026BA808034E0BF0048
:1009F000C4FFBF103A7090407A9704407A9210403A
:100A0000FAD02288CCFF01843AD310403A8807906C
:100A10003AB04414CCFF01843A952080CC3FC018F2
:100A200034040001C4FF3F21FA9706183A701041C0
:100A30003AB010443AB0C6401704C0DF1703C0DC18
:100A4000170280DC170140DC170000DC0405C0DE63
:100A50003A2800F8C4FF810026D6BF803420404ADF
:100A6000040E8000169FC010C407800016C2C0107C
:100A7000040880003AC8C5103A988A483AD8C83065
:100A80003A9884303AD8C6483AB00C293AC0041093
:100A90003AB08C303AC88D893A80A3893AC8D1409F
:100AA0003AC851443A8823302C2080402623001035
:100AB0003420C004C4FFFF9C3A70E64426760098B8
:100AC0003A88099840FA125004FEFF10C40700014A
:100AD0001677C020040880003AC8C5103AD8848828
:100AE0003A98D0983A98E2883AB004121674001CEA
:100AF0003AC8211C44000082C407C0001691001AA5
:100B00000408C0003AC8071A3AD8088A3A98E28816
:100B10003A98C6103AD810123AC004883AB006196A
:100B20003AB0A2183A88210006A23F003AB09018C5
:100B3000267D01403A8811103A882318CC0180881C
:100B40001E9E3F107A970440FAD02288FAD01040B7
:100B50003A8807903AB04414C4FF0101262400816A
:100B60003A70208134040001C4FF3F213A701041E3
:100B700006A83F003AC889800E5E0001262B0010AF
:100B8000C4FF8100268BBF803420404A040E8000C1
:100B90000EA400113AB08C493AC00A303A881300CA
:100BA0003A884B2C3A80632C3A88114A3A88118A49
:100BB0003A8823282C20804026E03F1044000084FF
:100BC000C4FF810026D2808034E0BF00C4FFBF1084
:100BD0003A7090407AD00A88FA9708404C00C08852
:100BE0003AB0E2287AD010403AB0622406713F0051
:100BF0003AB0884026450120340400013402004206
:100C0000C4FF3F213A70104106823F00C4FFFF1825
:100C10001E4900183AC88B893A8063893AC8514204
:100C20003AC851443A882328069F3F003AB0844985
:100C300026603F10C4FF3F211E9300203A888D8913
:100C40003A8063343A8851423A88118A3A8823308C
:100C500006D83F001E54001844008080CCFF81104D
:100C60004400C0000EA080183AC889893A800589DE
:100C70003AC867423AC8A7982C208098266300108B
:100C80003AC863343AC8074A3A804D343AC8A7197B
:100C90003A8825381E8A3F983A88098840FA1250C7
:100CA0000408801004FEFF10C40700010E89FF2015
:100CB00004F6BF103A9884883A8823000E8C3F1CB3
:100CC00034E03F02C4FF3F423AC8E1803A7010125C
:100CD00006383F003A8807903A8811003A880500A4
:100CE000064C3F003AB08C493AC00C303A880700B5
:100CF00006683F001E9C002044008080CCFF41110C
:100D0000440000010E674021C4FF0101267F00114D
:100D10003A888D893A8847423A8051343A88D1409E
:100D2000FA9722407AD00C307AD010403A882110BD
:100D30003AB0A289061F3F00C4FF81001E48BF8051
:100D4000061C3F0044F83F84040800013AD806140A
:100D500026500041041000013AC811223A980412AA
:100D60003AB0A2883AC022883AB0621C3A88110090
:100D70003A88210006713F0004F83F1904088000FA
:100D80003AD8084926458018041080003AC8C51092
:100D90003A9886483AB08C193AC00C303AB08C2157
:100DA0003A880700063B3F00262A0080C4FF010165
:100DB000266800113AC8C70034200042040E000122
:100DC000167CC020C407000116DAC0200408000108
:100DD0003AC8C9203A9814413AD8CA883A9808893A
:100DE0003AD8C6403AB062513AC008203AB0228997
:100DF0003AC863343AC8C7483A804D343AC8911962
:100E00003A8821103A88253806273F003AB0D02486
:100E10001E1B00403A8805003A8807003A882100E6
:100E2000064D3F00C4078000163C001104088000F6
:100E30003AC805113A988E483AD80A313A9884301F
:100E40003AD812493AB04A393AC004103AB08A281E
:100E500006533F003AB04844263E00203A30C600D0
:100E60001E3A00183AC863343AC8074A3A804D34EB
:100E70003AC891193A8821103A882538060A3F0065
:100E80003A882320060D3F00C4FF81001E3FBF802B
:100E900006C83E003A88050006B13F003A880700C0
:100EA00006BC3F003AB044441E87008026BA0010BA
:100EB0003AB0844926BF3E103A8885893A8847422D
:100EC0003A8051143A88D1402C20C0403A882310EF
:100ED000261A3F1834E0BF00C4FFBF103A88212013
:100EE0003A70904006B33E003AB044441E29008058
:100EF0001E4B00103AB09049268B00403A881148AA
:100F00003A8823303A88253806AA3E003A882110CC
:100F10003A8811003A880500060F3F0004F87F2147
:100F2000040880003AD84A49267D802004108000B9
:100F30003AC809113A9812493AB08C493AC00C3073
:100F40003AB08A293A88130006153F00C4FF010110
:100F50001E9A3F113A8811483A8823303A88211066
:100F60003A88253806933E001E1600803AB04A445F
:100F7000265100283A3008011E4D00203A88A389E6
:100F80003A8853423A808D893A8851323A88211002
:100F900006083F001E3000103AB084492671001048
:100FA0003A8811483A8823303A882538C4FF01042A
:100FB00006803E003AB062443AC022883A88070070
:100FC000068B3F00C4FF4101263B40113AC809018E
:100FD00034200042040E400116670029C407400176
:100FE00016700029040840013AC80B293A98544168
:100FF0003AD80E893A984A893AD808413AB0E2512B
:101000003AC00A283AB062893A88A3893A885322BA
:101010003A808D893A8851323A88211006E53E009F
:101020003AB0844926633E103AC887893A80C98815
:101030003AC845423AC805112C20001126BB3E2073
:101040003AC863343AC8074A3A804D343AC89119CD
:101050003A88253806573E003AB08449262E0010BB
:10106000FAD00440FAD022887A9710402C02C0109F
:101070003AB0624426080018FAD008482C02C02072
:101080001E050018FAD00C307A9706483A880520D9
:101090003A8825383AB0A2197AD71088FA90041005
:1010A000FA902288C4FF01043AB0904006413E0005
:1010B000C4FF41011EC77F113A8811483A88233086
:1010C0003A882110063B3E00262F00103AB0844992
:1010D00026110010FAD00440FAD022887A971040E6
:1010E0002C02C0103AB0624426EB3F18FAD00848F0
:1010F0002C02C0201EE83F18FAD00C307A97064820
:101100003A8805203AB0A21906E33F003A88110058
:101110003A880500063F3E00C4FF010406253E0054
:101120003A88130006843F003A8805003A88070091
:1011300006893E0004F87F19040800013AD84A41A4
:1011400026240019041000013AC8C7203A98C64066
:101150003AB0461C3AC006183AB0E2283A8807006E
:1011600006233F003A8807003A881158C4FFBF00A1
:10117000C4FF010406783E003AB062443AC02288B7
:101180003A88090006A03F003A8811483A8823307F
:10119000C4FF010406073E003A8811483A8823300C
:1011A00006043E0004F8FF21040840013AD8CE416D
:1011B000260A4021041040013AC809293A980841FA
:1011C0003AB048243AC008203AB022393A88090097
:1011D000068D3F003A88070006DD3F003A88090087
:1011E00006F73F0004F2FFDE150940DD3AD52A2854
:1011F000150800DDFAD72828150400DC34040004A3
:10120000150C00DFC4FF3F84150DC0DF150BC0DDDA
:10121000150A80DD1507C0DC150680DC150540DCED
:10122000CCFF41AD3A70202CCC3F00A7266100A82E
:10123000C4FF81003A882520263780A834048080A6
:10124000FA9004107AD72020FA90242044007FAD31
:101250003AB0A0803A8827003A8813003AD504387B
:10126000FAD72C3834044004C4FF7F8CCCFF8110A3
:101270003A8811303A70623CCC3FC0B5266C001001
:10128000C4FFC1002664C0103404C088FA90061858
:101290007AD72230FA9010304400BF103AB0E2887A
:1012A0003A880F003AF08CA53AB0C83C3AC8ABA8CF
:1012B000C40380003A880730CC3FC0343690001118
:1012C000BA9008207440810004D084103A888920A4
:1012D000170080203A68001068150105B813010551
:1012E00058150105AC130105581501052C1501050C
:1012F00058150105AC130105B8130105B813010514
:101300002C150105AC1301059C1301059C13010567
:101310009C1301054C1801053AB004241E66001008
:101320000402C0043A8821003A8825008400400263
:1013300006CA3F003A8823803A8811903A882FE005
:101340003A880F48840080001E3181383A8827B8D7
:101350004C00C098C4FF81003A880B003A882500F1
:101360003A950410CC3FC01834044004C4FF7F8C6D
:10137000FA9706183A704A2C3AB08A283AB0C6282A
:101380003A880590170DC0DF170C00DF170BC0DD82
:10139000170A80DD170940DD170800DD1707C0DCDC
:1013A000170680DC170540DC170400DC040EC0DEE5
:1013B0003A2800F83AB004243A8827202639001049
:1013C000262E01803A880980150380D91502C0D9DC
:1013D00040FA1250170380D91702C0D944FD3F11BB
:1013E0000407C000162101194407C00004FE7F1441
:1013F0003AC807193A9860843AD8C6983A98649CD3
:101400003AB0201CC4FC80103AC8AB003A882700D0
:101410003A88130006913F003AB046341E1F001868
:101420003A8823003A8811008400C001069D3F00DD
:101430003AB0463426150018261B01883A880988D8
:10144000150380D9150140DA40FA1250170380D9EC
:10145000170140DA44FD3F110407C000160E0119C0
:101460004407C00004FE3F123AC807193A98228A7E
:101470003AD8C6303A9810323AB0621CC4FC801098
:101480003AC885003A880F0006863F003A88230054
:101490003A8811004400C00106823F00C400C00128
:1014A00006803F000401C0043A8821003A882500E4
:1014B0004400400206693F000403C004C400400227
:1014C00006663F00340440013A880700C4FF7F29C4
:1014D000C4FFBF04C4FF810006A13F004400C00058
:1014E0003AC88718040E00010E21C1204C00C09894
:1014F0003A8805003A880B003A88250006983F0094
:1015000036FD008C26FB40843A880780C4FF7FADFF
:101510003A8821003AD604403A9222883A8809183B
:101520003A922C403AB0B8883AD428E01500C0D896
:10153000CCFFFFE53A880BA0408E10501700C0D8B2
:101540003A880BA0150380D83A8809188094105067
:10155000170380D93A9406103AD404903A38A3B9C4
:101560003AB0C4102E0640143A880517C4FFFF3065
:1015700036EE00172EED401484FFBF313A88051770
:101580003AC863143A880BA03A880988150380D9B1
:10159000408E10503A880BA03A880988150280D8EE
:1015A000809410501702C0D93A940410CCFFBF9415
:1015B0003A38D1B93AB0A490170380D92E060092D8
:1015C0003A882597C4FFBF3836D600972ED50092AB
:1015D00084FFFF393A8825973A9404303AD412B000
:1015E000CCFFBFB13AB0E2113AD40688CCFF3F89B4
:1015F0003A388B213A38C5303A3849223AD40E2845
:101600003AC825923A8889203A8809393A38471ADF
:101610002E028020740080003A8887183AD4042073
:101620003A940820CCFF7F293A88C7103A8849218C
:1016300036A5C09026BFC0903AC8C7903AC80F815F
:101640003A80E5813AC8A51C26C180E43A880BA0FF
:101650003A880990150380D91502C0D9150140DADE
:10166000408E10503A880BA03A880990150080D817
:10167000809410501702C0D9170000DA3A9406106F
:101680003AD404383A3821BA170380D93AB0C41092
:10169000170140DA2E0600143A880517C4FFFF40F0
:1016A00036AD00172EAC001484FF3F423A88051770
:1016B0003AC821143A880BA03A880980150380D9CA
:1016C0001502C0D9150000DA150140DA408E10501D
:1016D0003A8809803A880BA03A88251080941050E7
:1016E0001702C0D93A9404103A38AFBCCCFF3F3946
:1016F0003AB08820170380D9170000DA170140DAC2
:101700002E06C0253A880927C4FFBF9036940027CB
:101710002E93C02584FFBF943A8809273A94044049
:101720003AC8EF253AB090143AD40840CCFFFF40B5
:101730003A38C5303A38471A3A380D313AD40A1097
:101740003A3813493A8887193A88C7282E028019EF
:10175000740000013A8813493AD408183A940618DC
:10176000CCFFBF103A8853223A888718363840BADF
:10177000263640BA54000042C4FF80A80E57BF006E
:10178000CC01C04026070018CC03C0400401000172
:10179000260400193A8807413A80111A3A88238AA8
:1017A0003A8811182C40C0882604001834C0FF0065
:1017B000C4FFFF18040081A83A70E28884FFC100CA
:1017C00016E3BE187A972488FAD010407A922288BD
:1017D000CCFF81103AB024923AD30A884C00C098CA
:1017E00006DF3E002C028080261200102C0280882A
:1017F0001E1000103404800034024089C4FFBF1062
:101800003A8807B03A708A283A88254006313F0066
:10181000C400800026A68038440080001E52803814
:101820003A8807B83A8805003A880B003A882500BC
:1018300006CB3E003404800034024081C4FFBF1058
:101840003A8807A03A708A2806223F0026CA3F1825
:101850003A88EFE5C4FFBF402E3900BF3A88111027
:101860001EC47FBA1EC3FFB006C33F0004F63F1478
:101870003A98209C3A88250006E23E00150380D95C
:101880001502C0D940FA1250040880101702C0D9BE
:10189000170380D906D13E0004F67F143A986234CB
:1018A0003A88110006F53E003A880930150380D9C0
:1018B000150140DA40FA125004088010170140DA8E
:1018C000170380D906E33E003A88A1853A808585D2
:1018D0003A8805173A88A514C4FFBF882E0C80E407
:1018E000363EC0902669801C3AC8C7903A882310BB
:1018F00006523F0036043F92FA9708807AD004904F
:101900007AD00680FA9720903AB0A42006013F00D2
:101910001EF5BFE42EF2BF853AC8C7E03A8823100F
:1019200006463F003A880F10062B3F003A880D18F4
:1019300006133F0036E43F813A880700063F3F0028
:10194000362C40BA2654C04D3A88111006893F0003
:10195000C4FF3F0206883F003A88111806543F0032
:101960003A882510066D3F003A8827B806823F0066
:10197000C40700011626C020040880003AC8C5101C
:101980003A988A883AD8C8403A9884403AD8E28847
:101990003AB006293AC004103AB08618CC01801833
:1019A00026070010CC038018040100012604001152
:1019B0003A8805180401C0103A8085183A88A3882F
:1019C0002C208088262700104C00C09844008000FE
:1019D0003A880B003A88250006613E003A88A185C6
:1019E0003A8085853A8805173A88A51484FF7F8C4C
:1019F00006113F003A8889B53A80AD253A8839B753
:101A000084FFBF403A882FBF3A882D2006933F00BD
:101A100044F83F013AC885203AD8888804088000F5
:101A200026218018041080003AC8C5103A9884888E
:101A30003AB004123AC004103AB08420CC014014E9
:101A40001E0D00883A880B00FAD024104C00C09874
:101A50003A8805003AB0649406413E003A8807107F
:101A60003A8823007A920A883A8805187A97228859
:101A70003AD30A2806F43F00CC03C0100401000149
:101A800026F63F193A88230006CA3F0036D33F8125
:101A90003A88231006A83F0036D6FFB03A881110C6
:101AA0001E34FFB006343F003A88050006E03F00D0
:101AB0003404800034024089C4FFBF103A8807B85C
:101AC0003A708A283A88254006823E003AD5042892
:101AD0003AD5063834040002C4FF3F42CCFF8110DF
:101AE000C4FF81023A70122ACCFFC1183A70103A32
:101AF000FAD70A28FAD70E3826108012C4FF8102BE
:101B0000260A801A2602C010440080003A2800F8F5
:101B10001EFD3F4A1EFCBF21260CC0291EFA3F10A5
:101B20003AB044223AC004103A2800F83AB01432CD
:101B300026F43F50440080003A2800F83AB054227E
:101B400026EE3F50440080003A2800F83A8805000D
:101B50003A2800F83AD504283AD506383404000269
:101B6000C4FF3F42CCFF8110C4FF41023A70142AE7
:101B7000CCFFC1183A70103AFAD70A28FAD70E38B3
:101B8000261D4012C4FF41022612401A1E080010F2
:101B90003AB096223A0013581E0900183AB018328B
:101BA0001E0700603A8805001E1000583A2800F809
:101BB0001E0C00183AB01232260C00483A88130066
:101BC000CC3FC03926080048260900384400800070
:101BD0003A2800F83AB0123226EC3F4884FFBF00A2
:101BE0003A2800F8CC3FC0392606C02926F73F28FE
:101BF000C4FFBF003A2800F83AB0922226E13F48DD
:101C000006F63F0016F9BF181603C01036F7BF429C
:101C1000260300522E0400521EEC3F2806F43F001B
:101C200036F23F3136FCBF213A8805003A2800F8E9
:101C30003AD504283AD510383404C000C4FFFF1840
:101C4000CCFF8110C4FF41023A70D428CCFF01427E
:101C50003A70C638FAD70A28FAD70E38261F40122B
:101C6000C4FF4102261440421E0900103AB09622D9
:101C70003A001358CC3F40291E0A00403AB0D830F1
:101C80001E0800603A8805001E1100583A2800F826
:101C9000CC3F40291E0C00403AB0D230260C004800
:101CA0003A881300CC3FC039260800482611003876
:101CB000440080003A2800F83AB0D23026EA3F4883
:101CC000840080003A2800F8CC3FC039260740390C
:101CD0001E080028440080003A2800F83AB09222FA
:101CE00026DF3F48840080003A2800F80E03804039
:101CF00026EF3F38C4FFBF003A2800F816EB3F122A
:101D000036F3BF1A2603C0502E04C0501EE83F28E9
:101D100006F83F0036EE3F3136FCBF213A88050019
:101D20003A2800F804F3FFDE3AD50428150980DDCF
:101D3000FAD72C28150300DC34040004150840DD14
:101D4000150580DCC4FF3F84150CC0DF150B00DFD8
:101D5000150AC0DD150700DD1506C0DC150440DCE2
:101D6000CCFF81143A70202C3A882BB0CC3F40B283
:101D700026600090C4FF81003A8829202636809092
:101D800034048080FA9004107AD72020FA9028201A
:101D90004400BF943AB0A0803A8827003A883900BE
:101DA0003AD50438FAD72E3834044004C4FF7F8C67
:101DB000CCFF81103A8811303A70623CCC3F80BA37
:101DC000266D0010C4FFC1002665C0103404C08811
:101DD000FA9006187AD72230FA9010304400BF10DB
:101DE0003AB0E2883A880B003A8885903AB0C82C1D
:101DF000C403C0003AF0ACBD4400C01236990019CB
:101E0000BA9008207440C10004A0C7183A88C920BD
:101E10001700C0203A680018CC200105E01E01051B
:101E2000E01E0105DC1E0105A8200105A820010512
:101E300090200105DC1E0105A82001059020010568
:101E4000A8200105DC1E0105B8200105B820010508
:101E5000B8200105D42201053AB004241E6F0010F9
:101E60000402C0043A8821003A882900840000074F
:101E700006CB3F003A882D508400800026578028EA
:101E8000C400800026668128440080001E4181280D
:101E90003A882BB03A8805003A880B003A88290026
:101EA0003A950410CC3FC0A834044004C4FF7F8C92
:101EB000FA9706183A704A2C3AB08A283AB0C628DF
:101EC0003A8805A0170CC0DF170B00DF170AC0DD2A
:101ED000170980DD170840DD170700DD1706C0DC95
:101EE000170580DC170440DC170300DC040DC0DE9E
:101EF0003A2800F83AB004243A88272026420010F5
:101F000026FC00803A880980150280D91500C0D9C6
:101F1000150140DA40FA1250170280D91700C0D9D3
:101F2000170140DA44FD3F110407C00016ED001907
:101F30004407C00004FE7F143AC807193A98608429
:101F40003AD8C6983A98689C3AB0201CC4FC8010D5
:101F50003AC8A5003A8827003A88390006903F0021
:101F60003AB046341E2600183A8823003A881100F9
:101F700084004001069C3F003AB04634261C0018FD
:101F800026CE00883A880988150280D9150140DAE2
:101F9000150080DA40FA1250170280D9170140DA92
:101FA000170080DA44FD3F110407C00016BF001976
:101FB0004407C00004FE3F123AC807193A98228A23
:101FC0003AD8C6303A9810323AB0621CC4FC80103D
:101FD0003AC885003A880B0006833F003A882BB048
:101FE000C4FF81003A880B003A88290006AC3F0004
:101FF0003A8823003A88110044004001067A3F00E5
:10200000C400400106783F000401C0043A88210062
:102010003A8829004400000706613F000403C00419
:10202000C4000007065E3F00340440013A882B00DC
:10203000C4FF7F29C4FF3F05C4FF810006983F000D
:102040003A8823803A8811A03A880BE0068A3F003C
:102050003A8823803A8811A03A882D483A880BE0C4
:1020600006853F003AD40AA03AD41A40CCFF3FA5D7
:10207000CCFF3F423A3819453A3847413A38096D62
:102080003AD40C603A385D2B3A88C9203A880D3131
:102090002E02C0307400C0003A88DD703AD4268821
:1020A000CCFFFF8B3A38237D3A3849793A38299D5D
:1020B0003AD414883A9412303A8829A1CCFF3F636D
:1020C0003A8815553AD406303A88134B3A38CB2C17
:1020D0002E020051740000013A880B293AD42A805C
:1020E000CCFF3F843A380D443A3865453A38498345
:1020F0003A940E503AD410303AD428503A88892471
:10210000CCFFBF8A3A88953A3A8819413A8869A142
:102110003A88871A3A385B6D2E0280647400000199
:102120003A881B693A38257C3A384B7D3A38CF8457
:102130003AD41E903AD408603A9410603A884F39E5
:10214000CCFF3F333A88DF793A885B233A38639D86
:102150003A8809432E024079740040013A88638925
:102160003A940A78CCFFBF913A88C7703A888D2993
:102170003A808F1A3A880B353A88C7203A88553901
:102180003A8009193A88916A3AD40C783A88192227
:102190003A800B2D3A80CF513AB0CE293A80514344
:1021A0003A800B613AB048413A888F393A88093908
:1021B0007A9210183A8849247A920820FAD5226037
:1021C000FAD506183AB052427A920A603AC01048DC
:1021D0003AB062243AB0C6402C4000893AB0501957
:1021E000260700207AD00640FA9704884C00004267
:1021F0007AD022883AB0101A3AB010123A880558AC
:10220000C4FF40110E444001CC01C0402607001815
:10221000CC03C04004010001260400193A8807419C
:102220003A80111A3A88238A3A8811182C40C088BB
:10223000260400180400411134C0BF00C4FFBF10C1
:102240003A70A28884FF810016647F117A972888EB
:10225000FAD010407A922288CCFF81283AB028A286
:102260003AD30A883A882BB0060D3F002C028080B2
:10227000260900102C0280881E07001034048000FC
:1022800034024089C4FFBF103A882BB83A708A28BC
:102290003A88294006683F003404800034024081B7
:1022A000C4FFBF103A708A2806633F0004F67F140B
:1022B0003A9862343A88110006443F003A8809305F
:1022C000150280D9150140DA150080DA40FA125063
:1022D00004088010170080DA170140DA170280D94D
:1022E00006303F0004F63F143A98209C3A882900B3
:1022F00006163F00150280D91500C0D9150140DA35
:1023000040FA125004088010170140DA1700C0D9B3
:10231000170280D906033F004400C0003AC847199D
:10232000040E800016DAFE10C4078000161BC010D1
:10233000040880003AC8C5103A988A883AD8C8403C
:102340003A9884403AD8E2883AB006293AC0041054
:102350003AB08618CC01801826070010CC038018EC
:1023600004010001260400113A8805180401C01078
:102370003A8085183A88A3882C208088261C001073
:102380003A882BB0440080003A880B003A88290034
:1023900006C33E003A88055806993F0044F8BF003E
:1023A0003AC845113AD8888804088000261A80184F
:1023B000041080003AC8C5103A9884883AB00412D4
:1023C0003AC004103AB08420CC0140141E0D00889D
:1023D0003A880B00FAD028103A882BB03A880500CA
:1023E0003AB068A406AE3E003A8807103A88230047
:1023F0007A920A883A8805187A9722883AD30A2866
:1024000006F43F00CC03C0100401000126F63F197A
:102410003A88230006D53F003A88050006E73F00CA
:102420003404800034024089C4FFBF103A882BB0C6
:102430003A708A283A88294006FF3E003404000298
:10244000C4FF3F4204FBFFDE3A70142A3AD512382B
:102450003A70103A7AD706207AD70430150000DC9B
:10246000FA9014503AD52028FA901040150280DCDA
:10247000150140DC1504C0DFFA9022201503C0DCF2
:10248000CCFF414AC4FF0101FAD72428CCFF0184C4
:102490003AB0C650FAD70E383AB08A40FA900C30AB
:1024A000269600495C00C0393AC845822674803CB3
:1024B0000EAF80001E2A00483AB088291E9A0020DC
:1024C000CC01808826070010CC038088040100011D
:1024D000260400113A880B893A80632C3A88471CFD
:1024E0003A8823282C2080182659001044000084A4
:1024F000C4FF810026BE808034E07F01C4FF7F29B5
:102500003A7046197A9704187A920618FAD02288F7
:10251000CCFF01843AD30A184C0000913AB044141D
:10252000CCFFC1803A952018CC3FC020FA970818FC
:102530003404C000C4FFFF183A70C6283AB0061C25
:102540003AB006191704C0DF1703C0DC170280DC9D
:10255000170140DC170000DC0405C0DE3A2800F853
:10256000C4FF010126D63F8134204029040E00011A
:1025700016A38020C407000116C6802004080001AD
:102580003AC889203A9810293AD88E303A980831BA
:102590003AD884283AB0CC413AC008203AB00C313D
:1025A0003AC88D893A80A3893AC887183AC8471C27
:1025B0003A8823302C208018262300103420C004B1
:1025C000C4FFFF9C3A70E61C267A00983A88099866
:1025D00040FA125004FE3F11C407C000167B0019D8
:1025E000040880003AC805113AD884883A980699B8
:1025F0003A9822893AB0C410167800243AC82124A7
:102600004400C080C40700011695C02004084001A2
:102610003AC8CB283AD8C8883A9862893A984A1179
:102620003AD8C6103AC004883AB00A293AB0A2286B
:102630003A88210006A23F003AB09020268E014041
:102640003A8807103A882320CC0180881E9E3F10CC
:102650007A970418FAD02288FAD010184C0000910A
:102660003AB04414C4FFC1002628C080340440019D
:10267000C4FF7F293A70E0803A704A4106A83F00C3
:102680000E63800026300048C4FF0101268C3F8184
:1026900034204029040E00010EA980203AB08C2974
:1026A0003AC012303A8805003A88534C3A80634C5D
:1026B0003A88C7103A88C7883A8823482C2080185F
:1026C00026D0001044000084C4FF810026FE8080D4
:1026D00034E0BF00C4FFBF103A7086187AD00A8871
:1026E000FA9704184C0000893AB022297AD00618CB
:1026F0003AB062143A88253806713F003AB084290E
:1027000026683F10CC3FC03906673F003AB086408C
:10271000265201183404C00034024041C4FFFF189F
:102720003A70CA28067E3F00C4FFBF101E49001041
:102730003AC88F893A80E3893AC847193AC8471C92
:102740003A882338069B3F003AB08829265C3F2010
:10275000C4FFBF101E9300103A888D893A806334FD
:102760003A8847193A88C7883A88233006D33F0009
:102770001E54001044008080CCFF811044000001F2
:102780000EA280203AC889893A8005893AC867191B
:102790003AC8A7982C208098266300103AC8633462
:1027A0003AC8C7283A804D343AC8A7193A8825381C
:1027B0001E863F983A88098840FA12500408801013
:1027C00004FE3F11C407C0000E853F1904F6BF1078
:1027D0003A9884883A8823000E883F2434E0FF002A
:1027E000C4FFFF183AC821813A70C61006343F0072
:1027F0004C0000913A880B003A88050006483F00DB
:102800003AB08C293AC00C303A88050006643F0083
:102810001E9A001044004082CCFF81484400800290
:102820000E678050C4FF810026AF80483A888D89AA
:102830003A8845193A8047343A888718FA97221817
:102840007AD00C307AD006183A8821483AB0A2895A
:10285000061B3F00C4FF01011E443F8106183F00D4
:1028600044F83F84040840013AD80814265040191F
:10287000041040013AC8C7283A98C4103AB0A28858
:102880003AC022883AB062243A8807003A88210088
:10289000066D3F0004F8FF11040800013AD8CE2964
:1028A00026450011041000013AC889203A980429ED
:1028B0003AB08C113AC00C303AB08C393A880500E5
:1028C00006373F00262A0080C4FF01012666004922
:1028D0003AC885003420C018040E0001167E8020FE
:1028E000C407000116E78020040800013AC88920C7
:1028F0003A9814193AD890883A9808893AD884189E
:102900003AB022523AC006203AB0E2883AC863345C
:102910003AC885283A804D343AC887113A88214808
:102920003A88253806233F003AB0D0241E1B0040C9
:102930003A8805003A8809003A88210006493F0094
:10294000C4070001163A8020040800013AC8892013
:102950003A9812293AD890303A9808313AD88428CF
:102960003AB0124A3AC008203AB01249064E3F0027
:102970003AB0481C263C00203A3084001E38001033
:102980003AC863343AC8C5283A804D343AC88711EA
:102990003A8821483A88253806063F003A8823209D
:1029A00006093F00C4FF01011E3A3F8106C43E00F4
:1029B0003A88050006B13F003A88050006BC3F0092
:1029C0003AB0441C1E8E008026C800103AB08429FC
:1029D00026BB3E103A8889893A8845193A804724AF
:1029E0003A8887182C2080183A88232026163F1012
:1029F00034E0BF00C4FFBF103A8821503A708618F7
:102A000006AF3E003A882538060F3F003AB0441C16
:102A10001E2500801E6600103AB0902926960040C0
:102A20003A8807283A8823303A88253806A43E0099
:102A300004F87F12040800013AD8522A268C0011AB
:102A4000041000013AC885203A9884283AB08C11C5
:102A50003AC00C303AB092493A88050006123F005D
:102A6000C4FF01011E9C3F493A8807283A88233059
:102A70003A8821483A88253806913E001E1F00807A
:102A80003AB0481C265A00203A3084001E560010E6
:102A90003A88A3893A8845193A808D893A888730DF
:102AA0003A88214806053F001E2B00103AB08429C1
:102AB000268000103A8807283A8823303A8825383B
:102AC000C4FF0104067E3E003A8809383A881100A6
:102AD0003A88050006E33E003AB0621C3AC02288FC
:102AE0003A88050006893F003A8809383A88214823
:102AF0003A8811003A88050006DA3E00C4FF010159
:102B0000263B00493AC885003420C018040E000155
:102B1000166E8020C407000116778020040800018B
:102B20003AC889203A9814193AD890883A9808896E
:102B30003AD884183AB022523AC006203AB0E28815
:102B40003A88A3893A8845113A808D893A88873036
:102B50003A88214806D93E003AB08429264200101E
:102B6000FAD00818FAD022887A9706182C0280200A
:102B70003AB0621C26080010FAD012282C028048B5
:102B80001E050010FAD00C307A9704283A880948BC
:102B90003A8825383AB0A2117AD70688FA900820E8
:102BA000FA902288C4FF01043AB0061906443E0098
:102BB0003AB0842926423E103AC889893A80118960
:102BC0003AC845193AC805122C200012269A3E40F0
:102BD0003AC863343AC8C5283A804D343AC8871198
:102BE0003A88253806363E00C4FF01011EC73F491A
:102BF0003A8807283A8823303A88214806303E0030
:102C0000263600103AB0842926170010FAD008188A
:102C1000FAD022887A9706182C0280203AB0621CDB
:102C200026070010FAD012282C0280481E0400103B
:102C3000FAD00C307A9704283A8809483AB0A211A1
:102C40007AD70688FA900820FA9022883A882538A0
:102C50003AB00619C4FF010406193E003A880B0079
:102C60003A880500062E3E00C4FF010406143E000B
:102C70003A88050006753F003A8805003A88090041
:102C800006783E0004F83F12040800013AD8101AF2
:102C900026250011041000013AC885203A988418AE
:102CA0003AB044143AC004103AB0A2403A88050041
:102CB00006163F00340400023A880900C4FF3F4270
:102CC000C4FFBF00C4FF010406663E003AB0621CA8
:102CD0003AC022883A88050006993F003A880728BA
:102CE0003A882330C4FF010406F53D003A880728DE
:102CF0003A88233006F23D0004F83F120408000130
:102D00003AD8101A260A0011041000013AC885208A
:102D10003A9884183AB044143AC004103AB0A24029
:102D20003A88050006863F003A88050006DC3F0029
:102D30003A88050006F73F003AD50C283404C00055
:102D4000C4FFFF18CCFF813184FFC0013A70C62850
:102D5000FAD70A280E12803944078100160C801118
:102D6000C40C81003AC88511C407C0013404C018DE
:102D7000160D803844FBBE313AD884203A98861923
:102D80003AB08418260700283AC885003A2800F887
:102D90003400A000C4FFBF103A8885283A2800F804
:102DA0003A8805003A2800F8C40481003AC8851121
:102DB0003AD8841806F33F0004FDFFDE1502C0DF99
:102DC000150140DC150000DC262B00203A8823206A
:102DD000FAD72020162D00203A88098840FA125090
:102DE000840741013AC88B28C40C01013AC8492123
:102DF000C407C0000E160019C404C1003AC8471920
:102E00003A98C68834048000C4FFBF103A70861810
:102E1000CCFF41293A880D803A8805003A950A2866
:102E2000CC3F803134040001FA970C30C4FF3F21BD
:102E30003A7006193AB046193AB086191702C0DF3F
:102E4000170140DC170000DC0403C0DE3A2800F85C
:102E5000C402C0003AC887183AD8C6883A9804898C
:102E600034040001C4FF3F21CCFF41293A70061908
:102E70003A880D8006E93F003A880D003A880B0039
:102E80003A8807003A88050006E43F003AC8230163
:102E900006D13F0004FEFFDE150000DC1501C0DF97
:102EA0003A8821202622002040FA1250840701018E
:102EB0003AC88920C40C81013AC80D31C407C0004A
:102EC0000E128019C404C1003AC807193A98CA8082
:102ED00034048000C4FFBF10CCFF01213A882100D8
:102EE0003A708A283A9508203404C000C4FFFF18BD
:102EF0003A70C6283A8805803AB006191701C0DF33
:102F0000170000DC0402C0DE3A2800F8C402C0004A
:102F10003AC88B183AD84A813404C000C4FFFF185D
:102F20003A98A081CCFF01213A70CA2806ED3F00F3
:102F30003A8809003A880B0006EA3F00D4FFBF0038
:102F400036050011C43F8000360F001104088000D0
:102F50003A8807000605000034408000C4FFBF1017
:102F60002E0C0011040280000406C0003AD8C820CC
:102F70007441C10004C3F8183A8809190300C0203D
:102F80003AC8C5103A2800F8040680000402C000C0
:102F900006F63F00040480003A88071006F33F005D
:102FA00004FEFFDE1501C0DF150000DF3A8839D8C6
:102FB0001741A0D0260300101741A0D03AE83E10D8
:102FC000060100000463A0D03A8837E01701C0DF93
:102FD000170000DF0402C0DE3A2800F804FBFFDE21
:102FE0001504C0DF150300DF040300DF15FE3FE119
:102FF00015FF7FE117FEBFE01606001017FEBFE0C9
:103000002403C01074418100041D91103A88851872
:10301000060100003A88050015FDBFE017FDBFE07E
:103020002610001017FDBFE0170080101708801051
:103030002607001017FDBFE017008010170880104A
:1030400017FF7FE117FD3FE13AE83E10060A000056
:1030500017FFBFE00400C8001501C0103A88050042
:1030600006050000800013503A88071044148000C1
:1030700015008018C4FFBF003A8837E01701C0DF91
:10308000170000DF0402C0DE3A2800F804FEFFDE6D
:103090001501C0DF150000DF3A8839D81741A0D0EC
:1030A000260300101741A0D03AE83E1006010000A8
:1030B0000463A0D03A8837E01701C0DF170000DFB3
:1030C0000402C0DE3A2800F804EDFFDE1512C0DF6E
:1030D000151100DF041100DF15FF3FE117FFBFE00E
:1030E0001606001017FFBFE02403C01074418100D2
:1030F000041D91103A888518060100003A880500E1
:1031000015EFBFE017EFBFE0260E001017EFBFE08E
:1031100017008010170880101E0200104400800065
:10312000060D000004F0BFE03A880B1017FF3FE1E6
:103130004004135017F1BFE020008810CC3F8010EE
:1031400006050000400F13503A8807104414800011
:10315000150080183A8805003A8837E01701C0DF6B
:10316000170000DF0402C0DE3A2800F804FEFFDE8C
:103170001501C0DF150000DF3A8839D81741A0D00B
:10318000260300101741A0D03AE83E1006010000C7
:103190000463A0D03A8837E01701C0DF170000DFD2
:1031A0000402C0DE3A2800F804F9FFDE1506C0DF8D
:1031B000150500DF040500DF15FD3FE115FE7FE189
:1031C00015FFBFE115FB3FE017FDBFE0160600103D
:1031D00017FDBFE02403C01074418100041D91104D
:1031E0003A888518060100003A88050015FCBFE002
:1031F00017FCBFE02610001017FCBFE0170080107E
:10320000170780102609001017FCBFE01700801078
:103210001707801017FFBFE117FE7FE117FC3FE1A2
:103220003AE83E1015FBBFE00605000084DEBF0053
:1032300015FBBFE006020000C4EBBF0015FBBFE0BA
:1032400017FBBFE00E070010401D13503A8807100F
:1032500017FBBFE03AC8850015008018C4FFBF0007
:1032600015FBBFE017FBBFE03A8837E01701C0DF6E
:10327000170000DF0402C0DE3A2800F804F9FFDE80
:103280001506C0DF150500DF040500DF3A880900D8
:10329000C0F51A5000FD1350440000010092185070
:1032A0001568A0D04400000100921850156AA0D003
:1032B00004A3A0D015FCBFE0440080000DFDBFE0DA
:1032C0000BFDBFE03A880910009218503A880710A9
:1032D00017FCBFE01500C01040F91A50744181017D
:1032E0000403B93174414101040379297441010196
:1032F00004033921404E345040F73350F44001016B
:1033000004F50F21C0BF4B501764A0D01765E0D063
:10331000176620D13A880D203A880B183A88091090
:10332000C0DE005015FBBFE044000001C09E2050ED
:1033300017FB3FE180C24B5004F9FFDE150600DFAA
:10334000040600DF15FF3FE13A30050015FEBFE03F
:1033500017FEFFE084FFBF003A7084183A70011036
:1033600017FEBFE015FBBFE01707A0D0C400C010D8
:1033700004FFBF003A7084181507A0D01707E0D0EB
:1033800017FFBFE03A88871834808100040080105E
:103390002E06C01017FBBFE015FABFE017FABFE01A
:1033A0003A700110C4FFBF00060B00001707A0D041
:1033B00015FDBFE01707E0D017FFBFE03A8885187A
:1033C0001507A0D017FBBFE015FCBFE017FCBFE05E
:1033D0003A70011017FDBFE03A8837E0170000DFB0
:1033E0000401C0DE3A2800F804DFFFDE1520C0DF4C
:1033F000151F00DF041F00DF15FF3FE104E2BFE0FF
:103400003A880B10C43F0001808A1A5085FEBFE045
:1034100083FEBFE0CC3F80101E1E001083EEBFE095
:10342000CC3F801015E1BFE01768A0D004FDFFE09D
:103430003A880B183A880910000C195043FEBFE077
:10344000CC3F8010260700101708A0D017E1FFE03E
:103450001E0480181767A0D0440080101567A0D004
:10346000060A00001768A0D084FEFFE03A880D1815
:103470003A880B003A88091080C318504400800035
:103480001567A0D017E1BFE01508A0D03A88010069
:10349000060100003A8801003A8837E01701C0DFD2
:1034A000170000DF0402C0DE3A2800F804FDFFDE4A
:1034B0001502C0DF150100DF040100DF15FF3FE149
:1034C0001767A0D0260B00101767A0D0C4FFBF104D
:1034D0001567A0D01767A0D01E070010C4FFBF005B
:1034E0001508A0D01768A0D03A88091000FB185022
:1034F000060100003A8801003A8837E01701C0DF72
:10350000170000DF0402C0DE3A2800F804DBFFDE0B
:103510001524C0DF152300DF042300DF15FF3FE182
:1035200015DD3FE0436BA0D0CC3F801060008010E1
:103530002636001004E2BFE03A880B10C43F0001B9
:10354000808A1A5085FEBFE083FEBFE0CC3F80102A
:103550001E30001083EEBFE0CC3F801015DEBFE0D0
:10356000176AA0D004FDFFE03A880B183A880910CA
:10357000000C19503A30050015E1BFE017E1FFE0FB
:1035800084FFBF003A7084183A70011017E1BFE061
:1035900015DDBFE00BFDBFE0CCFFBF101E0B001020
:1035A0001709A0D017DEFFE01E0880181769A0D009
:1035B000440080101569A0D017DDBFE015DFBFE023
:1035C00017DFBFE03A700110060E000017DDBFE004
:1035D00015E0BFE017E0BFE03A700110176AA0D015
:1035E00084FEFFE03A880D183A880B003A880910EB
:1035F00080C31850440080001569A0D017DEBFE0DA
:103600001509A0D03A880100060300003A8801009D
:10361000060100003A8801003A8837E01701C0DF50
:10362000170000DF0402C0DE3A2800F804F8FFDECD
:103630001507C0DF150600DF040600DF15FF3FE1B8
:1036400015FA3FE0436BA0D0CC3F801060008010A3
:10365000262300103A30050015FEBFE017FEFFE0FC
:1036600084FFBF003A7084183A70011017FEBFE063
:1036700015FABFE01769A0D01E05001017FABFE0C9
:1036800015FBBFE017FBBFE03A7001100615000004
:103690001769A0D0C4FFBF101569A0D01769A0D0CA
:1036A0001E0A0010C4FFBF001509A0D017FABFE022
:1036B00015FCBFE017FCBFE03A700110176AA0D0FC
:1036C0003A88091000FB18500606000017FABFE000
:1036D00015FDBFE017FDBFE03A70011006010000C4
:1036E0003A8801003A8837E01701C0DF170000DF91
:1036F0000402C0DE3A2800F804F7FFDE1508C0DF38
:10370000150700DF040700DF15FD3FE115FE7FE12F
:1037100015FFBFE115F93FE017FFBFE01E020010E3
:103720003A8805000637000017FDBFE01E050010AF
:1037300017FFBFE00401C0000500C0103A88050073
:103740000630000017FEBFE01E05001017FFBFE0A7
:103750000403C0000500C0103A88050006290000D7
:103760000379A0D0CC3F80102605001017FFBFE0E2
:103770004404C0000500C0103A880500062100007E
:1037800017FDBFE003008010CC3F8010C4FFBF10C6
:10379000280180102605001017FFBFE04400C0007C
:1037A0000500C0103A880500061600003A8801009E
:1037B0003A30050015FBBFE017FBFFE084FFBF00B8
:1037C0003A7084183A70011017FBBFE015F9BFE09A
:1037D00017FDBFE0840380103A880B1017FE3FE10D
:1037E000401E155005FABFE017F9BFE015FCBFE019
:1037F00017FCBFE03A70011017FFBFE00500001092
:1038000003FABFE03A8837E01701C0DF170000DF96
:103810000402C0DE3A2800F804F6FFDE1509C0DF16
:10382000150800DF040800DF15FD3FE115FE7FE10C
:1038300015FFBFE115F83FE017FFBFE0264000107D
:1038400017FDBFE01E04001017FFBFE00401C00019
:103850000500C010063B000017FEBFE01E0400106C
:1038600017FFBFE00403C0000500C01006350000CC
:103870000379A0D0CC3F80102604001017FFBFE0D2
:103880008404C0000500C010062E000017FDBFE034
:1038900003008010CC3F8010C4FFBF1028018010AF
:1038A0002604001017FFBFE04400C0000500C01050
:1038B000062400003A8801003A30050015FCBFE0FC
:1038C00017FCFFE084FFBF003A7084183A700110C3
:1038D00017FCBFE015F8BFE017FE3FE1802515504B
:1038E00005FABFE003FABFE0300880101E080010A0
:1038F00017F8BFE015F9BFE017F9BFE03A70011003
:1039000017FFBFE0C402C0000500C010060D000094
:1039100017FDBFE08403801017FE7FE13A8809108D
:10392000401E155017F8BFE015FBBFE017FBBFE0C6
:103930003A70011017FFBFE00500001006010000FB
:103940003A8801003A8837E01701C0DF170000DF2E
:103950000402C0DE3A2800F804EDFFDE1512C0DFD5
:10396000151100DF041100DF15FC3FE115FD7FE1BB
:1039700015FEBFE13A8805380DFFBFE015F33FE0C3
:10398000170280E01E0200103A880500067101004F
:1039900017FCBFE01E050010170280E00401C00004
:1039A0000500C0103A880500066A010017FDBFE057
:1039B0001E050010170280E00401C0000500C010C1
:1039C0003A8805000663010017FEBFE01E050010DF
:1039D000170280E00401C0000500C0103A8805000D
:1039E000065C010017FDBFE01500001017FCBFE0EA
:1039F00015EFBFE017EFBFE01700801015F0BFE034
:103A00000619000017F0BFE003008010CC3F8010C3
:103A1000A000C0101E090018E000C0101E09001808
:103A2000600080101E090010170280E04400C000F2
:103A30000500C0103A880500064601003A880100DA
:103A4000060300003A880100060100003A880100E0
:103A500017EFBFE00401801015EFBFE017EFBFE0E4
:103A60001700801015F0BFE017F0BFE01EE53F1013
:103A70000379A0D0CC3F801026050010170280E00B
:103A80008400C0000500C0103A880500063101001E
:103A9000036BA0D0CC3F801026050010170280E0F9
:103AA0004403C0000500C0103A8805000629010043
:103AB0003A30050015FBBFE017FBFFE084FFBF00B5
:103AC0003A7084183A70011017FBBFE015F3BFE09D
:103AD00005F13FE08DF13FE005F23FE017FCBFE06C
:103AE00015EFBFE017EFBFE01700801015F0BFE043
:103AF0000681000017F0BFE003008010CC3F80106B
:103B0000A000C0101E3C0018E000C0101E030018EA
:103B1000600080101E1E00100666000017F0BFE057
:103B20000B028010CCFFBF102615001017F0BFE06D
:103B30000B028010C4FFBF103A88071017F0BFE0D7
:103B40000D02C01017FDBFE00401C01015FDFFE01D
:103B500017F0FFE01500C0104400800005F1BFE041
:103B600017FEBFE00401C01015FEFFE015000010B5
:103B70008BF1BFE0440080108DF1BFE006580000DB
:103B800003F2BFE05400801005F2BFE006540000CD
:103B900017F0BFE0170180102613001017FEBFE0DA
:103BA0000401C01015FEFFE017F0FFE01701C01878
:103BB0001500C01017F0BFE01501001017FDBFE0A1
:103BC0000401C01015FDFFE017F0FFE01500C01064
:103BD0004400800005F1BFE08BF1BFE0440080109D
:103BE0008DF1BFE0063E000003F2BFE094008010BC
:103BF00005F2BFE0063A000017F0BFE017018010A1
:103C000015F5BFE017F5BFE08B058010CCFFBF10A6
:103C10002624001017FEBFE00401C01015FEFFE0CF
:103C200017F5FFE01704C0180401401917F53FE12C
:103C3000150440211700C0181500C01017F5BFE08B
:103C40001704C01017F5BFE0170280101E0480187B
:103C500017F5BFE01701C01017F5BFE01504C0103D
:103C600017F5BFE08B058010C4FFBF103A8807101E
:103C700017F5BFE08D05C01017FDBFE00401C010AF
:103C800015FDFFE017F0FFE01500C01044008000B4
:103C900005F1BFE08BF1BFE0440080108DF1BFE083
:103CA000060F000003F2BFE01401801005F2BFE030
:103CB000060B000017F3BFE015F4BFE017F4BFE0F8
:103CC0003A70011017FDBFE015000010170280E0E8
:103CD0004400C0000500C0108BF1BFE0069D00004D
:103CE00017EFBFE00401801015EFBFE017EFBFE052
:103CF0001700801015F0BFE017F0BFE01E7D3F10E9
:103D000003F1BFE0580080101E0A001017FDBFE04D
:103D10001500001017F3BFE015F6BFE017F6BFE07F
:103D20003A700110170280E0050000108BF1BFE02F
:103D300006880000177AA0D0177AE0D0030C00198B
:103D400003F2FFE03AB0C6203A88091804E0FF0009
:103D50003AB0C620050CC010177AA0D0450C001050
:103D6000177AA0D00BFFFFE08D0BC01017FC3FE1CE
:103D7000C08F145017F3BFE015F9BFE017F9BFE08B
:103D80003A700110000A15503A30050015F7BFE0EF
:103D900017F7FFE084FFBF003A7084183A700110F3
:103DA00017F7BFE015F3BFE0177AA0D0430C8010DF
:103DB000CC3F801026020010A000801026180010B2
:103DC000177AA0D01707801015F0BFE017F0BFE0FA
:103DD000260B001017FDBFE00401C01015FDFFE029
:103DE00017F0FFE01500C01017FDBFE01500001030
:103DF0008BF1BFE0440080108DF1BFE0060D0000A4
:103E0000177AA0D04400C000450CC010177AA0D08B
:103E100017FC7FE13A88091040B0145006050000F5
:103E2000177AA0D017FC7FE13A88091040B01450EF
:103E30003A880100177AA0D0430C8010CC3F801044
:103E400026030010A00080101E230010062A000088
:103E500017F0BFE003008010CC3F80100E108000F0
:103E6000D000C0101E070018E0008010260C0010C3
:103E700017FEBFE00401C01015FEFFE015000010A2
:103E80000612000017FEBFE00401C01015FEFFE09F
:103E9000177AE0D01709C0181500C010060B0000F3
:103EA00017F3BFE015F8BFE017F8BFE03A70011054
:103EB00017FDBFE015000010170280E04400C000AD
:103EC0000500C0108BF1BFE006220000170280E061
:103ED000050000100610000017FEBFE00401C0102E
:103EE00015FEFFE015000010170280E08403C000FB
:103EF0000500C0100608000017FEBFE00401C01056
:103F000015FEFFE015000010170280E08402C000DB
:103F10000500C0103A880100177AA0D0050C0010E7
:103F2000177AA0D0450C0010177AA0D01507001002
:103F3000177AA0D015080010177AA0D01509001024
:103F400017F3BFE015FABFE017FABFE03A700110AF
:103F50008BF1BFE03A8837E01701C0DF170000DFC0
:103F60000402C0DE3A2800F804FEFFDE1501C0DFBF
:103F7000150000DF3A8839D840283550C0D4145095
:103F800040D9145000F01450C0C6145000DA165036
:103F9000006A1750807C185000E0145000E814505C
:103FA000402A3550407715503A8801003A8837E06A
:103FB0001701C0DF170000DF0402C0DE3A2800F856
:103FC00004FFFFDE150000DF3A8839D8436BA0D02C
:103FD000CC3F8010580080101E0700100379A0D03D
:103FE000CC3F8010E03F80101E0300100379A0D06A
:103FF000440080100579A0D03A8801003A8837E063
:10400000170000DF0401C0DE3A2800F804FBFFDEE1
:104010001504C0DF150300DF040300DF15FD3FE0DA
:10402000436BA0D0CC3F8010580080101E2F001092
:104030003A30050015FFBFE017FFFFE084FFBF0027
:104040003A7084183A70011017FFBFE015FDBFE009
:104050000379A0D0CC3F8010260300100379A0D0B4
:10406000C4FFBF100579A0D00379A0D0CC3F801049
:104070001E1A0010036BA0D0CC3F80101E1700103A
:1040800000171550036DE0D0436DA0D0CC3FC01891
:10409000CC3F801026118018036DA0D0CC3FC010FB
:1040A000B44181000400B1103A88C7183A88C71893
:1040B0003A88C510170080101575A0D01775A0D0CC
:1040C000170EC0104400C018150EC0101770A0D0F5
:1040D000440080101570A0D040FA345017FDBFE0A6
:1040E00015FEBFE017FEBFE03A7001103A880100EC
:1040F0003A8837E01701C0DF170000DF0402C0DE96
:104100003A2800F804FCFFDE150300DF040300DF9B
:1041100015FD3FE0436BA0D0CC3F801058008010CD
:104120001E1600103A30050015FFBFE017FFFFE034
:1041300084FFBF003A7084183A70011017FFBFE087
:1041400015FDBFE00379A0D0CC3F80101E07001002
:10415000036BA0D0CC3F8010E03F80101E03001006
:10416000036BA0D044008010056BA0D017FDBFE00A
:1041700015FEBFE017FEBFE03A7001103A8801005B
:104180003A8837E0170000DF0401C0DE3A2800F863
:1041900004F8FFDE1507C0DF150600DF040600DFA8
:1041A00015FA3FE0436BA0D0CC3F80105800801040
:1041B0001E2800103A30050015FFBFE017FFFFE092
:1041C00084FFBF003A7084183A70011017FFBFE0F7
:1041D00015FABFE0036BA0D0CC3F80102619001069
:1041E000036BA0D0C4FFBF10056BA0D0036BA0D0A1
:1041F000CC3F80101E0E00100379A0D0CC3F801061
:104200001E06001017FABFE015FBBFE017FBBFE06A
:104210003A700110000A1550060E000017FABFE0B0
:1042200015FCBFE017FCBFE03A7001100609000062
:1042300017FABFE015FDBFE017FDBFE03A700110AF
:104240000604000017FABFE015FEBFE017FEBFE04E
:104250003A7001103A8801003A8837E01701C0DF50
:10426000170000DF0402C0DE3A2800F804FEFFDE7B
:104270001501C0DF150000DF3A8839D8436BA0D0A4
:10428000CC3F80101E0F001000171550036DA0D0FA
:10429000456DA0D0036DA0D0CC3FC010B4418100CB
:1042A0000400B1103A88C7183A88C7183A88C51070
:1042B000170080101575A0D01775A0D0157AA0D062
:1042C000000335503A8801003A8837E01701C0DF13
:1042D000170000DF0402C0DE3A2800F804F9FFDE10
:1042E0001506C0DF150500DF040500DF15FB3FE004
:1042F00084000001C0A31A503A30050015FCBFE04D
:1043000017FCFFE084FFBF003A7084183A70011078
:1043100017FCBFE015FBBFE0156C20D017FBBFE01A
:1043200015FDBFE017FDBFE03A70011084020001E7
:10433000C0A31A503A30050015FEBFE017FEFFE09B
:1043400084FFBF003A7084183A70011017FEBFE076
:1043500015FBBFE0176CA0D01571A0D04400800001
:10436000057DA0D017FBBFE015FFBFE017FFBFE042
:104370003A7001103A8801003A8837E01701C0DF2F
:10438000170000DF0402C0DE3A2800F804F7FFDE61
:104390001508C0DF150700DF040700DF15FB3FE04D
:1043A000802535503A30050015FDBFE017FDFFE0D0
:1043B00084FFBF003A7084183A70011017FDBFE007
:1043C00015FBBFE0177BA0D044008010157BA0D068
:1043D00017FBBFE015FFBFE017FFBFE03A70011009
:1043E000436BA0D0CC3F8010580080101E6A001094
:1043F000036FA0D0CC3F80106000C0101E060018D4
:10440000A000C0101E0600181E0A00104400800004
:1044100005FABFE0060B000005FA3FE006090000C0
:104420004400800005FABFE044008000056FA0D082
:10443000060400004400800005FABFE0056F20D0AC
:104440003A88010003FABFE026520010176EA0D090
:1044500015F9BFE0064900003A30050015FCBFE041
:1044600017FCFFE084FFBF003A7084183A70011017
:1044700017FCBFE015FBBFE017F9BFE08B0B801006
:10448000CCFFBF102636001017F9BFE08B0B801051
:10449000C4FFBF103A88071017F9BFE08D0BC0109A
:1044A00017F9BFE08B0B8010CCFFBF101E2C001043
:1044B00017F9BFE0030C8010CC3F8010CC0D8010AA
:1044C000260B001017F9BFE0030CC01004F2BF0068
:1044D0003A7084183A88071017F9BFE0050CC0102D
:1044E00017F9BFE04400C000450CC01006020000F0
:1044F00017F9BFE0450C001017F9BFE0030C80105E
:10450000CC3F80100C0280101E15001017F9BFE080
:10451000830DC0100377A0D03AB084180577A0D0DF
:1045200017F9BFE0030D8010CC3FC01017F9BFE0B2
:10453000030D8010CC3F00114477A0D03A8885202D
:104540000300001117F9BFE0430D80103AB084203A
:104550003A8809104477A0D03A88851805000011E0
:1045600017F9BFE01705801015F9BFE017FBBFE092
:1045700015FEBFE017FEBFE03A70011017F9BFE06B
:10458000830C8010CC3F8010180580101EB23F10A5
:10459000060100003A8801003A8837E01701C0DFC1
:1045A000170000DF0402C0DE3A2800F804FFFFDE37
:1045B000150000DF3A8839D8844780003A8837E010
:1045C000170000DF0401C0DE3A2800F804FFFFDE18
:1045D000150000DF3A8839D83A8801003A8837E078
:1045E000170000DF0401C0DE3A2800F804F8FFDEFF
:1045F0001507C0DF150600DF040600DF15FC3FE1EC
:1046000015FD7FE13A8807303A88053805FEFFE05E
:1046100005FFBFE017FCBFE083028010CC3FC01055
:10462000744181000407B9103A88C5100300801056
:1046300005FABFE003FABFE017FCFFE03A888518EF
:10464000C402801003008010CC3FC0107441810070
:104650000407B9103A88C5100300801045FABFE07E
:1046600003FABFE0FA9004103A88071043FABFE05B
:104670003A88851885FABFE083FAFFE0B4418100EB
:104680000400B1103A88C7183A88C7183A88C5108C
:104690001700801015FBBFE017FBBFE08D0B00106B
:1046A00017FBBFE017FDFFE01509C01017FBBFE0C7
:1046B000030C80103A88071003FEBFE03A308400F4
:1046C0003A7084183A88071017FBBFE0050CC01039
:1046D00017FBBFE003FFFFE0450CC01017FBBFE076
:1046E000030C8010CC3F80100C0280101E110010B3
:1046F00017FBBFE0830DC0100377A0D03AB0841839
:104700000577A0D003FAFFE003FA3FE14477A0D099
:104710003A8885200300001117FBBFE0430D80108D
:104720003AB084203A8809104477A0D03A88851896
:104730000500001117FC7FE117FB3FE1C0A41450F6
:1047400017FBBFE0170880102608001017FBBFE01A
:10475000170880103A880B1017FB3FE140B0145047
:1047600017FBBFE017FCFFE01507C01083FABFE09E
:104770003A8837E01701C0DF170000DF0402C0DE0F
:104780003A2800F804FDFFDE150200DF040200DF16
:1047900015FF3FE1177AA0D017FFFFE01507C01003
:1047A000177AA0D0030D8010CC3F8010177AE0D08C
:1047B000030DC018CC3FC01817FF3FE13A88C7204F
:1047C000C402C01803000019177AE0D0430DC018C6
:1047D0003AB0C6203A88091817FFFFE03A888518D2
:1047E000C40280100500001117FFBFE08302C01053
:1047F000177AA0D0830D80103AB084183A88071039
:1048000017FFBFE08502C010177AA0D0030D8010FB
:1048100005FEBFE003FEFFE003FE3FE14477A0D0CA
:104820003A888520030080103A880910177AA0D0B2
:10483000430D80103A3084003A7084203A88091081
:104840004477A0D03A8885180500001103FEFFE0E8
:104850004477A0D03A88851803008010CC3F8010A0
:104860001E070010177AA0D0830D80103A30840004
:104870003A8807100377A0D03A7084180577A0D043
:104880003A8801003A8837E0170000DF0401C0DEF3
:104890003A2800F804FBFFDE150400DF040400DF03
:1048A00015FF3FE1177AA0D015070010177AA0D0A6
:1048B00017FFFFE01508C01017FFBFE015FCBFE0B1
:1048C00017FCBFE01700801015FDBFE006200000B8
:1048D000177AA0D0030D8010CC3F8010177AE0D05B
:1048E000030DC018CC3FC01817FD3FE13A88C72020
:1048F000C402C01803000019177AE0D0430DC01895
:104900003AB0C6203A88091817FDFFE03A888518A2
:10491000C40280100500001117FDBFE08302C01023
:10492000177AA0D0830D80103AB084183A88071007
:1049300017FDBFE08502C01017FCBFE00401801026
:1049400015FCBFE017FCBFE01700801015FDBFE0AD
:1049500017FDBFE01EDE3F10177AA0D0030D8010B8
:1049600005FEBFE003FEFFE003FE3FE14477A0D079
:104970003A888520030080103A880910177AA0D061
:10498000430D80103A3084003A7084203A88091030
:104990004477A0D03A8885180500001103FEFFE097
:1049A0004477A0D03A88851803008010CC3F80104F
:1049B0001E070010177AA0D0830D80103A308400B3
:1049C0003A8807100377A0D03A7084180577A0D0F2
:1049D0003A8801003A8837E0170000DF0401C0DEA2
:1049E0003A2800F804FCFFDE150300DF040300DFB3
:1049F00015FE3FE115FF7FE117FEBFE0030D8010BC
:104A000005FDBFE003FDBFE003FDFFE017FF3FE151
:104A10003A88C720C402C0180300C0183A88091891
:104A200017FEFFE0430DC0183A30C6003A70C620AA
:104A30003A88091817FFFFE03A888518C4028010E9
:104A40000500001103FDBFE017FFFFE03A8885185D
:104A5000C402801003008010CC3F80101E0A00109A
:104A600017FFBFE0830280103A88071017FEBFE0EF
:104A7000830D80103A3084003A7084183A88071009
:104A800017FFBFE08502C0103A8801003A8837E07E
:104A9000170000DF0401C0DE3A2800F804FAFFDE48
:104AA000150500DF040500DF15FE3FE115FF7FE17E
:104AB00017FEBFE0030D801005FDBFE017FEBFE04D
:104AC000830D801045FDBFE017FEBFE0430D801051
:104AD00085FDBFE017FFBFE015FBBFE017FBBFE0A0
:104AE0001700801015FCBFE00625000003FDBFE0A5
:104AF00003FDFFE017FC3FE13A88C720C402C0185D
:104B00000300C0183A88091883FDFFE03A30C60058
:104B10003A70C6203A88091817FCFFE03A888518D1
:104B2000C40280100500001103FDBFE017FCFFE088
:104B30003A888518C402801003008010CC3F801092
:104B40001E09001017FCBFE0830280103A8807108E
:104B500043FDBFE03A3084003A7084183A88071069
:104B600017FCBFE08502C01017FBBFE004018010F6
:104B700015FBBFE017FBBFE01700801015FCBFE07E
:104B800017FCBFE01ED93F103A8801003A8837E091
:104B9000170000DF0401C0DE3A2800F804FCFFDE45
:104BA000150300DF040300DF15FF3FE117FFBFE03F
:104BB0008502001017FFBFE0C402801015FDBFE0A2
:104BC00005FE3FE00607000017FDBFE04400C010EF
:104BD00015FDFFE00500001003FEBFE0440080105B
:104BE00005FEBFE003FEBFE0F00080101EF63F10A0
:104BF0003A8801003A8837E0170000DF0401C0DE80
:104C00003A2800F804FBFFDE1504C0DF150300DFBF
:104C1000040300DF04D04201B441010104EC2C2163
:104C200040FE1450B441810004ECAC1015FEBFE00E
:104C3000B441810004F8AC1015FFBFE00DFD3FE06A
:104C40000613000017FEBFE00500001017FEBFE0CE
:104C500017FFFFE01501C01017FEBFE0C40FC00032
:104C60008503C01017FEBFE0C503001017FEBFE0AC
:104C7000040C801015FEBFE017FFBFE0040C80108D
:104C800015FFBFE00BFDBFE0440080100DFDBFE04D
:104C90000BFDBFE0F00E80101EEA3F1017FEBFE0D4
:104CA0000500001017FEBFE01501001017FEBFE061
:104CB000C40FC0008503C01017FEBFE0C50300107D
:104CC000B441810004ECAC101578A0D03A88010002
:104CD0003A8837E01701C0DF170000DF0402C0DEAA
:104CE0003A2800F804FFFFDE150000DF3A8839D8C3
:104CF000157B20D0057920D0056B20D0457320D0BE
:104D0000456B20D0157020D0156C20D0157E20D09A
:104D1000157120D0057D20D03A8801003A8837E00F
:104D2000170000DF0401C0DE3A2800F804FDFFDEB2
:104D3000150200DF040200DF057720D04477A0D001
:104D400015FFBFE005FE3FE00607000017FFBFE0CC
:104D50004400C01015FFFFE00500001003FEBFE097
:104D60004400801005FEBFE003FEBFE0F0008010AD
:104D70001EF63F10456D20D0056D20D0157520D052
:104D8000157A20D03A8801003A8837E0170000DF12
:104D90000401C0DE3A2800F804F8FFDE1507C0DF82
:104DA000150600DF040600DFC4008000150480D86B
:104DB000150300D804808000150280D8B44181001A
:104DC00004ECAA10150180D8D4FFBF00150080D8CC
:104DD0000405C001B441810104EBAC313A880B00F9
:104DE0007440010104AB1421C096195004FFBFE1C7
:104DF000744141010447792904050001C0171A5084
:104E00003A8801003A8837E01701C0DF170000DF59
:104E10000402C0DE3A2800F804F8FFDE1507C0DF00
:104E2000150600DF040600DFC4008000150480D8EA
:104E3000150300D804808000150280D8B441810099
:104E40000474A810150180D894FFBF00150080D805
:104E5000C404C001B44181010473AA313A880B0033
:104E60007440010104C21421C096195004FFBFE12F
:104E700074414101044B7929C4040001C0171A5040
:104E80003A8801003A8837E01701C0DF170000DFD9
:104E90000402C0DE3A2800F804FBFFDE1504C0DF80
:104EA000150300DF040300DF04444101B4410101A4
:104EB00004BC2F2140FE145004154001B4410101EF
:104EC0000400312140FE1450B441810004BCAF10F5
:104ED00015FEBFE0B441810004D7AF1015FFBFE05D
:104EE00005FD3FE00611000017FEBFE017FFFFE0E1
:104EF0001505C01017FEBFE0C40FC0000513C01099
:104F000017FEBFE04513001017FEBFE0041B801022
:104F100015FEBFE017FFBFE0041B801015FFBFE0C8
:104F200003FDBFE04400801005FDBFE003FDBFE0CE
:104F3000F00280101EEC3F1017FEBFE015050010B8
:104F400017FEBFE0C40FC0000513C01017FEBFE07E
:104F500045130010156E20D0B441810004BCAF1081
:104F60001572A0D03A8801003A8837E01701C0DFF7
:104F7000170000DF0402C0DE3A2800F804FDFFDE5F
:104F8000150200DF040200DF15FE3FE13A88052824
:104F90000DFFBFE00607000017FEBFE04400C01091
:104FA00015FEFFE0050000100BFFBFE0C4FFBF10BF
:104FB0000DFFBFE00BFFBFE01EF73F103A88010076
:104FC0003A8837E0170000DF0401C0DE3A2800F815
:104FD00004FCFFDE150300DF040300DF15FD3FE1E5
:104FE00015FE7FE13A8805300DFFBFE0060B00009B
:104FF00017FDBFE04400C01015FDFFE017FEFFE005
:105000004400001915FE3FE10300C0180500C01060
:105010000BFFBFE0C4FFBF100DFFBFE00BFFBFE001
:105020001EF33F103A8801003A8837E0170000DF8E
:105030000401C0DE3A2800F804FBFFDE1504C0DFDF
:10504000150300DF040300DF15FD3FE03A300500E3
:1050500015FFBFE017FFFFE084FFBF003A70841820
:105060003A70011017FFBFE015FDBFE00379A0D033
:10507000CC3F80101E1A0010036BA0D0CC3F8010D4
:105080001E17001000171550036DE0D0436DA0D01F
:10509000CC3FC018CC3F801026118018036DA0D0E3
:1050A000CC3FC010B44181000400B1103A88C71849
:1050B0003A88C7183A88C510170080101575A0D017
:1050C0001775A0D0170EC0104400C018150EC010E0
:1050D0001770A0D0440080101570A0D040FA345052
:1050E00017FDBFE015FEBFE017FEBFE03A700110EC
:1050F0003A8801003A8837E01701C0DF170000DF67
:105100000402C0DE3A2800F804FEFFDE150100DFCD
:10511000040100DF0377A0D0CC3FC01074418100B0
:105120000407B9103A88C5100300801005FFBFE0DE
:1051300003FFBFE0FA9004103A88091003FFFFE074
:105140004477A0D03A88851803008010CC3FC01067
:10515000744181000407B9103A88C510030080101B
:105160003A888520056DA0D03A8801003A8837E05A
:10517000170000DF0401C0DE3A2800F804FCFFDE5F
:10518000150300DF040300DF15FE3FE115FF7FE19B
:1051900005FD3FE0060B000017FEBFE04400C01015
:1051A00015FEFFE017FFFFE04400001915FF3FE187
:1051B0000300C0180500C01003FDBFE044008010CC
:1051C00005FDBFE017FFBFE003008010CC3F80105B
:1051D0001EF13F1017FEBFE00500001003FDBFE009
:1051E0003A8837E0170000DF0401C0DE3A2800F8F3
:1051F00004FDFFDE150200DF040200DF15FF3FE1C2
:1052000005FE3FE00606000017FFBFE044008010E7
:1052100015FFBFE003FEBFE04400801005FEBFE0C5
:1052200017FFBFE003008010CC3F80101EF63F1038
:1052300003FEBFE03A8837E0170000DF0401C0DE5C
:105240003A2800F804FAFFDE1505C0DF150400DF78
:10525000040400DF15FF3FE115FC3FE03A30050094
:1052600015FDBFE017FDFFE084FFBF003A70841812
:105270003A70011017FDBFE015FCBFE0176CA0D01D
:1052800044008010156CA0D017FCBFE015FEBFE0F5
:1052900017FEBFE03A700110402C355006EF3F007A
:1052A00004FAFFDE1505C0DF150400DF040400DF8B
:1052B00015FF3FE115FC3FE0060200000405000178
:1052C000C0A31A50037DA0D0CC3F801026FB3F1016
:1052D0001771A0D0041940013A880910408E10506F
:1052E0001571A0D01771A0D01E030010057320D037
:1052F000C43F0001406C1A503A30050015FDBFE074
:1053000017FDFFE084FFBF003A7084183A70011067
:1053100017FDBFE015FCBFE0176CA0D0157EA0D034
:10532000156C20D017FCBFE015FEBFE017FEBFE0F4
:105330003A700110177EA0D01771E0D03A880B1890
:105340003A880910408E10503A88071004198000DE
:105350003AC8C5100573A0D080233550403D155084
:1053600084020001C0A31A5006E33F0004FAFFDEE6
:105370001505C0DF150400DF040400DF05FC3FE075
:105380000624000003FCBFE004FEFFE03A880B188F
:105390003A88091040501A5045FCBFE043FCBFE07A
:1053A0001E19001003FCFFE0B44181000400B1109D
:1053B0003A88C7183A88C7183A88C510170080106D
:1053C00015FDBFE017FDBFE0260F001017FDBFE081
:1053D000600080101E0C001017FDBFE01702C01007
:1053E00017FDBFE0170380103A8885103A888510B2
:1053F0003A88871817FDBFE01511C01017FFFFE0AE
:1054000017FDBFE01512C01003FCBFE04400801080
:1054100005FCBFE003FCBFE0700580101ED93F1003
:105420003A8801003A8837E01701C0DF170000DF33
:105430000402C0DE3A2800F804F2FFDE150DC0DFDA
:10544000150C00DF040C00DF15FC7FE115FDBFE14A
:105450003A880738170480E005FB3FE10DFEFFE0C6
:105460000DFFBFE015F43FE03A30050015FABFE04C
:1054700017FAFFE084FFBF003A7084183A700110F9
:1054800017FABFE015F4BFE01772A0D015F6BFE021
:1054900017F6BFE02693001017F6BFE0170580103F
:1054A0001572A0D017F4BFE015F8BFE017F8BFE001
:1054B0003A70011017F6BFE017FCFFE01500C010AE
:1054C00017F6BFE003FBFFE0850CC01017F6BFE046
:1054D000050C001017F6BFE0450C001017F6BFE0F2
:1054E0008D0B001017F6BFE01703C0E01501C010C8
:1054F00017F6BFE01702C0E01503C01017F6BFE0B3
:1055000017FDFFE01502C01017F6BFE00BFFFFE02C
:105510000D04C01017F6BFE00BFEFFE08D04C010B5
:1055200017F6BFE0C50D001003FBBFE0FAD0041072
:105530003A88071017F6BFE0050DC01003FBBFE067
:10554000CC0180103A88071017F6BFE0C50CC010D8
:1055500017F6BFE0030D8010CC3F80104400C00060
:105560003A9884183A88071017F6BFE0850DC010E6
:1055700017F6BFE0C30C8010CC3F80104400C00081
:105580003A9884183A88071017F6BFE0450DC01006
:1055900017F6BFE01507001017F6BFE0150800105A
:1055A00017F6BFE0150A001017F6BFE01509001046
:1055B00017F6BFE0150E001017F6BFE0151000102B
:1055C00017F6BFE0150F001017F6BFE01511001019
:1055D00017F6BFE01512001017F6BFE0C40FC000A9
:1055E0000513C01017F6BFE04513001017F63FE192
:1055F000402E355017F63FE1001D35503A3005007A
:1056000015F5BFE017F5FFE084FFBF003A7084187E
:105610003A70011017F5BFE015F4BFE003FBFFE09F
:10562000B44181000400B1103A88C7183A88C718FD
:105630003A88C51017F6FFE01500C010176EE0D0CD
:1056400017F6BFE01505C01017F6BFE015060010ED
:10565000176EA0D026030010176EA0D017F6FFE03B
:105660001506C01017F6BFE0156EA0D017F6BFE004
:10567000830DC0100377A0D03AB084180577A0D06E
:1056800017F6BFE0030D8010CC3FC01017F6BFE047
:10569000030D8010CC3F00114477A0D03A888520BC
:1056A0000300001117F6BFE0430D80103AB08420CC
:1056B0003A8809104477A0D03A888518050000116F
:1056C0004373A0D0440080104573A0D017F4BFE00E
:1056D00015F7BFE017F7BFE03A7001103A880500F0
:1056E0000605000017F4BFE015F9BFE017F9BFE0A9
:1056F0003A700110841080003A8837E01701C0DF4B
:10570000170000DF0402C0DE3A2800F804FEFFDEC6
:10571000150100DF040100DF040AA0D015FFBFE07F
:10572000040BA0D015FFBFE0840CA0D015FFBFE094
:10573000040DA0D015FFBFE0040CA0D015FFBFE002
:10574000840DA0D015FFBFE0040EA0D015FFBFE070
:10575000840EA0D015FFBFE0040FA0D015FFBFE05E
:10576000840FA0D015FFBFE00410A0D015FFBFE04C
:105770008410A0D015FFBFE00411A0D015FFBFE03A
:105780008411A0D015FFBFE00412A0D015FFBFE028
:105790008412A0D015FFBFE00413A0D015FFBFE016
:1057A0008413A0D015FFBFE00414A0D015FFBFE004
:1057B0008414A0D015FFBFE00415A0D015FFBFE0F2
:1057C0008415A0D015FFBFE00416A0D015FFBFE0E0
:1057D0008416A0D015FFBFE00417A0D015FFBFE0CE
:1057E0008417A0D015FFBFE00418A0D015FFBFE0BC
:1057F0008418A0D015FFBFE00419A0D015FFBFE0AA
:105800008419A0D015FFBFE0041AA0D015FFBFE097
:10581000841AA0D015FFBFE0041BA0D015FFBFE085
:10582000841BA0D015FFBFE0041CA0D015FFBFE073
:10583000841CA0D015FFBFE0041DA0D015FFBFE061
:10584000841DA0D015FFBFE0041EA0D015FFBFE04F
:10585000841EA0D015FFBFE0041FA0D015FFBFE03D
:10586000841FA0D015FFBFE00420A0D015FFBFE02B
:105870008420A0D015FFBFE00421A0D015FFBFE019
:105880000426A0D015FFBFE03A8801003A8837E02F
:10589000170000DF0401C0DE3A2800F804F2FFDE42
:1058A000150D00DF040D00DF15FC3FE13A880728E5
:1058B0003A88053015FFFFE10DFDFFE005FEBFE072
:1058C00015F43FE017FFBFE01E0200103A88050004
:1058D00006B0000017FCBFE01E05001017FFBFE078
:1058E000841BC0000500C0103A88050006A900000E
:1058F00017FCBFE003008010CC3F801060018010D7
:105900001E05001017FFBFE04400C0000500C010D6
:105910003A880500069F000003FEFFE004E0BF0098
:105920003A70841805F5BFE003F5BFE026060010C5
:1059300003FEBFE0CC1F801005FEBFE044008000E6
:1059400085F3BFE00601000085F33FE017FFBFE0ED
:10595000050000103A30050015FBBFE017FBFFE023
:1059600084FFBF003A7084183A70011017FBBFE043
:1059700015F4BFE003FEBFE06000C0101E5F00181A
:105980008800C0101E020018263F00100677000095
:10599000A000C0101E030018E00080101E1E0010A2
:1059A0000672000017FCBFE00B02C0100BFDBFE049
:1059B0003A7084180DF3BFE00BF3FFE00BFDBFE07E
:1059C0001E0D801883F3BFE0580080101E0D0010DC
:1059D00017FCBFE00B0280103A8807100BF3BFE002
:1059E0003A3084003A7084183A88071017FCBFE0F8
:1059F0000D02C0100603000017FFBFE0041CC0002A
:105A00000500C01017F4BFE015F6BFE017F6BFE0C1
:105A10003A700110065E000017FCBFE00B02C010D8
:105A20000BFDBFE03A7084180DF3BFE00BF3BFE04D
:105A3000260D001083F3BFE0580080101E0D0010EB
:105A400017FCBFE00B0280103A8807100BF3BFE091
:105A50003A3084003A7084183A88071017FCBFE087
:105A60000D02C0100603000017FFBFE0041CC000B9
:105A70000500C01017F4BFE015F7BFE017F7BFE04F
:105A80003A7001100642000017FCBFE00B028010C4
:105A90003A3084003A8807100BFDBFE03A70841852
:105AA0000DF3BFE00BF3FFE00BFDBFE01E0B801812
:105AB00083F3BFE0580080101E0B001017FCBFE0FE
:105AC0000B02C0100BF3BFE03AB084183A880710FD
:105AD00017FCBFE00D02C0100603000017FFBFE077
:105AE000041CC0000500C01017F4BFE015F8BFE0AB
:105AF00017F8BFE03A7001100625000017FCBFE060
:105B00000B0280103A3084003A8807100BFDBFE08A
:105B10003A7084180DF3BFE00BF3BFE0260B0010C2
:105B200083F3BFE0580080101E0B001017FCBFE08D
:105B30000B02C0100BF3BFE03AB084183A8807108C
:105B400017FCBFE00D02C0100603000017FFBFE006
:105B5000041CC0000500C01017F4BFE015F9BFE039
:105B600017F9BFE03A7001100609000017F4BFE012
:105B700015FABFE017FABFE03A7001100DF33FE0ED
:105B800017FFBFE0C41BC0000500C0103A88010029
:105B90000BF3BFE03A8837E0170000DF0401C0DEF6
:105BA0003A2800F804F8FFDE150700DF040700DFDD
:105BB0003A88052015FF7FE10DFEBFE015F93FE0B3
:105BC00017FFBFE01E0200103A88050006330000F0
:105BD0000379A0D0CC3F80102605001017FFBFE04E
:105BE0000404C0000500C0103A880500062B000020
:105BF0003A30050015FDBFE017FDFFE084FFBF0050
:105C00003A7084183A70011017FDBFE015F9BFE033
:105C1000177CA0D015FBBFE017FBBFE026170010D4
:105C2000177CA0D017018010157CA0D017FBBFE017
:105C30004401C0000500C01017FBBFE00BFEFFE0F1
:105C40000D02C01017FBBFE01501001017FBBFE0ED
:105C5000C40FC0008502C01017FBBFE0C5020010D2
:105C600017F9BFE015FABFE017FABFE03A7001106C
:105C700017FFBFE0050000100607000017F9BFE09E
:105C800015FCBFE017FCBFE03A70011017FFBFE042
:105C9000841CC0000500C01017FBBFE03A8837E045
:105CA000170000DF0401C0DE3A2800F804F2FFDE2E
:105CB000150DC0DF150C00DF040C00DF15FD3FE102
:105CC0003A88052815FFBFE105FEBFE015F73FE064
:105CD00017FFBFE01E02001017FDBFE006800000A6
:105CE00017FDBFE01E05001017FFBFE0841BC000BA
:105CF0000500C01017FDBFE0067900000379A0D0B1
:105D0000CC3F80102605001017FFBFE0C403C00081
:105D10000500C01017FDBFE00671000017FDBFE0D1
:105D200003008010CC3F8010600180101E05001021
:105D300017FFBFE04400C0000500C01017FDBFE022
:105D4000066700003A30050015FCBFE017FCFFE0D5
:105D500084FFBF003A7084183A70011017FCBFE04E
:105D600015F7BFE017FDBFE01701801026030010F4
:105D70004400800005F4BFE00601000005F43FE0A8
:105D800003FEBFE026030010600080101E230010F9
:105D90000648000003F4BFE01E16001017FDBFE028
:105DA000C40FC0008502C01017FDBFE0C50200107F
:105DB00017FDBFE005000010177CE0D017FDBFE025
:105DC0001501C01017FDBFE00D02001017FDBFE068
:105DD000157CA0D017F7BFE015F8BFE017F8BFE0BB
:105DE0003A70011017FFBFE00500001015F63FE004
:105DF000063A000017F7BFE015F9BFE017F9BFE05A
:105E00003A70011017FFBFE04412C0000500C01037
:105E100017FDBFE015F6BFE00630000017FDBFE03C
:105E20001701801015F5BFE0060600003A880B0048
:105E300017F53FE100E8165017F5BFE01700801096
:105E400015F5BFE017F5BFE01EF83F1017FDBFE0E6
:105E5000C40FC0008502C01017FDBFE0C5020010CE
:105E600017FDBFE005000010177CE0D017FDBFE074
:105E70001501C01017FDBFE00D02001017FDBFE0B7
:105E8000157CA0D017F7BFE015FABFE017FABFE006
:105E90003A70011003F4BFE0580080101E0100109A
:105EA000000A155017FFBFE00500001015F63FE08F
:105EB000060A000017F7BFE015FBBFE017FBBFE0C5
:105EC0003A70011017FFBFE0C401C0000500C01008
:105ED00017FDBFE015F6BFE03A88010017F6BFE0F6
:105EE0003A8837E01701C0DF170000DF0402C0DE88
:105EF0003A2800F804F6FFDE1509C0DF150800DFB8
:105F0000040800DF15FD3FE115FE7FE115FFBFE14D
:105F100015F83FE017FFBFE01E0200103A880500A9
:105F20000639000017FDBFE01E05001017FFBFE097
:105F3000841BC0000500C0103A880500063200002E
:105F400017FEBFE01E05001017FFBFE00403C000EE
:105F50000500C0103A880500062B00000379A0D088
:105F6000CC3F80102605001017FFBFE04404C0009E
:105F70000500C0103A880500062300003A300500ED
:105F800015FCBFE017FCFFE084FFBF003A708418E7
:105F90003A70011017FCBFE015F8BFE017FDBFE035
:105FA00003008010CC3F8010600180101E0900109B
:105FB00017F8BFE015F9BFE017F9BFE03A7001101C
:105FC00017FFBFE04400C0000500C0103A8805007C
:105FD000060D000017FDBFE0840280103A880B1008
:105FE00017FE3FE1401E155005FBBFE017F8BFE06C
:105FF00015FABFE017FABFE03A70011017FFBFE0D3
:106000000500001003FBBFE03A8837E01701C0DF4E
:10601000170000DF0402C0DE3A2800F804F5FFDEB6
:10602000150AC0DF150900DF040900DF15FD3FE197
:1060300015FE7FE115FFBFE115F73FE017FFBFE059
:106040002643001017FDBFE01E04001017FFBFE03D
:10605000841BC0000500C010063E000017FEBFE014
:106060001E04001017FFBFE00403C0000500C010AD
:10607000063800000379A0D0CC3F80102604001021
:1060800017FFBFE08404C0000500C0100631000007
:106090003A30050015FCBFE017FCFFE084FFBF00AD
:1060A0003A7084183A70011017FCBFE015F7BFE092
:1060B00017FDBFE003008010CC3F8010600180100E
:1060C0001E08001017F7BFE015F8BFE017F8BFE093
:1060D0003A70011017FFBFE04400C0000500C01077
:1060E000061C000017FE3FE18025155005FABFE0B1
:1060F00003FABFE0300880101E08001017F7BFE059
:1061000015F9BFE017F9BFE03A70011017FFBFE0C3
:10611000C41CC0000500C010060E000017FDBFE043
:106120008402801017FE7FE13A880910401E155046
:1061300017F7BFE015FBBFE017FBBFE03A70011097
:1061400017FFBFE0050000103A88010006010000BB
:106150003A8801003A8837E01701C0DF170000DFF6
:106160000402C0DE3A2800F804E1FFDE151EC0DF9D
:10617000151D00DF041D00DF15FC3FE13A880928EA
:106180003A8807303A8805380DFD3FE105FEFFE00B
:106190000DFFBFE015E53FE0170280E01E02001092
:1061A0003A8805000659010017FCBFE01E050010E3
:1061B000170280E0841BC0000500C0103A8805006B
:1061C000065201000379A0D0CC3F801026050010B4
:1061D000170280E08400C0000500C0103A88050066
:1061E000064A0100036BA0D0CC3F801026050010AA
:1061F000170280E04403C0000500C0103A88050083
:106200000642010017FCBFE003008010CC3F801065
:10621000600180101E050010170280E04400C000DD
:106220000500C0103A8805000638010003FEFFE0B3
:1062300004E0BF003A70841805E6BFE003E6BFE063
:106240002606001003FEBFE0CC1F801005FEBFE055
:106250004400800005E4BFE00601000005E43FE0E3
:106260003A30050015F6BFE017F6FFE084FFBF00E7
:106270003A7084183A70011017F6BFE015E5BFE0D8
:1062800003FEBFE06000C0101E9200188800C0101E
:106290001E0200182661001006BB0000A000C010FE
:1062A0001E030018E00080101E2F001006B600002C
:1062B00017FCBFE00B02C0100BFDBFE03A70841862
:1062C0000DE8BFE00BE8FFE00BFDBFE01E178018F4
:1062D00003E4BFE0580080101E09001017FCBFE067
:1062E0000B0280103A8807100BE8BFE03A308400B8
:1062F0003A7084183A88071017FCBFE00D02C010EE
:10630000177AA0D00BE8FFE00D0BC01017E5BFE037
:1063100015E7BFE017E7BFE03A700110170280E011
:10632000050000100BE8BFE006F800000BFD3FE1A0
:1063300003FE7FE10BFFBFE004F7FFE0150080D80C
:106340003A880F283A880D203A880B1817FC3FE14D
:1063500000C4165017E5BFE015E9BFE017E9BFE03C
:106360003A7001100692000017FCBFE00B02C0104B
:106370000BFDBFE03A7084180DE8BFE00BE8BFE00A
:106380002617001003E4BFE0580080101E0900101B
:1063900017FCBFE00B0280103A8807100BE8BFE043
:1063A0003A3084003A7084183A88071017FCBFE02E
:1063B0000D02C010177AA0D00BE8FFE00D0BC01043
:1063C00017E5BFE015EABFE017EABFE03A70011039
:1063D000170280E0050000100BE8BFE006CB0000CC
:1063E0000BFD3FE103FE7FE10BFFBFE004F7FFE0A1
:1063F000150080D83A880F283A880D203A880B1863
:1064000017FC3FE100C4165017E5BFE015EBBFE0F5
:1064100017EBBFE03A7001100665000017FCBFE003
:106420000B0280103A3084003A8807100BFDBFE061
:106430003A7084180DE8BFE00BE8FFE00BFDBFE009
:106440001E15801803E4BFE0580080101E070010DE
:1064500017FCBFE00B02C0100BE8BFE03AB0841895
:106460003A88071017FCBFE00D02C010177AA0D0C1
:106470000BE8FFE00D0BC01017E5BFE015ECBFE027
:1064800017ECBFE03A700110170280E00500001021
:106490000BE8BFE0069D00000BFD3FE103FE7FE13E
:1064A0000BFFBFE004F7FFE0150080D83A880F2803
:1064B0003A880D203A880B1817FC3FE100C41650AB
:1064C00017E5BFE015EDBFE017EDBFE03A70011032
:1064D0000637000017FCBFE00B0280103A30840042
:1064E0003A8807100BFDBFE03A7084180DE8BFE052
:1064F0000BE8BFE02615001003E4BFE05800801051
:106500001E07001017FCBFE00B02C0100BE8BFE035
:106510003AB084183A88071017FCBFE00D02C0108B
:10652000177AA0D00BE8FFE00D0BC01017E5BFE015
:1065300015EEBFE017EEBFE03A700110170280E0E1
:10654000050000100BE8BFE0067000000BFD3FE106
:1065500003FE7FE10BFFBFE004F7FFE0150080D8EA
:106560003A880F283A880D203A880B1817FC3FE12B
:1065700000C4165017E5BFE015EFBFE017EFBFE00E
:106580003A700110060A000017E5BFE015F0BFE001
:1065900017F0BFE03A7001100DE83FE0170280E00D
:1065A000C41BC0000500C0100BE8BFE00657000088
:1065B000000A15503A30050015F1BFE017F1FFE071
:1065C00084FFBF003A7084183A70011017F1BFE0E1
:1065D00015E5BFE0177AA0D0430C8010CC3F8010A7
:1065E000261C0010177AA0D0430C801005F3BFE0E2
:1065F000177AA0D0450C001004F7BFE03A880910C4
:1066000040F71650177AA0D0050C001017E5BFE030
:1066100015F2BFE017F2BFE03A7001100DE83FE05D
:1066200003F3BFE0A000801026040010170280E0F2
:106630008403C0000500C01006040000170280E0BB
:106640008402C0000500C0103A8801000BE8BFE0DA
:10665000062E0000177AA0D00B0B80100DE8BFE0CB
:1066600003E4BFE0580080101E21001003FEBFE0CD
:10667000161600109000C0101E0C001808018010A3
:106680001E12001017FCBFE00B0280103A880710A2
:106690000BE8BFE03A3084003A7084183A8807105B
:1066A00017FCBFE00D02C0100611000017FCBFE090
:1066B0000B02C0100BE8BFE03AB084183A8807100C
:1066C00017FCBFE00D02C0100609000017E5BFE08F
:1066D00015F4BFE017F4BFE03A700110170280E034
:1066E000C41BC0000500C0103A8805000607000062
:1066F00017E5BFE015F5BFE017F5BFE03A700110F0
:10670000170280E0050000100BE8BFE03A8837E090
:106710001701C0DF170000DF0402C0DE3A2800F8CE
:1067200004FBFFDE150400DF040400DF15FC3FE07E
:106730003A30050015FEBFE017FEFFE084FFBF0002
:106740003A7084183A70011017FEBFE015FCBFE0E4
:10675000177AA0D00B0B80100DFDBFE017FCBFE037
:1067600015FFBFE017FFBFE03A7001100BFDBFE05F
:106770003A8837E0170000DF0401C0DE3A2800F84D
:1067800004EFFFDE1510C0DF150F00DF040F00DF80
:1067900015FC3FE13A8807283A88053015FFFFE1EC
:1067A0000DFDFFE005FEBFE015F33FE017FFBFE082
:1067B0001E0200103A88050006D1000017FCBFE059
:1067C0001E05001017FFBFE0841BC0000500C010AD
:1067D0003A88050006CA000017FCBFE003008010DD
:1067E000CC3F8010600180101E05001017FFBFE035
:1067F0004400C0000500C0103A88050006C0000033
:106800003A30050015FBBFE017FBFFE084FFBF0037
:106810003A7084183A70011017FBBFE015F3BFE01F
:1068200003FEBFE026030010600080101E0B001066
:106830000612000017FCBFE00B0280103A88071018
:106840000BFDBFE03A3084003A7084183A88071094
:1068500017FCBFE00D02C0100611000017FCBFE0DE
:106860000B02C0100BFDBFE03AB084183A88071045
:1068700017FCBFE00D02C0100609000017F3BFE0CF
:1068800015F4BFE017F4BFE03A70011017FFBFE046
:10689000441CC0000500C0103A880500069800009E
:1068A00005F23FE017FCBFE01701801015F1BFE0D3
:1068B0000677000017F1BFE083048010CC3F801002
:1068C0006000C0101E4A00188800C0101E02001888
:1068D000262F0010065B0000A000C0101E03001849
:1068E000E00080101E1700100656000017FCBFE0E5
:1068F0000B02C01017F1BFE00B0480103A7084182F
:106900000DF6BFE017F1BFE00B048010CCFFFF10C5
:106910000BF6BFE01E5480180BF6BFE03A880B1050
:1069200017F13FE100E8165085F6BFE083F6BFE0BF
:10693000580080101E4C00104400800005F2BFE09B
:106940000649000017FCBFE00B02C01017F1BFE0C2
:106950000B0480103A7084180DF6BFE00BF6BFE010
:10696000264300100BF6BFE03A880B1017F13FE109
:1069700000E8165085F6BFE083F6BFE058008010AF
:106980001E3B00104400800005F2BFE00638000006
:1069900017FCBFE00B0280103A3084003A880710E1
:1069A00017F1BFE00B0480103A7084180DF6BFE0B9
:1069B00017F1BFE00B048010CCFFFF100BF6BFE017
:1069C0001E2D80180BF6BFE03A880B1017F13FE13F
:1069D00000E8165085F6BFE083F6BFE0580080104F
:1069E0001E2500104400800005F2BFE006220000D2
:1069F00017FCBFE00B0280103A3084003A88071081
:106A000017F1BFE00B0480103A7084180DF6BFE058
:106A10000BF6BFE0261A00100BF6BFE03A880B1009
:106A200017F13FE100E8165085F6BFE083F6BFE0BE
:106A3000580080101E1200104400800005F2BFE0D4
:106A4000060F000017F3BFE015F5BFE017F5BFE034
:106A50003A70011017FFBFE0C41BC0000500C01052
:106A60003A880500062600003A8801000605000065
:106A70003A880100060300003A8801000601000080
:106A80003A88010017F1BFE01700801015F1BFE050
:106A900017F1BFE01E873F1017F3BFE015F7BFE007
:106AA00017F7BFE03A70011003F2BFE05800801002
:106AB0001E010010000A15503A30050015FABFE01B
:106AC00017FAFFE084FFBF003A7084183A70011093
:106AD00017FABFE015F3BFE017FCBFE00B02801010
:106AE0000DF9BFE017F3BFE015F8BFE017F8BFE0FE
:106AF0003A70011017FFBFE0050000100BF9BFE06E
:106B00003A8837E01701C0DF170000DF0402C0DE5B
:106B10003A2800F804F9FFDE150600DF040600DF5E
:106B200015FE3FE115FF7FE115FA3FE017FFBFE0DB
:106B30001E0200103A8805000623000017FEBFE081
:106B40001E05001017FFBFE0841BC0000500C01029
:106B50003A880500061C000017FEBFE00300801005
:106B6000CC3F8010600180101E05001017FFBFE0B1
:106B70004400C0000500C0103A880500061200005D
:106B80003A30050015FCBFE017FCFFE084FFBF00B2
:106B90003A7084183A70011017FCBFE015FABFE094
:106BA00017FEBFE00B0280100DFBBFE017FABFE03D
:106BB00015FDBFE017FDBFE03A70011017FFBFE001
:106BC000050000100BFBBFE03A8837E0170000DF3C
:106BD0000401C0DE3A2800F804F8FFDE150700DFE4
:106BE000040700DF15FB3FE115FC7FE13A8809301F
:106BF0003A880738170180E00DFD3FE105FEFFE010
:106C00000DFFBFE0177AA0D0177AE0D0030CC018B0
:106C10001408C018050CC010177AA0D0450C00103D
:106C2000177AA0D00BFFFFE08D0BC010177AA0D011
:106C300017FCFFE0150AC01017FCBFE00BFDFFE0DA
:106C40000D04C01017FCBFE003FEFFE08504C01078
:106C5000177AE0D017FCBFE01502C01017FBBFE0A9
:106C60001701C01017FCBFE01500C01017FCBFE0F3
:106C70001501001017FCBFE017FBFFE01503C01063
:106C800017FBBFE01701801015F9BFE017F9BFE04F
:106C90002603001017F9BFE017FCFFE01501C01034
:106CA00017FBBFE017FCFFE01501C010177AA0D05A
:106CB000030D801005FABFE003FAFFE003FA3FE19D
:106CC0004477A0D03A888520030080103A880910C4
:106CD000177AA0D0430D80103A3084003A70842097
:106CE0003A8809104477A0D03A8885180500001129
:106CF00003FAFFE04477A0D03A888518030080109B
:106D0000CC3F80101E070010177AA0D0830D801092
:106D10003A3084003A8807100377A0D03A7084187C
:106D20000577A0D03A8801003A8837E0170000DFE5
:106D30000401C0DE3A2800F804FBFFDE1504C0DFC2
:106D4000150300DF040300DF04DC4001B44101014E
:106D5000048C242140FE1450B4418100048CA41002
:106D600015FEBFE0B44181000497A41015FFBFE0F9
:106D70000DFD3FE00613000017FEBFE00500001008
:106D800017FEBFE017FFFFE01501C01017FEBFE0C0
:106D9000C40FC0008502C01017FEBFE0C50200107E
:106DA00017FEBFE0040B801015FEBFE017FFBFE029
:106DB000040B801015FFBFE00BFDBFE04400801006
:106DC0000DFDBFE00BFDBFE0F00480101EEA3F1098
:106DD00017FEBFE00500001017FEBFE01501001010
:106DE00017FEBFE0C40FC0008502C01017FEBFE051
:106DF000C5020010B4418100048CA410157CA0D001
:106E00003A8801003A8837E01701C0DF170000DF39
:106E10000402C0DE3A2800F804FAFFDE1505C0DFE0
:106E2000150400DF040400DF15FE3FE13A88052861
:106E30000DFFBFE017FEBFE01702801015FDBFE099
:106E400017FDBFE08D0B001017FDBFE00BFFFFE04B
:106E50000D0BC01017FDBFE0030CC010C4F7BF003E
:106E60003A7084183A88071017FDBFE0050CC0106F
:106E700017FDBFE0450C001017FDBFE0030C8010AC
:106E8000CC3F80101E18001017FDBFE0830DC0100E
:106E90000377A0D03AB084180577A0D017FDBFE0E3
:106EA000030D8010CC3FC01017FDBFE0030D801014
:106EB000CC3F00114477A0D03A8885200300001110
:106EC00017FDBFE0430D80103AB084203A880910C6
:106ED0004477A0D03A88851805000011440080004E
:106EE00005FCBFE00601000005FC3FE017FE3FE1A6
:106EF00040F7165003FCBFE03A8837E01701C0DFC7
:106F0000170000DF0402C0DE3A2800F804FAFFDEB2
:106F1000150500DF040500DF15FF3FE117FFBFE0A7
:106F20001701801015FBBFE017FFBFE017008010AE
:106F300015FCBFE017FBBFE01E0B001017FFBFE002
:106F40001703801015FDBFE017FDBFE017FCFFE041
:106F50001501C01017FCBFE0260B001017FCBFE0A6
:106F6000150100100608000017FBBFE017FCFFE04A
:106F70001500C01017FCBFE02603001017FCBFE08F
:106F800017FBFFE01501C01017FFBFE017028010CC
:106F900015FEBFE017FEBFE0150A00103A88010099
:106FA0003A8837E0170000DF0401C0DE3A2800F815
:106FB00004F4FFDE150B00DF040B00DF15FC3FE1DE
:106FC00015FD7FE115FEBFE115FFFFE115F83FE07C
:106FD00017FFBFE01E0200103A880500066500009A
:106FE00017FCBFE01E05001017FFBFE08418C000AB
:106FF0000500C0103A880500065E000017FCBFE0DF
:10700000CC0080102605001017FFBFE08418C000D8
:107010000500C0103A8805000656000017FDBFE0C5
:10702000A80080101E05001017FFBFE0C416C000A6
:107030000500C0103A880500064E000017FEBFE0AC
:10704000280180101E05001017FFBFE00417C000C4
:107050000500C0103A880500064600003A300500D9
:1070600015FBBFE017FBFFE084FFBF003A708418F8
:107070003A70011017FBBFE015F8BFE01774A0D0FD
:1070800015FABFE01774A0D0260300101774A0D023
:10709000170180101574A0D017F8BFE015F9BFE0F4
:1070A00017F9BFE03A70011017FABFE01E05001093
:1070B00017FFBFE08416C0000500C0103A88050025
:1070C000062C000017FCBFE015F6BFE017FCFFE040
:1070D00017FEBFE03A88851815F5BFE015F73FE0C9
:1070E000060C000017F6BFE017F5FFE01500C01012
:1070F00017F5BFE015F6BFE017F5FFE017FEBFE09C
:107100003A88851815F5BFE017F7BFE044008010F6
:1071100015F7BFE017FDBFE0C4FFBF1017F7FFE092
:1071200036F0BF1817F6BFE01500001017FABFE0E1
:1071300017FCFFE01500C01017FABFE017FCFFE0D6
:107140001501C01017FABFE017FDFFE01504C010CD
:1071500017FABFE017FDFFE01503C01017FABFE0F4
:1071600017FEFFE01502C01017FFBFE0050000107A
:1071700017FABFE03A8837E0170000DF0401C0DEED
:107180003A2800F804F8FFDE150700DF040700DFE7
:1071900015FE3FE115FF7FE115F93FE017FFBFE066
:1071A0001E0200103A880500062E000017FEBFE000
:1071B0001E05001017FFBFE00418C0000500C01036
:1071C0003A880500062700003A30050015FDBFE0AB
:1071D00017FDFFE084FFBF003A7084183A70011079
:1071E00017FDBFE015F9BFE017FEBFE017048010E0
:1071F0002614001017FEBFE01701801015FBBFE03A
:1072000017FBBFE01700C01017FEBFE01501C0104C
:1072100017FEBFE017048010C4FFFF1017FEBFE089
:107220001504C01017F9BFE015FABFE017FABFE068
:107230003A70011017FFBFE00500001017FBBFE018
:107240000608000017F9BFE015FCBFE017FCBFE01F
:107250003A70011017FFBFE04417C0000500C010CE
:107260003A8805003A8837E0170000DF0401C0DEE5
:107270003A2800F804F7FFDE1508C0DF150700DF25
:10728000040700DF15FD3FE115FE7FE115FFBFE1BB
:1072900015F93FE017FFBFE01E0200103A88050015
:1072A000062B000017FDBFE01E05001017FFBFE012
:1072B0000418C0000500C0103A880500062400002C
:1072C00017FEBFE01E05001017FFBFE00403C0005B
:1072D0000500C0103A880500061D00000379A0D003
:1072E000CC3F80102605001017FFBFE04404C0000B
:1072F0000500C0103A880500061500003A30050068
:1073000015FBBFE017FBFFE084FFBF003A70841855
:107310003A70011017FBBFE015F9BFE017FDBFE0A1
:10732000040580103A880B1017FE3FE1401E1550EF
:1073300005FABFE017F9BFE015FCBFE017FCBFE09E
:107340003A70011017FFBFE00500001003FABFE01C
:107350003A8837E01701C0DF170000DF0402C0DE03
:107360003A2800F804F6FFDE1509C0DF150800DF33
:10737000040800DF15FD3FE115FE7FE115FFBFE1C9
:1073800015F83FE017FFBFE02635001017FDBFE0FE
:107390001E04001017FFBFE00418C0000500C01055
:1073A0000630000017FEBFE01E04001017FFBFE00C
:1073B0000403C0000500C010062A00000379A0D015
:1073C000CC3F80102604001017FFBFE08404C000EB
:1073D0000500C010062300003A30050015FCBFE090
:1073E00017FCFFE084FFBF003A7084183A70011068
:1073F00017FCBFE015F8BFE017FE3FE180251550F0
:1074000005FABFE003FABFE0300880101E08001044
:1074100017F8BFE015F9BFE017F9BFE03A700110A7
:1074200017FFBFE0C418C0000500C010060D000023
:1074300017FDBFE00405801017FE7FE13A880910B0
:10744000401E155017F8BFE015FBBFE017FBBFE06B
:107450003A70011017FFBFE00500001006010000A0
:107460003A8801003A8837E01701C0DF170000DFD3
:107470000402C0DE3A2800F804F9FFDE150600DF3A
:10748000040600DF15FE3FE115FF7FE115FA3FE03E
:1074900017FEBFE01E02001004188000062800003E
:1074A00017FFBFE01E020010C41780000624000072
:1074B0003A30050015FDBFE017FDFFE084FFBF0077
:1074C0003A7084183A70011017FDBFE015FABFE05A
:1074D00017FEBFE01704C01017FEBFE017038010AF
:1074E0003606801817FABFE015FBBFE017FBBFE0B8
:1074F0003A700110841780000611000017FEBFE0EB
:107500001701C01017FFBFE01500C01017FEBFE045
:1075100017FFFFE01501C01017FEBFE01704801031
:107520004400C01017FEBFE01504C01017FABFE0FA
:1075300015FCBFE017FCBFE03A7001103A88050067
:107540003A8837E0170000DF0401C0DE3A2800F86F
:1075500004FAFFDE150500DF040500DF15FE3FE13C
:1075600015FF7FE115FB3FE017FEBFE01E02001094
:1075700004188000062C000017FFBFE01E02001058
:1075800044188000062800003A30050015FCBFE0D2
:1075900017FCFFE084FFBF003A7084183A700110B6
:1075A00017FCBFE015FBBFE017FEBFE01700C010DF
:1075B00017FFBFE01500C01017FEBFE01701C01095
:1075C00017FFBFE01501C01017FEBFE01702C01083
:1075D00017FFBFE01502C01017FEBFE01703C01071
:1075E00017FFBFE01503C01017FEBFE01704C0105F
:1075F00017FFBFE01504C01017FBBFE015FDBFE08B
:1076000017FDBFE03A70011017FFBFE01703C0106D
:1076100017FFBFE0170480103AC8871817FFBFE0B4
:107620001505C0103A8805003A8837E0170000DFDA
:107630000401C0DE3A2800F804FCFFDE1503C0DFB9
:10764000150200DF040200DF040C4301B441010114
:107650000468252140FE1450B44181000468A5103F
:1076600015FEBFE00DFF3FE0061300000BFFBFE07B
:1076700044008010240DC010B44181000468A5109E
:107680003A88871817FEBFE01501C01017FEBFE04B
:10769000C40FC0000505C01017FEBFE0450500106F
:1076A00017FEBFE0040D801015FEBFE00BFFBFE02A
:1076B000440080100DFFBFE00BFFBFE0F00E801014
:1076C0001EEA3F1017FEBFE01501001017FEBFE0D5
:1076D000C40FC0000505C01017FEBFE0450500102F
:1076E000B44181000468A5101574A0D03A88010047
:1076F0003A8837E01701C0DF170000DF0402C0DE60
:107700003A2800F804F8FFDE150700DF040700DF61
:1077100015FE3FE115FF7FE115FA3FE017FFBFE0DF
:107720001E0200103A8805000642000017FEBFE066
:107730001E05001017FFBFE00401C0000500C010C7
:107740003A880500063B000017FEBFE003008010EA
:10775000CC3F8010A00080101E05001017FFBFE076
:107760004400C0000500C0103A8805000631000042
:107770003A30050015FDBFE017FDFFE084FFBF00B4
:107780003A7084183A70011017FDBFE015FABFE097
:1077900017FEBFE01701801015FCBFE017FCBFE02B
:1077A0008B058010CCFFBF102619001017FCBFE01E
:1077B000170480100401001117FCFFE015040019E4
:1077C0001700801015F9BFE017FCBFE08B05801093
:1077D000C4FFBF103A88071017FCBFE08D05C0102A
:1077E00017FCBFE01704C01017FCBFE017028010A1
:1077F0001E04801817FCBFE01701C01017FCBFE083
:107800001504C01017FFBFE00500001006040000BB
:1078100017FFBFE0C407C0000500C01015F93FE026
:1078200017FABFE015FBBFE017FBBFE03A7001108D
:1078300017F9BFE03A8837E0170000DF0401C0DE27
:107840003A2800F804F4FFDE150BC0DF150A00DF4C
:10785000040A00DF15FE3FE13A8805280DFFBFE06E
:1078600015F73FE00379A0D0CC3F8010260200102E
:107870003A880500065900003A30050015FDBFE0C2
:1078800017FDFFE084FFBF003A7084183A700110C2
:1078900017FDBFE015F7BFE01778A0D015F6BFE0E1
:1078A0001778A0D0260300101778A0D017018010F9
:1078B0001578A0D017F7BFE015F8BFE017F8BFE0C4
:1078C0003A70011017F6BFE0264300103A30050069
:1078D00015F9BFE017F9FFE084FFBF003A70841884
:1078E0003A70011017F9BFE015F7BFE01776A0D086
:1078F00015FBBFE017FBBFE0262D00101776A0D0C8
:10790000170080101576A0D017F7BFE015FABFE07A
:1079100017FABFE03A70011017FBBFE017FEFFE057
:107920001501C0100BFFBFE03A8885103A8885101A
:107930003A88071017FEBFE03A88C71017FBBFE070
:107940001502C01017FBBFE017FEFFE01503C010C3
:1079500017FBBFE017FEFFE01504C01017FBBFE0E8
:107960000BFFFFE00D05C01017FBBFE08D050010F9
:1079700017F6BFE08400C0000500C01017F6BFE096
:107980000D02001017F6BFE017FBFFE01501C01055
:1079900017F6BFE0C40FC0008503C01017F6BFE0A4
:1079A000C503001017F63FE140C01450060A00005E
:1079B0001778E0D017F6BFE01501C01017F6BFE04A
:1079C0001578A0D017F7BFE015FCBFE017FCBFE0AB
:1079D0003A70011015F63FE017F6BFE03A8837E03D
:1079E0001701C0DF170000DF0402C0DE3A2800F8EC
:1079F00004F2FFDE150DC0DF150C00DF040C00DF04
:107A000015FD3FE13A88052815FFBFE105FEBFE0FF
:107A100015F63FE017FFBFE01E02001017FDBFE0A4
:107A2000068E000017FDBFE01E05001017FFBFE027
:107A30000401C0000500C01017FDBFE0068700006C
:107A400017FDBFE003008010CC3F8010A000801025
:107A50001E05001017FFBFE04400C0000500C01065
:107A600017FDBFE0067D00000379A0D0CC3F801059
:107A70002605001017FFBFE0C403C0000500C010BA
:107A800017FDBFE0067500003A30050015FCBFE0A9
:107A900017FCFFE084FFBF003A7084183A700110B1
:107AA00017FCBFE015F6BFE017FDBFE083028010B2
:107AB000CC3F8010260300104400800005F4BFE096
:107AC0000601000005F43FE003FEBFE026030010BE
:107AD000600080101E3000100655000003F4BFE067
:107AE0001E1E001017FDBFE0C40FC0008503C010AC
:107AF00017FDBFE0C503001017FDBFE017018010A0
:107B000015F8BFE01776E0D017F8BFE01500C010F9
:107B100017F8BFE01576A0D017FDBFE005000010F4
:107B20001778E0D017FDBFE01501C01017FDBFE0CA
:107B30000D02001017FDBFE01578A0D017F6BFE0CA
:107B400015F7BFE017F7BFE03A70011017FFBFE06D
:107B50000500001015F53FE0063F000017F6BFE0F6
:107B600015F9BFE017F9BFE03A70011017FFBFE049
:107B70004412C0000500C01017FDBFE015F5BFE0BE
:107B8000063500003A880F00040180013A880B0096
:107B900017FD3FE14065145017FDBFE083028010E0
:107BA000CC3F80101EF73F1017FDBFE0C40FC00090
:107BB0008503C01017FDBFE0C503001017FDBFE02F
:107BC0001701801015F8BFE01776E0D017F8BFE076
:107BD0001500C01017F8BFE01576A0D017FDBFE064
:107BE000050000101778E0D017FDBFE01501C010A8
:107BF00017FDBFE00D02001017FDBFE01578A0D003
:107C000017F6BFE015FABFE017FABFE03A700110AF
:107C100003F4BFE0580080101E010010000A155048
:107C200017FFBFE00500001015F53FE0060A000051
:107C300017F6BFE015FBBFE017FBBFE03A7001107D
:107C400017FFBFE0C401C0000500C01017FDBFE072
:107C500015F5BFE03A88010017F5BFE03A8837E034
:107C60001701C0DF170000DF0402C0DE3A2800F869
:107C700004FAFFDE150500DF040500DF15FF3FE114
:107C800015FB3FE017FFBFE01E020010040180005B
:107C90000621000017FFBFE003008010CC3F8010DA
:107CA000A00080101E02001044008000061A000090
:107CB0003A30050015FDBFE017FDFFE084FFBF006F
:107CC0003A7084183A70011017FDBFE015FBBFE051
:107CD00017FFBFE01701801015FCBFE017FCBFE0E5
:107CE0001701C01017FCBFE01503C01017FCBFE060
:107CF0001701C01017FCBFE01504C01017FCBFE04F
:107D00008D05001017FBBFE015FEBFE017FEBFE0BA
:107D10003A7001103A8805003A8837E0170000DF12
:107D20000401C0DE3A2800F804F3FFDE150CC0DFC2
:107D3000150B00DF040B00DF15FD3FE13A88052835
:107D400015FFBFE10DFEBFE015F63FE017FFBFE0F6
:107D50001E0200103A8805000691000017FDBFE0E2
:107D60001E05001017FFBFE00401C0000500C01091
:107D70003A880500068A000017FDBFE00300801066
:107D8000CC3F8010A00080101E05001017FFBFE040
:107D90004400C0000500C0103A88050006800000BD
:107DA0000379A0D0CC3F80102605001017FFBFE05C
:107DB0008400C0000500C0103A8805000678000065
:107DC000036BA0D0CC3F80102605001017FFBFE04A
:107DD0004403C0000500C0103A880500067000008A
:107DE0003A30050015FCBFE017FCFFE084FFBF0040
:107DF0003A7084183A70011017FCBFE015F6BFE026
:107E000017FDBFE01701801015F8BFE017F8BFE0BD
:107E10008B058010CCFFBF10261E001017F8BFE0A6
:107E2000170480100401001117F8FFE01504001971
:107E30001700801015F5BFE017F8BFE08B05801024
:107E4000C4FFBF103A88071017F8BFE08D05C010B7
:107E500017F8BFE01704C01017F8BFE01702801032
:107E60001E04801817F8BFE01701C01017F8BFE014
:107E70001504C01017F6BFE015F7BFE017F7BFE015
:107E80003A70011017FFBFE00500001017F5BFE0C2
:107E900006430000177AA0D0177AE0D0030CC01870
:107EA0001401C018050CC010177AA0D0450C0010A2
:107EB000177AA0D00BFEFFE08D0BC01017FD3FE13D
:107EC000C07E145017F6BFE015FBBFE017FBBFE004
:107ED0003A700110000A15503A30050015F9BFE05C
:107EE00017F9FFE084FFBF003A7084183A70011060
:107EF00017F9BFE015F6BFE0177AA0D0430C801049
:107F0000CC3F801026030010A00080101E07001038
:107F1000060B0000177AA0D01709801015F5BFE0F6
:107F200017FFBFE005000010060E000015F53FE04A
:107F300017FFBFE08403C0000500C0100609000061
:107F4000177AA0D017FD7FE13A880910C0A4145019
:107F500015F53FE017FFBFE08402C0000500C01028
:107F60003A880100177AA0D0050C0010177AA0D02B
:107F7000450C0010177AA0D015070010177AA0D072
:107F800015080010177AA0D01509001017F6BFE0E9
:107F900015FABFE017FABFE03A70011017F5BFE01D
:107FA0003A8837E01701C0DF170000DF0402C0DEA7
:107FB0003A2800F804F6FFDE1509C0DF150800DFD7
:107FC000040800DF15FD3FE13A88052815FFBFE1F1
:107FD00005FEBFE015F93FE017FFBFE01E020010ED
:107FE0003A8805000649000017FDBFE01E05001095
:107FF00017FFBFE00401C0000500C0103A8805006B
:108000000642000017FDBFE003008010CC3F801047
:10801000A00080101E05001017FFBFE04400C00044
:108020000500C0103A880500063800003A30050007
:1080300015FCBFE017FCFFE084FFBF003A70841816
:108040003A70011017FCBFE015F9BFE017FDBFE063
:1080500083028010CC3F80102625001005F83FE0F9
:1080600003FEBFE060008010260E0010060800002E
:108070008400C001040180013A880B0017FD3FE134
:108080004065145003F8BFE04400801005F8BFE0DD
:1080900017FDBFE083028010CC3F80101EF43F101C
:1080A000060900008400C001040180013A880B0029
:1080B00017FD3FE14065145003F8BFE04400801015
:1080C00005F8BFE03A88010017F9BFE015FABFE0F4
:1080D00017FABFE03A700110000A155017FFBFE011
:1080E0008403C0000500C01003F8BFE006070000CD
:1080F00017F9BFE015FBBFE017FBBFE03A700110B6
:1081000017FFBFE0050000103A8805003A8837E005
:108110001701C0DF170000DF0402C0DE3A2800F8B4
:1081200004F6FFDE1509C0DF150800DF040800DFD4
:1081300015FE3FE115FF7FE115F83FE017FEBFE0B8
:108140001E02001004018000064A000017FEBFE076
:1081500003008010CC3F8010A00080101E02001091
:1081600044008000064300003A30050015FDBFE0E2
:1081700017FDFFE084FFBF003A7084183A700110C9
:1081800017FDBFE015F8BFE017FEBFE083028010C7
:10819000CC3F8010260C00103A880F0004018001AB
:1081A00017FF7FE117FE3FE14065145017F8BFE06D
:1081B00015F9BFE017F9BFE03A700110000A155039
:1081C0003A880500062B000017FEBFE0170180105B
:1081D00015FBBFE017FBBFE08B05C01017FBBFE02E
:1081E0000B058010CCFFFF18CCFFBF10360680189F
:1081F00017F8BFE015FABFE017FABFE03A700110B8
:1082000084078000061B000017FBBFE017038010E7
:108210000401001117FBFFE01503001917FFFFE031
:108220001500C01017FBBFE08B05801044008010C4
:108230003A88071017FBBFE08D05C01017FBBFE0A1
:108240001703C01017FBBFE0170280101E04801830
:1082500017FBBFE01701C01017FBBFE01503C010EC
:1082600017F8BFE015FCBFE017FCBFE03A70011043
:108270003A8805003A8837E01701C0DF170000DFB1
:108280000402C0DE3A2800F804F6FFDE1509C0DF5C
:10829000150800DF040800DF15FE3FE115FF7FE150
:1082A00015F83FE017FEBFE01E0200100401800039
:1082B000064C000017FEBFE003008010CC3F80108A
:1082C000A00080101E02001044008000064500003F
:1082D0003A30050015FDBFE017FDFFE084FFBF0049
:1082E0003A7084183A70011017FDBFE015F8BFE02E
:1082F00017FEBFE083028010CC3F8010260C0010D8
:108300003A880F000401800117FF7FE117FE3FE16B
:108310004065145017F8BFE015F9BFE017F9BFE04A
:108320003A700110000A15503A880500062D000029
:1083300017FEBFE01701801015FBBFE017FBBFE081
:108340008B05C01017FBBFE00B058010CCFFFF189A
:10835000CCFFBF103606801817F8BFE015FABFE053
:1083600017FABFE03A70011084078000061D000074
:1083700017FBBFE01704C01017FBBFE01701801008
:108380001E04801817FBBFE01702C01017FBBFE0E8
:108390001504C01017FBBFE01704801004FFFF1086
:1083A00017FBBFE01504C01017FBBFE017048010D7
:1083B00017FFFFE01500C01017FBBFE08B05801012
:1083C000440080103A88071017FBBFE08D05C010ED
:1083D00017F8BFE015FCBFE017FCBFE03A700110D2
:1083E0003A8805003A8837E01701C0DF170000DF40
:1083F0000402C0DE3A2800F804F5FFDE150AC0DFEB
:10840000150900DF040900DF15FD3FE115FE7FE1DE
:108410003A88053005FFBFE015F73FE017FDBFE0E4
:108420001E020010040180000671000017FDBFE06D
:1084300003008010CC3F8010A00080101E020010AE
:1084400044008000066A00003A30050015FCBFE0D9
:1084500017FCFFE084FFBF003A7084183A700110E7
:1084600017FCBFE015F7BFE017FDBFE083028010E7
:10847000CC3F8010261D001003FFBFE04C00801091
:10848000260B0010060500003A880F000401800149
:1084900017FE7FE117FD3FE14065145017FDBFE077
:1084A00083028010CC3F80101EF73F1006050000AD
:1084B0003A880F000401800117FE7FE117FD3FE1BC
:1084C0004065145017F7BFE015F8BFE017F8BFE09C
:1084D0003A70011003FFBFE00C0180101E01001074
:1084E000000A15503A8805000641000017FDBFE05C
:1084F0001701801015FABFE017FABFE08B05C01016
:1085000017FABFE00B058010CCFFFF18CCFFBF109F
:108510003606801817F7BFE015F9BFE017F9BFE07E
:108520003A700110840780000631000003FFBFE0AD
:108530008C0080102613001017FABFE01704C0103B
:1085400017FABFE0170180101E04801817FABFE069
:108550001702C01017FABFE01504C01017FABFE0E9
:108560001704801004FFFF1017FABFE01504C010B5
:1085700017FABFE01704801017FEFFE01500C010C7
:108580000610000017FABFE0170380100401001165
:1085900017FAFFE01503001917FEFFE01500C010E1
:1085A00017FABFE01703C01017FABFE017028010D8
:1085B0001E04801817FABFE01701C01017FABFE0B9
:1085C0001503C01017FABFE08B058010440080101F
:1085D0003A88071017FABFE08D05C01017F7BFE003
:1085E00015FBBFE017FBBFE03A7001103A880500A9
:1085F0003A8837E01701C0DF170000DF0402C0DE51
:108600003A2800F804F6FFDE150900DF040900DF50
:1086100015FE3FE115FF7FE115FA3FE017FEBFE0D1
:108620001E020010040180000649000017FFBFE091
:108630001E020010440280000645000017FEBFE045
:1086400003008010CC3F8010A00080101E0200109C
:1086500044008000063E00003A30050015FDBFE0F2
:1086600017FDFFE084FFBF003A7084183A700110D4
:1086700017FDBFE015FABFE017FEBFE08302C01090
:1086800017FFBFE0C502C01017FEBFE0C402801094
:1086900015F8BFE017FFBFE00402801015F9BFE036
:1086A00005F73FE0060B000017F9BFE04400C010DB
:1086B00015F9FFE017F8FFE04400001915F83FE155
:1086C0000300C0180500C01003F7BFE0440080108D
:1086D00005F7BFE003F7BFE0F00080101EF23F1087
:1086E00017FEBFE01701801015FCBFE017FCBFE0CC
:1086F0008B058010CCFFBF102606001017FCBFE0D2
:10870000170480101700C01017FFBFE01500C0103D
:108710000602000017FFBFE01500001017FCBFE0C5
:108720008B05C01017FFBFE00D01C01017FCBFE0A4
:108730000B05C01017FFBFE08D01C01017FABFE096
:1087400015FBBFE017FBBFE03A7001103A88050047
:108750003A8837E0170000DF0401C0DE3A2800F84D
:1087600004FBFFDE1504C0DF150300DF040300DF98
:1087700004784001B441010104742A2140FE1450E0
:10878000B44181000474AA1015FEBFE0B441810019
:10879000047AAA1015FFBFE00DFD3FE0060C0000B3
:1087A00017FEBFE017FFFFE01500C01017FEBFE087
:1087B0000406801015FEBFE017FFBFE0040680101E
:1087C00015FFBFE00BFDBFE0440080100DFDBFE0D2
:1087D0000BFDBFE0F00480101EF13F1017FEBFE05C
:1087E00015000010B44181000474AA101576A0D0C1
:1087F0003A8801003A8837E01701C0DF170000DF30
:108800000402C0DE3A2800F804FAFFDE150500DF96
:10881000040500DF15FF3FE115FB3FE017FFBFE058
:108820001E0200103A880500061F000017FFBFE077
:1088300003008010CC3F8010E00080101E0200106A
:108840003A880500061800003A30050015FEBFE022
:1088500017FEFFE084FFBF003A7084183A700110E1
:1088600017FEBFE015FBBFE017FFBFE00B02801053
:108870000DFDBFE00BFDBFE02606001017FFBFE0B7
:108880000B028010C4FFBF103A88071017FFBFE02B
:108890000D02C01017FBBFE015FCBFE017FCBFE0E6
:1088A0003A7001100BFDBFE03A8837E0170000DF97
:1088B0000401C0DE3A2800F804F9FFDE1506C0DF27
:1088C000150500DF040500DF3A8805200DFFBFE035
:1088D00015FB3FE00379A0D0CC3F801026020010AA
:1088E0003A880500062500003A30050015FEBFE075
:1088F00017FEFFE084FFBF003A7084183A70011041
:1089000017FEBFE015FBBFE01778A0D015FDBFE054
:108910001778A0D0260300101778A0D01701801078
:108920001578A0D017FBBFE015FCBFE017FCBFE037
:108930003A70011017FDBFE0260F001017FDBFE0D1
:10894000C400C0000500C01017FDBFE00BFFFFE032
:108950000D02C01017FDBFE01501001017FDBFE0AC
:10896000C40FC0008503C01017FDBFE0C503001091
:1089700017FD3FE140C0145017FDBFE03A8837E0D3
:108980001701C0DF170000DF0402C0DE3A2800F83C
:1089900004F3FFDE150CC0DF150B00DF040B00DF56
:1089A00015FD3FE13A88052815FFBFE105FEBFE050
:1089B00015F73FE017FFBFE01E02001017FDBFE0F4
:1089C000067E000017FDBFE01E05001017FFBFE088
:1089D0000401C0000500C01017FDBFE006770000CD
:1089E00017FDBFE003008010CC3F8010E000801036
:1089F0001E05001017FFBFE04400C0000500C010B6
:108A000017FDBFE0066D00000379A0D0CC3F8010B9
:108A10002605001017FFBFE0C403C0000500C0100A
:108A200017FDBFE0066500003A30050015FCBFE009
:108A300017FCFFE084FFBF003A7084183A70011001
:108A400017FCBFE015F7BFE017FDBFE08302801001
:108A5000CC3F8010260300104400800005F5BFE0E5
:108A60000601000005F53FE003FEBFE0260300100D
:108A7000600080101E2800100645000003F5BFE0CE
:108A80001E16001017FDBFE0C40FC0008503C01004
:108A900017FDBFE0C503001017FDBFE00500001083
:108AA0001778E0D017FDBFE01501C01017FDBFE03B
:108AB0000D02001017FDBFE01578A0D017F7BFE03A
:108AC00015F8BFE017F8BFE03A70011017FFBFE0DC
:108AD0000500001015F63FE00637000017F7BFE06D
:108AE00015F9BFE017F9BFE03A70011017FFBFE0BA
:108AF0004412C0000500C01017FDBFE015F6BFE02E
:108B0000062D00003A880F00440080013A880B00CF
:108B100017FD3FE14065145017FDBFE08302801050
:108B2000CC3F80101EF73F1017FDBFE0C40FC00000
:108B30008503C01017FDBFE0C503001017FDBFE09F
:108B4000050000101778E0D017FDBFE01501C01038
:108B500017FDBFE00D02001017FDBFE01578A0D093
:108B600017F7BFE015FABFE017FABFE03A7001103F
:108B700003F5BFE0580080101E010010000A1550D8
:108B800017FFBFE00500001015F63FE0060A0000E1
:108B900017F7BFE015FBBFE017FBBFE03A7001100D
:108BA00017FFBFE0C401C0000500C01017FDBFE003
:108BB00015F6BFE03A88010017F6BFE03A8837E0C3
:108BC0001701C0DF170000DF0402C0DE3A2800F8FA
:108BD00004F5FFDE150AC0DF150900DF040900DF18
:108BE00015FD3FE13A88052815FFBFE10DFEBFE006
:108BF00015F73FE017FFBFE02672001017FDBFE03A
:108C00001E04001017FFBFE00401C0000500C010E3
:108C1000066D000017FDBFE003008010CC3F801000
:108C2000E00080101E04001017FFBFE04400C000E9
:108C30000500C010066400000379A0D0CC3F80106E
:108C40002604001017FFBFE08400C0000500C0101C
:108C5000065D0000036BA0D0CC3F801026040010FE
:108C600017FFBFE04403C0000500C0100656000017
:108C70003A30050015FCBFE017FCFFE084FFBF00A1
:108C80003A7084183A70011017FCBFE015F7BFE086
:108C900017FDBFE00B028010CCFFBF10260D0010A7
:108CA00017FDBFE00B028010C4FFBF103A88071009
:108CB00017FDBFE00D02C01017F7BFE015F8BFE0C9
:108CC00017F8BFE03A70011017FFBFE00500001071
:108CD000063D0000177AA0D0177AE0D0030CC01828
:108CE0005400C018050CC010177AA0D0450C001015
:108CF000177AA0D00BFEFFE08D0BC01017FD3FE1EF
:108D0000C07E145017F7BFE015FBBFE017FBBFE0B4
:108D10003A700110000A15503A30050015F9BFE00D
:108D200017F9FFE084FFBF003A7084183A70011011
:108D300017F9BFE015F7BFE0177AA0D0430C8010F9
:108D4000CC3F801026030010A00080101E040010ED
:108D50000607000017FFBFE005000010060C00002A
:108D600017FFBFE08403C0000500C0100608000024
:108D7000177AA0D017FD7FE13A880910C0A41450DB
:108D800017FFBFE08402C0000500C0103A88010050
:108D9000177AA0D0050C0010177AA0D0450C00104F
:108DA000177AA0D015070010177AA0D01508001068
:108DB00017F7BFE015FABFE017FABFE03A700110ED
:108DC000060100003A8801003A8837E01701C0DF49
:108DD000170000DF0402C0DE3A2800F804F6FFDEC8
:108DE0001509C0DF150800DF040800DF15FD3FE1AD
:108DF0003A88052815FFBFE105FEBFE015F93FE001
:108E000017FFBFE01E0200103A8805000649000067
:108E100017FDBFE01E05001017FFBFE00401C000F2
:108E20000500C0103A8805000642000017FDBFE0AB
:108E300003008010CC3F8010E00080101E05001061
:108E400017FFBFE04400C0000500C0103A880500CD
:108E5000063800003A30050015FCBFE017FCFFE0C3
:108E600084FFBF003A7084183A70011017FCBFE00D
:108E700015F9BFE017FDBFE083028010CC3F8010E2
:108E80002625001005F83FE003FEBFE060008010DB
:108E9000260E0010060800008400C0014400800176
:108EA0003A880B0017FD3FE14065145003F8BFE01E
:108EB0004400801005F8BFE017FDBFE0830280107A
:108EC000CC3F80101EF43F10060900008400C00152
:108ED000440080013A880B0017FD3FE140651450C3
:108EE00003F8BFE04400801005F8BFE03A880100B5
:108EF00017F9BFE015FABFE017FABFE03A700110AA
:108F0000000A155017FFBFE08403C0000500C01021
:108F100003F8BFE00607000017F9BFE015FBBFE04C
:108F200017FBBFE03A70011017FFBFE0050000100B
:108F30003A8805003A8837E01701C0DF170000DFE4
:108F40000402C0DE3A2800F804F8FFDE1507C0DF8F
:108F5000150600DF040600DF15FF3FE115FA3FE0CC
:108F600017FFBFE01E02001004018000063500005C
:108F700017FFBFE003008010CC3F8010E00080109E
:108F80001E02001044008000062E00003A3005004A
:108F900015FEBFE017FEFFE084FFBF003A708418A3
:108FA0003A70011017FEBFE015FABFE017FFBFE0EF
:108FB00083028010CC3F8010260C00103A880F00EE
:108FC000440080013A880B0017FF3FE140651450D0
:108FD00017FABFE015FBBFE017FBBFE03A700110C6
:108FE000000A15503A8805000616000017FFBFE07A
:108FF0000B028010CCFFFF10D4FFBF00260C80189E
:1090000017FFBFE00B028010440080103A88071061
:1090100017FFBFE00D02C01017FABFE015FCBFE05C
:1090200017FCBFE03A7001103A8805000605000001
:1090300017FABFE015FDBFE017FDBFE03A70011061
:10904000840C80003A8837E01701C0DF170000DF8A
:109050000402C0DE3A2800F804F7FFDE150800DF3E
:10906000040800DF15FE3FE115FF7FE115FB3FE03F
:1090700017FEBFE01E02001004018000063600004B
:1090800017FFBFE01E0200104402800006320000FD
:1090900017FEBFE003008010CC3F8010E00080107E
:1090A0001E02001044008000062B00003A3005002C
:1090B00015FDBFE017FDFFE084FFBF003A70841884
:1090C0003A70011017FDBFE015FBBFE017FEBFE0CF
:1090D0008302C01017FFBFE04501C01017FEBFE0BC
:1090E000C402801015F8BFE017FFBFE084008010B5
:1090F00015F9BFE005FA3FE0060B000017F9BFE0E5
:109100004400C01015F9FFE017F8FFE04400001913
:1091100015F83FE10300C0180500C01003FABFE0D6
:109120004400801005FABFE003FABFE0F0008010B1
:109130001EF23F1017FEBFE00B02C01017FFBFE08A
:109140000D00C01017FBBFE015FCBFE017FCBFE02F
:109150003A7001103A8805003A8837E0170000DFBE
:109160000401C0DE3A2800F804F9FFDE150600DF2E
:10917000040600DF15FD3FE13A88052815FFBFE131
:109180000DFEBFE015FA3FE017FFBFE026310010EB
:1091900017FDBFE01E04001017FFBFE00401C00070
:1091A0000500C010062C000017FDBFE00300801072
:1091B000CC3F8010E00080101E04001017FFBFE0BD
:1091C0004400C0000500C010062300003A3005002E
:1091D00015FCBFE017FCFFE084FFBF003A70841865
:1091E0003A70011017FCBFE015FABFE017FFBFE0AF
:1091F0000500001017FDBFE00B028010CCFFBF1070
:109200002604001017FDBFE00BFEFFE00D02C010AA
:10921000060B000017FDBFE083028010CC3F8010DA
:109220001E04001017FDBFE00BFEFFE00D02C01092
:109230000603000017FFBFE04412C0000500C01085
:1092400017FABFE015FBBFE017FBBFE03A70011053
:10925000060100003A8801003A8837E0170000DF75
:109260000401C0DE3A2800F804F1FFDE150EC0DF6D
:10927000150D00DF040D00DF3A8807203A88052825
:1092800005FEFFE005FFBFE015F53FE003FEBFE090
:10929000300580101E05001003FEBFE0E03F801087
:1092A0001E020010840A80000626010003FFBFE0B2
:1092B000300580101E020010840A80000621010083
:1092C0003A30050015FDBFE017FDFFE084FFBF0049
:1092D0003A7084183A70011017FDBFE015F5BFE031
:1092E00003FFFFE0B44181000400B1103A88C718C1
:1092F0003A88C7183A88C510170080102606001053
:1093000017F5BFE015F6BFE017F6BFE03A700110A1
:10931000040A8000060B010003FEBFE0D83F801066
:109320001E030010177AA0D0830C801005FEBFE04A
:1093300003FEFFE0B44181000400B1103A88C71871
:109340003A88C7183A88C5101700801015F8BFE092
:1093500017F8BFE01E06001017F5BFE015F7BFE0D5
:1093600017F7BFE03A700110440A800006F50000CC
:1093700017F8BFE0580080101E06001017F5BFE078
:1093800015F9BFE017F9BFE03A700110C410800072
:1093900006EC000003FFBFE0FAD0041005FBBFE0BD
:1093A00003FFBFE0CC01801045FBBFE003FBBFE043
:1093B0004400C0003A98841885FBBFE043FBBFE03F
:1093C0004400C0003A988418C5FBBFE003FEFFE0EC
:1093D000B44181000400B1103A88C7183A88C71810
:1093E0003A88C5101500001003FFFFE0B44181006A
:1093F0000400B1103A88C7183A88C7183A88C510CF
:1094000017F8FFE01500C01017F8BFE0030D80103B
:1094100005FCBFE017F8BFE0830D801045FCBFE0FE
:1094200017F8BFE0430D801085FCBFE003FCFFE0B0
:109430004477A0D03A8885180300C01083FCBFE0B1
:109440003A708418CC3F80102628001003FCFFE0FF
:1094500003FC3FE14477A0D03A88852003008010C8
:109460003A88091083FCBFE03A3084003A708420C7
:109470003A8809104477A0D03A8885180500001171
:1094800003FCFFE04477A0D03A88851803008010E1
:10949000CC3F80101E06001043FCBFE03A30840031
:1094A0003A8807100377A0D03A7084180577A0D0C7
:1094B0000377E0D083FBBFE03AB084180577A0D0F3
:1094C00003FBFFE003FB3FE14477A0D03A8885200F
:1094D00003000011C3FBBFE03AB084203A880910B2
:1094E0004477A0D03A8885180500001117F8BFE02E
:1094F0001707801015F3BFE017F3BFE02633001005
:1095000003FCBFE003FCFFE017F33FE13A88C7200C
:10951000C402C0180300C0183A88091883FCFFE091
:109520003A30C6003A70C6203A88091817F3FFE0AF
:109530003A888518C40280100500001103FCBFE0C2
:1095400017F3FFE03A888518C402801003008010EA
:10955000CC3F80101E09001017F3BFE0830280107B
:109560003A88071043FCBFE03A3084003A70841810
:109570003A88071017F3BFE08502C01017F3BFE069
:109580008302C01083FBBFE03AB084183A8807100A
:1095900017F3BFE08502C01003FBBFE003FBFFE051
:1095A00017F33FE13A88C720C402C018030000192E
:1095B000C3FBFFE03AB0C6203A88091817F3FFE072
:1095C0003A888518C40280100500001117F8BFE022
:1095D000170880102642001017F8BFE01708801007
:1095E00015F4BFE017F4BFE01700801015F3BFE0DB
:1095F0000639000003FCBFE003FCFFE017F33FE186
:109600003A88C720C402C0180300C0183A88091855
:1096100083FCFFE03A30C6003A70C6203A88091849
:1096200017F3FFE03A888518C40280100500001186
:1096300003FCBFE017F3FFE03A888518C4028010EE
:1096400003008010CC3F80101E09001017F3BFE00C
:10965000830280103A88071043FCBFE03A30840050
:109660003A7084183A88071017F3BFE08502C010DB
:1096700017F3BFE08302C01083FBBFE03AB0841849
:109680003A88071017F3BFE08502C01003FBBFE064
:1096900003FBFFE017F33FE13A88C720C402C0187C
:1096A00003000019C3FBFFE03AB0C6203A8809184E
:1096B00017F3FFE03A888518C402801005000011F6
:1096C00017F4BFE00401801015F4BFE017F4BFE009
:1096D0001700801015F3BFE017F3BFE01EC53F1061
:1096E00017F8BFE003FFFFE0850CC01017F8BFE0DC
:1096F00003FBFFE0050DC01017F8BFE043FBFFE0E0
:10970000C50CC01017F8BFE083FBFFE0850DC0104B
:1097100017F8BFE0C3FBFFE0450DC01017F5BFE031
:1097200015FABFE017FABFE03A700110436BA0D002
:10973000CC3F8010580080101E010010000A155008
:109740003A8805003A8837E01701C0DF170000DFCC
:109750000402C0DE3A2800F804EEFFDE1511C0DF77
:10976000151000DF041000DF15FC3FE115FD7FE15F
:1097700015FEBFE13A88053805FFBFE015F33FE06D
:1097800003FFBFE0700580101E020010840A8000F5
:10979000065700003A30050015FBBFE017FBFFE05D
:1097A00084FFBF003A7084183A70011017FBBFE0C5
:1097B00015F3BFE00379A0D0CC3F8010260600103F
:1097C00017F3BFE015F4BFE017F4BFE03A700110E3
:1097D000040F80000646000003FFFFE0B441810053
:1097E0000400B1103A88C7183A88C7183A88C510DB
:1097F000170080101E39001003FFFFE0B441810004
:109800000400B1103A88C7183A88C7183A88C510BA
:109810004400C0001500C01017F3BFE015F5BFE00D
:1098200017F5BFE03A7001103A880F0017FEBFE14C
:1098300017FD7FE117FC3FE14007355015F7BFE00A
:1098400003FFBFE0150200D8150100D8150000D8AD
:109850003A880F003A880D0017F77FE13A8809101F
:10986000004A155005F8BFE003F8BFE01E060010DF
:10987000436BA0D0CC3F8010580080101E15001004
:10988000000A1550061300003A30050015FABFE033
:1098900017FAFFE084FFBF003A7084183A70011095
:1098A00017FABFE015F3BFE003FFFFE0B44181000A
:1098B0000400B1103A88C7183A88C7183A88C5100A
:1098C0001500001017F3BFE015F6BFE017F6BFE074
:1098D0003A70011003F8BFE00605000017F3BFE07F
:1098E00015F9BFE017F9BFE03A700110040A8000D3
:1098F0003A8837E01701C0DF170000DF0402C0DE3E
:109900003A2800F804ECFFDE1513C0DF151200DF63
:10991000041200DF15FA3FE115FB7FE115FCBFE102
:109920003A8809381702C0E0170680E005FD3FE1DC
:109930000DFEFFE00DFFBFE015F13FE003FDBFE0CE
:10994000700580101E020010840A8000066100006D
:109950003A30050015F9BFE017F9FFE084FFBF00BA
:109960003A7084183A70011017F9BFE015F1BFE0A2
:109970000379A0D0CC3F80102606001017F1BFE07D
:1099800015F2BFE017F2BFE03A700110040F80003B
:109990000650000003FDFFE0B44181000400B11057
:1099A0003A88C7183A88C7183A88C5101700801037
:1099B0001E43001003FDFFE0B44181000400B1101C
:1099C0003A88C7183A88C7183A88C5104400C000BA
:1099D0001500C01017F1BFE015F3BFE017F3BFE0AB
:1099E0003A7001100BFFBFE03A880D10170440E1F8
:1099F000170300E1C09C1A500BFFBFE03A880F101C
:109A000017FCBFE117FB7FE117FA3FE14007355034
:109A100015F5BFE003FDFFE00BFE3FE10BFFBFE0EC
:109A2000150280D8170580E0150180D8170480E062
:109A3000150080D83A880F20170380E117F57FE1E1
:109A40003A880918004A155005F6BFE003F6BFE052
:109A50001E060010436BA0D0CC3F80105800801031
:109A60001E150010000A1550061300003A300500BC
:109A700015F8BFE017F8FFE084FFBF003A708418C4
:109A80003A70011017F8BFE015F1BFE003FDFFE0E9
:109A9000B44181000400B1103A88C7183A88C71849
:109AA0003A88C5101500001017F1BFE015F4BFE0AB
:109AB00017F4BFE03A70011003F6BFE0060500009E
:109AC00017F1BFE015F7BFE017F7BFE03A700110DC
:109AD000040A80003A8837E01701C0DF170000DF72
:109AE0000402C0DE3A2800F804F4FFDE150BC0DFE4
:109AF000150A00DF040A00DF3A88052005FFBFE0F1
:109B000015F63FE00379A0D0CC3F8010260200106C
:109B10000410800006C0000003FFBFE0180580109D
:109B20001E020010840F800006BB000003FFBFE090
:109B3000300580101E05001003FFBFE0E03F8010DD
:109B40001E020010840A800006B300003A300500AF
:109B500015FEBFE017FEFFE084FFBF003A708418D7
:109B60003A70011017FEBFE015F6BFE003FFBFE03B
:109B7000D83F80101E030010177AA0D0830C8010ED
:109B800005FFBFE003FFFFE0B44181000400B11016
:109B90003A88C7183A88C7183A88C5101700801045
:109BA00015F8BFE017F8BFE01E06001017F6BFE07B
:109BB00015F7BFE017F7BFE03A700110C41080003E
:109BC0000695000017F8BFE0580080101E06001030
:109BD00017F6BFE015F9BFE017F9BFE03A700110C2
:109BE000440F8000068C000017F8BFE0030D8010C2
:109BF000CC3FC01017F8BFE0030D8010CC3F001120
:109C00004477A0D03A888520030080103A88091054
:109C100017F8BFE0430D80103A3084003A7084207A
:109C20003A8809104477A0D03A88851805000011B9
:109C300017F8BFE0030D8010CC3FC0104477A0D0D0
:109C40003A88851803008010CC3F80101E07001052
:109C500017F8BFE0830D80103A3084003A8807106F
:109C60000377A0D03A7084180577A0D017F8BFE02A
:109C7000170780102605001017F8BFE0170780109F
:109C80003A880B1017F83FE1C0A4145017F8BFE052
:109C9000170880102605001017F8BFE0170880107D
:109CA0003A880B1017F83FE140B0145017F8BFE0A6
:109CB000170A801015FBBFE017FBBFE0260200105B
:109CC00017FB3FE140F7165017F8BFE08D0B00106F
:109CD00017F8BFE0050C001017F8BFE0450C0010A6
:109CE000036BA0D0CC3F8010E03F80101E0300101B
:109CF000036BA0D044008010056BA0D017F6BFE026
:109D000015FDBFE017FDBFE03A700110406314502D
:109D10003A30050015FABFE017FAFFE084FFBF00F4
:109D20003A7084183A70011017FABFE015F6BFE0D8
:109D3000036BA0D0CC3F801026030010036BA0D093
:109D4000C4FFBF10056BA0D017F83FE1401F35508E
:109D50004373A0D0C4FFBF104573A0D003FFFFE042
:109D6000B44181000400B1103A88C7183A88C71876
:109D70003A88C5101500001017F8BFE017068010CC
:109D80001E07001017F8BFE0170580101506001019
:109D900017F8BFE017058010156EA0D0060A000066
:109DA00017F8BFE01706801017F8FFE01705C01876
:109DB0001505C01017F8BFE01705801017F8FFE071
:109DC0001706C0181506C0101772E0D017F8BFE0CC
:109DD0001505C01017F8BFE01572A0D017F8BFE046
:109DE000C40FC0000513C01017F8BFE045130010E2
:109DF00017F6BFE015FCBFE017FCBFE03A7001109A
:109E0000436BA0D0CC3F8010580080101E01001082
:109E1000000A15503A8805003A8837E01701C0DF7C
:109E2000170000DF0402C0DE3A2800F804F5FFDE68
:109E3000150A00DF040A00DF3A88052005FFBFE0AD
:109E400015F63FE003FFBFE0180580101E0200106A
:109E5000840F80000645000003FFBFE0300580103E
:109E60001E05001003FFBFE0E03F80101E0200103F
:109E7000840A8000063D000003FFBFE0D83F801049
:109E80001E1100103A30050015F9BFE017F9FFE088
:109E900084FFBF003A7084183A70011017F9BFE0D0
:109EA00015F6BFE0177AA0D0C30D801005F8BFE00B
:109EB00017F6BFE015FEBFE017FEBFE03A700110D5
:109EC00003F8BFE0062900003A30050015F7BFE0AF
:109ED00017F7FFE084FFBF003A7084183A70011052
:109EE00017F7BFE015F6BFE003FFFFE0B4418100C4
:109EF0000400B1103A88C7183A88C7183A88C510C4
:109F00001700801015FBBFE017FBBFE01E06001016
:109F100017F6BFE015FABFE017FABFE03A7001107C
:109F2000C41080000611000017FBBFE0580080102D
:109F30001E06001017F6BFE015FCBFE017FCBFE0DF
:109F40003A700110440F80000608000017FBBFE0C4
:109F5000C40FC000C50DC01017F6BFE015FDBFE06F
:109F600017FDBFE03A7001103A8805003A8837E0E3
:109F7000170000DF0401C0DE3A2800F804F4FFDE19
:109F8000150BC0DF150A00DF040A00DF3A88052040
:109F900015FE7FE115FFBFE105FDBFE015F63FE0CF
:109FA00017FFBFE01E0200103A88050006540000AB
:109FB00003FDBFE0700580101E08001003FDBFE028
:109FC000E03F80101E05001017FFBFE0840AC000AC
:109FD0000500C0103A8805000649000017FEBFE0E2
:109FE0001E05001017FFBFE00403C0000500C010ED
:109FF0003A880500064200000379A0D0CC3F8010CB
:10A000002605001017FFBFE04404C0000500C01083
:10A010003A880500063A00003A30050015FCBFE01A
:10A0200017FCFFE084FFBF003A7084183A700110FB
:10A0300017FCBFE015F6BFE003FDBFE0D83F80107E
:10A040001E030010177AA0D0830C801005FDBFE01E
:10A0500003FDFFE0B44181000400B1103A88C71845
:10A060003A88C7183A88C5101700801015F8BFE065
:10A0700017F8BFE01E09001017F6BFE015F7BFE0A4
:10A0800017F7BFE03A70011017FFBFE0C410C0001F
:10A090000500C0103A8805000619000017F8BFE057
:10A0A000580080101E09001017F6BFE015F9BFE038
:10A0B00017F9BFE03A70011017FFBFE0C410C000ED
:10A0C0000500C0103A880500060D000017F8BFE033
:10A0D000041380103A880B1017FE3FE1401E155004
:10A0E00005FBBFE017F6BFE015FABFE017FABFE0C7
:10A0F0003A70011017FFBFE00500001003FBBFE03E
:10A100003A8837E01701C0DF170000DF0402C0DE25
:10A110003A2800F804F3FFDE150CC0DF150B00DF52
:10A12000040B00DF3A88052015FE7FE115FFBFE133
:10A1300005FDBFE015F53FE017FFBFE0265C00100E
:10A1400003FDBFE0700580101E07001003FDBFE097
:10A15000E03F80101E04001017FFBFE0840AC0001B
:10A160000500C0100653000017FEBFE01E040010DB
:10A1700017FFBFE00403C0000500C010064D00003B
:10A180000379A0D0CC3F80102604001017FFBFE059
:10A190008404C0000500C010064600003A300500E7
:10A1A00015FCBFE017FCFFE084FFBF003A70841885
:10A1B0003A70011017FCBFE015F5BFE003FDBFE0EA
:10A1C000D83F80101E030010177AA0D0830C801097
:10A1D00005FDBFE003FDFFE0B44181000400B110C4
:10A1E0003A88C7183A88C7183A88C51017008010EF
:10A1F00015F7BFE017F7BFE01E08001017F5BFE026
:10A2000015F6BFE017F6BFE03A70011017FFBFE088
:10A21000C410C0000500C0100626000017F7BFE0FC
:10A22000580080101E08001017F5BFE015F8BFE0B9
:10A2300017F8BFE03A70011017FFBFE0C410C0006C
:10A240000500C010061B000017FE3FE180251550D9
:10A2500005FABFE003FABFE0300880101E080010C6
:10A2600017F5BFE015F9BFE017F9BFE03A7001102C
:10A2700017FFBFE04410C0000500C010060D00002D
:10A2800017F7BFE00413801017FE7FE13A8809102A
:10A29000401E155017F5BFE015FBBFE017FBBFE0F0
:10A2A0003A70011017FFBFE0050000100601000022
:10A2B0003A8801003A8837E01701C0DF170000DF55
:10A2C0000402C0DE3A2800F804F4FFDE150BC0DFFC
:10A2D000150A00DF040A00DF3A88052005FFBFE009
:10A2E00015F63FE003FFBFE0300580101E020010AE
:10A2F000840A8000066400003A30050015FEBFE0C5
:10A3000017FEFFE084FFBF003A7084183A70011016
:10A3100017FEBFE015F6BFE003FFFFE0B441810088
:10A320000400B1103A88C7183A88C7183A88C5108F
:10A330001700801015F8BFE017F8BFE01E060010E8
:10A3400017F6BFE015F7BFE017F7BFE03A7001104E
:10A3500084118000064C000017F8BFE05800801000
:10A360001E06001017F6BFE015F9BFE017F9BFE0B1
:10A370003A700110C41080000643000017F8BFE0D7
:10A38000030C8010CC3F80100C0280102639001086
:10A3900017F8BFE0030CC010C4FDBF003A7084186A
:10A3A0003A88071017F8BFE0050CC01017F8BFE097
:10A3B000030C8010CC3F80101E28001017F8BFE05F
:10A3C0008B0B8010CCFFBF101E1F001017F8BFE0D2
:10A3D000830DC0100377A0D03AB084180577A0D0C1
:10A3E00017F8BFE0030D8010CC3FC01017F8BFE096
:10A3F000030D8010CC3F00114477A0D03A8885200F
:10A400000300001117F8BFE0430D80103AB084201C
:10A410003A8809104477A0D03A88851805000011C1
:10A4200017F6BFE015FABFE017FABFE03A70011067
:10A43000436BA0D0CC3F8010580080101E0B001042
:10A44000000A15500609000017F6BFE015FBBFE033
:10A4500017FBBFE03A7001100604000017F6BFE0DA
:10A4600015FCBFE017FCBFE03A7001103A88050008
:10A470000605000017F6BFE015FDBFE017FDBFE0C1
:10A480003A700110041180003A8837E01701C0DFEC
:10A49000170000DF0402C0DE3A2800F804F3FFDEF4
:10A4A000150C00DF040C00DF3A88052015FF7FE162
:10A4B00005FEBFE015F63FE003FEBFE0700580102B
:10A4C0001E05001003FEBFE0E03F80101E020010DA
:10A4D000840A8000065D000017FFBFE01E02001026
:10A4E000440280000659000017FFBFE0150000106D
:10A4F00017FFBFE0150100103A30050015FDBFE061
:10A5000017FDFFE084FFBF003A7084183A70011015
:10A5100017FDBFE015F6BFE003FEBFE0D83F801097
:10A520001E030010177AA0D0830C801005FEBFE038
:10A5300003FEFFE0B44181000400B1103A88C7185F
:10A540003A88C7183A88C5101700801015F8BFE080
:10A5500017F8BFE01E06001017F6BFE015F7BFE0C2
:10A5600017F7BFE03A700110C410800006370000F2
:10A5700017F8BFE0580080101E06001017F6BFE065
:10A5800015F9BFE017F9BFE03A700110C410800060
:10A59000062E000017F8BFE00B048010CCFFBF10A0
:10A5A0004C0080101E06001017F6BFE015FABFE041
:10A5B00017FABFE03A700110441180000623000032
:10A5C00015F53FE017F8BFE01703801015FCBFE05A
:10A5D00017F8BFE01702801015F4BFE017F6BFE0D0
:10A5E00015FBBFE017FBBFE03A7001100603000047
:10A5F00017F5BFE04400801015F5BFE017F4BFE089
:10A600000401C01015F4FFE01700801026F83F1079
:10A6100017F5BFE03A8885103A8885103A88071008
:10A6200017FFBFE01500C01017FCFFE017F5BFE0F3
:10A630003AC885183A8885103A8885103A880710F4
:10A6400017FFBFE01501C0103A8805003A8837E0CF
:10A65000170000DF0401C0DE3A2800F804F5FFDE31
:10A66000150AC0DF150900DF040900DF3A8805205C
:10A6700005FFBFE015F83FE003FFBFE018058010BD
:10A680001E020010C41180000668000003FFBFE036
:10A69000300580101E05001003FFBFE0E03F801072
:10A6A0001E020010840A8000066000003A30050097
:10A6B00015FEBFE017FEFFE084FFBF003A7084186C
:10A6C0003A70011017FEBFE015F8BFE003FFBFE0CE
:10A6D000D83F80101E060010177AA0D0830C80107F
:10A6E00005FFBFE04400800005F7BFE00609000059
:10A6F000177AA0D0830C8010CC3FC01003FFBFE0BE
:10A700001E0380184400800005F7BFE0060100002A
:10A7100005F73FE003FFFFE0B44181000400B11002
:10A720003A88C7183A88C7183A88C51017008010A9
:10A7300015FABFE017FABFE01E06001017F8BFE0D9
:10A7400015F9BFE017F9BFE03A700110041280005C
:10A750000636000017FABFE0580080101E060010F1
:10A7600017F8BFE015FBBFE017FBBFE03A70011020
:10A77000C4108000062D000017FABFE0030D801002
:10A7800005FDBFE003FDFFE003FD3FE14477A0D0FE
:10A790003A888520030080103A88091017FABFE034
:10A7A000430D80103A3084003A7084203A880910B2
:10A7B0004477A0D03A8885180500001103FDFFE01A
:10A7C0004477A0D03A88851803008010CC3F8010D1
:10A7D0001E07001017FABFE0830D80103A30840086
:10A7E0003A8807100377A0D03A7084180577A0D074
:10A7F00017FABFE0030C8010140280103A8807108B
:10A8000017FABFE0050CC01017F8BFE015FCBFE059
:10A8100017FCBFE03A70011003F7BFE0580080104A
:10A820001E010010000A15503A8805003A8837E0EA
:10A830001701C0DF170000DF0402C0DE3A2800F86D
:10A8400004F6FFDE1509C0DF150800DF040800DF8D
:10A850003A88052015FF7FE105FEBFE015F83FE0CF
:10A8600003FEBFE0700580101E05001003FEBFE070
:10A87000E03F80101E020010840A800006340000B1
:10A8800017FFBFE01E0200104402800006300000E7
:10A890003A30050015FDBFE017FDFFE084FFBF0063
:10A8A0003A7084183A70011017FDBFE015F8BFE048
:10A8B00003FEBFE0D83F80101E030010177AA0D01F
:10A8C000830C801005FEBFE003FEFFE0B441810071
:10A8D0000400B1103A88C7183A88C7183A88C510DA
:10A8E0001700801015FABFE017FABFE01E0600102F
:10A8F00017F8BFE015F9BFE017F9BFE03A70011093
:10A90000440A80000612000017FABFE058008010C9
:10A910001E06001017F8BFE015FBBFE017FBBFE0F5
:10A920003A700110C410800006090000041B800169
:10A9300017FA7FE117FF3FE18003155017F8BFE0DA
:10A9400015FCBFE017FCBFE03A7001103A88050023
:10A950003A8837E01701C0DF170000DF0402C0DECD
:10A960003A2800F804FCFFDE150300DF040300DFD3
:10A9700015FD3FE115FE7FE13A8805300DFFBFE090
:10A980000BFFBFE04C008010260D00100BFFBFE056
:10A990008C008010260A00100607000017FEBFE09A
:10A9A000C4FFBF1015FEBFE017FDBFE00401C010DB
:10A9B00015FDFFE01500001017FEBFE01EF73F1069
:10A9C0003A8801003A8837E0170000DF0401C0DE52
:10A9D0003A2800F804F9FFDE1506C0DF150500DF90
:10A9E000040500DF3A8805200DFFBFE015FB3FE0BE
:10A9F0000379A0D0CC3F80101E3100100BFFBFE0C8
:10AA0000263000103A30050015FEBFE017FEFFE0CB
:10AA100084FFBF003A7084183A70011017FEBFE03F
:10AA200015FBBFE0177AA0D0030D801005FDBFE035
:10AA300003FDFFE003FD3FE14477A0D03A88852085
:10AA4000030080103A880910177AA0D0430D8010B7
:10AA50003A3084003A7084203A8809104477A0D0B4
:10AA60003A8885180500001103FDFFE04477A0D067
:10AA70003A88851803008010CC3F80101E07001014
:10AA8000177AA0D0830D80103A3084003A880710DE
:10AA90000377A0D03A7084180577A0D0177AA0D099
:10AAA0000BFFFFE08D0BC01017FBBFE015FCBFE0F4
:10AAB00017FCBFE03A700110000A155006010000B3
:10AAC0003A8801003A8837E01701C0DF170000DF3D
:10AAD0000402C0DE3A2800F804F7FFDE1508C0DFE4
:10AAE000150700DF150600DC040700DF3A88112097
:10AAF0003A8809283A8807303A88053805FB3FE24A
:10AB000005FC3FE105FDFFE00DFEBFE00379A0D0AD
:10AB1000CC3F80102602001044158000063E000045
:10AB200003FBBFE01E08001003FCBFE01E06001080
:10AB300003FDBFE01E0400100BFEBFE01E0200106C
:10AB4000041580000634000003FCBFE0300F8010C5
:10AB50001E02001044148000062F000003FDBFE019
:10AB6000300F80101E02001084148000062A00009E
:10AB70000BFEBFE030FA80101E020010C4148000EB
:10AB80000625000003FBBFE02484C31003FCBFE0E4
:10AB9000240F80103A88871803FDBFE03A88851893
:10ABA000241900140BFEBFE024198010047D8010CE
:10ABB00004FA40013A880910408E10503A88858086
:10ABC00015FABFE017FABFE03AD404100DF9BFE060
:10ABD00017FABFE0CCFFBF1015FABFE017FABFE0CD
:10ABE000CCFFBF103A880910C0A31A500607000016
:10ABF00014002001C0A31A5014002001C0A31A5051
:10AC00000BF9BFE0C4FFBF100DF9BFE00BF9BFE0C7
:10AC10001EF73F103A88050004FFFFE61702C0DF69
:10AC2000170100DF170000DC0403C0DE3A2800F83B
:10AC300004F5FFDE150AC0DF150900DF040900DF97
:10AC40003A88052005FFBFE015F73FE003FFBFE0AE
:10AC5000300580101E020010840A80000664000087
:10AC60003A30050015FEBFE017FEFFE084FFBF008D
:10AC70003A7084183A70011017FEBFE015F7BFE074
:10AC800003FFFFE0B44181000400B1103A88C71807
:10AC90003A88C7183A88C5101700801015F9BFE028
:10ACA00017F9BFE01E06001017F7BFE015F8BFE068
:10ACB00017F8BFE03A700110C4108000064C000085
:10ACC00017F9BFE0580080101E06001017F7BFE00C
:10ACD00015FABFE017FABFE03A700110C410800007
:10ACE0000643000017F9BFE08B0B8010CCFFBF10AC
:10ACF0001E06001017F7BFE015FBBFE017FBBFE013
:10AD00003A700110041480000639000017F9BFE002
:10AD10008D0B001017F9BFE0030C8010CC3F8010A2
:10AD2000CC0D8010260B001017F9BFE0030CC010EB
:10AD300004F2BF003A7084183A88071017F9BFE090
:10AD4000050CC01017F9BFE04400C000450CC0104E
:10AD50000602000017F9BFE0450C001017F9BFE02C
:10AD6000030C8010CC3F80100C0280101E1B0010C2
:10AD700017F9BFE0830DC0100377A0D03AB0841854
:10AD80000577A0D017F9BFE0030D8010CC3FC010AD
:10AD900017F9BFE0030D8010CC3F00114477A0D01D
:10ADA0003A8885200300001117F9BFE0430D801099
:10ADB0003AB084203A8809104477A0D03A888518A0
:10ADC0000500001117F7BFE015FCBFE017FCBFE05E
:10ADD0003A700110000A15500604000017F7BFE092
:10ADE00015FDBFE017FDBFE03A7001103A8805007D
:10ADF0003A8837E01701C0DF170000DF0402C0DE29
:10AE00003A2800F804FBFFDE150400DF040400DF2D
:10AE100015FC3FE03A30050015FEBFE017FEFFE0ED
:10AE200084FFBF003A7084183A70011017FEBFE02B
:10AE300015FCBFE0177BA0D015FDBFE017FCBFE0FD
:10AE400015FFBFE017FFBFE03A70011017FDBFE02C
:10AE50003A8837E0170000DF0401C0DE3A2800F826
:10AE600004FBFFDE150400DF040400DF15FF3FE1F3
:10AE700015FC3FE03A30050015FDBFE017FDFFE08F
:10AE800084FFBF003A7084183A70011017FDBFE0CC
:10AE900015FCBFE017FFBFE0157BA0D017FCBFE09B
:10AEA00015FEBFE017FEBFE03A7001103A880100BE
:10AEB0003A8837E0170000DF0401C0DE3A2800F8C6
:10AEC00004FDFFDE1502C0DF150100DF040100DF15
:10AED00015FF3FE1043E60D117FF3FE100ED335025
:10AEE0003A8837E01701C0DF170000DF0402C0DE38
:10AEF0003A2800F804FDFFDE1502C0DF150100DF6F
:10AF0000040100DF15FF3FE100F8345044008000E9
:10AF10003A7001103A8801003A8837E01701C0DF23
:10AF2000170000DF0402C0DE3A2800F804FAFFDE52
:10AF30001505C0DF150400DF040400DF0419C0019B
:10AF40003A880D003A880B003440000104200921A2
:10AF500040FA1B50440080013A880B007441010103
:10AF6000046E0C2140361B507441010104640C2115
:10AF700080F21A503A88010074410101047F1021C7
:10AF800000811C5015FC3FE04400800015FDBFE02F
:10AF900017FDBFE0160280004400800015FDBFE0F1
:10AFA00015FC3FE0065A0000B44181000415B110C1
:10AFB00017FCFFE02407C0183A88C51015000010E0
:10AFC000B44181000415B11017FCFFE02407C0183C
:10AFD0003A88C51004018010150000101727E0D032
:10AFE000B44181000415B11017FC3FE12407002192
:10AFF0003A880511040280101500C010B441810088
:10B000000415B11017FCFFE02407C0183A88C510DA
:10B010000403C010B4408100047FBB1015008018E9
:10B0200017FCBFE02407C010B44181000415B11023
:10B030003A888518042CE0D015FEFFE015FFBFE02C
:10B0400017FFBFE017FEFFE01501C01017FEBFE0BD
:10B050001700C01017FFBFE01500C01017FEBFE0BB
:10B060001700801017FFFFE01501C01017FEBFE0AA
:10B0700017FFFFE01500C010037FA0D0CC3F0011E8
:10B0800017FCBFE02407C010B44181000415B110C3
:10B090003A888718B4418100044DB110240300217F
:10B0A0003A8805111500C010037FA0D0CC3FC01016
:10B0B000B4418100044DB1102403C0183A88C51072
:10B0C0000401C0103440800004008810150080186E
:10B0D000037FA0D0CC3FC01017FCBFE03A88091016
:10B0E000B4418100044DB1102403C0183A88C51042
:10B0F0000402801005000011037FA0D044008010DE
:10B10000057FA0D017FCBFE04400801015FCBFE015
:10B1100017FCFFE017FDBFE016A3BF1874418100C4
:10B1200004B890101707C0107441810004B8901043
:10B13000170880103A880D103A880B1874410101E5
:10B1400004B81021409B1E507441810004D490101B
:10B150001707C0107441810004D4901017088010A4
:10B160003A880D103A880B187441010104D410215B
:10B17000409B1E507441010104F0102140CA1E5032
:10B180003A8801003A8837E01701C0DF170000DF76
:10B190000402C0DE3A2800F804FAFFDE1505C0DF1D
:10B1A000150400DF040400DF15FD3FE115FE7FE11B
:10B1B00015FFBFE117FDBFE01700801015FCBFE0D1
:10B1C00017FCBFE0040AC01017FDBFE01702801093
:10B1D0003A880F1017FFBFE117FE7FE13A88091880
:10B1E000C09A1B503A8837E01701C0DF170000DF14
:10B1F0000402C0DE3A2800F804FAFFDE1505C0DFBD
:10B20000150400DF040400DF15FD3FE115FE7FE1BA
:10B2100015FFBFE117FDBFE01700801015FCBFE070
:10B2200017FCBFE0040AC01017FDBFE01702801032
:10B230003A880F1017FFBFE117FE7FE13A8809181F
:10B2400080C61B503A8837E01701C0DF170000DFC7
:10B250000402C0DE3A2800F804FCFFDE1503C0DF5C
:10B26000150200DF040200DF15FF3FE117FFBFE01A
:10B270001700801015FEBFE017FEBFE0040AC010E3
:10B2800017FFBFE0170280103A880B103A880918A0
:10B2900040851B503A8837E01701C0DF170000DFF8
:10B2A0000402C0DE3A2800F804FAFFDE1505C0DF0C
:10B2B000150400DF040400DF15FD3FE115FE7FE10A
:10B2C00015FFBFE117FDBFE01700801015FCBFE0C0
:10B2D00017FCBFE0040A801017FFBFE117FE7FE1F3
:10B2E0003A880910C08B1B503A8837E01701C0DF3D
:10B2F000170000DF0402C0DE3A2800F804F1FFDE88
:10B30000150EC0DF150D00DF040D00DF15F93FE15C
:10B3100015FA7FE115FBBFE117F9BFE0040C8010BF
:10B3200015F4BFE00DF83FE00BF8BFE084F8FFE054
:10B330003A880B183A880910C0C015503A8807108F
:10B3400017F4BFE01500C01017F9BFE0040A801021
:10B3500015F5BFE0440080008DF7BFE08BF7BFE03C
:10B360003A880910009218503A88071017F5BFE084
:10B370001500C01017F9BFE0040B801015F6BFE0F0
:10B38000440080000DF7BFE00BF7BFE03A880910DA
:10B39000009218503A88071017F6BFE01500C01049
:10B3A00017F9BFE04400C0001508C01017F9BFE04E
:10B3B00017008010040180103A88071017F9BFE0C9
:10B3C000170880103500801817FABFE017FBFFE060
:10B3D000150000D817F9FFE1B4408101042BAD310D
:10B3E0003A880B183A8809100018345017F9BFE052
:10B3F0001509001017F9BFE00402801017A5E0D06E
:10B4000017F9FFE1B440810104D4AD313A880B183B
:10B410003A88091000A633500E04001017F9FFE017
:10B420003400A000C4FFBF10150180183A88010045
:10B430003A8837E01701C0DF170000DF0402C0DEE2
:10B440003A2800F804F2FFDE150DC0DF150C00DF0E
:10B45000040C00DF15FF3FE117FFBFE015F6BFE06A
:10B4600017F6BFE01700801015F7BFE017F7BFE031
:10B47000040180103700801015F8BFE017F8BFE016
:10B480000CC080102691001017F8BFE00C4080100F
:10B49000264700107400800015F4BFE017F6BFE0E7
:10B4A000170D801044008010CCFF811015F9BFE00B
:10B4B00017F6BFE0170EC01017F9BFE02627801857
:10B4C00017F7BFE03700801015F4BFE017F4BFE0B6
:10B4D0000C00A0102623001017F6BFE0170D8010F7
:10B4E00017F4FFE03A88091817F6FFE03A88851844
:10B4F000041180100500001117F6BFE0170D801031
:10B5000044008010CCFFC11017F6BFE0150DC0102D
:10B5100017F6BFE0170C801015FBBFE04400800059
:10B520000DFCBFE04400800085FCBFE0436BA0D071
:10B53000CC3F801026D93F100BFCBFE083FCFFE01E
:10B54000C4FD3FE13A880F203A880D183A880B1065
:10B5500017FB3FE1807E165006D03F003A8801007D
:10B56000060100003A88010017F4BFE0ECFFBF10AD
:10B57000260F001017F6BFE01708C01084FFBF00A9
:10B580003A70861817F6BFE01508C01017F7BFE02D
:10B59000040180103A88071017F6BFE017088010E2
:10B5A0003500801817F7BFE00401801037008010C5
:10B5B00017F8BFE00C80801026AC3F1017F8BFE0F2
:10B5C0003AD4041015F5BFE00626000017F7BFE0D7
:10B5D00017F6FFE01710C01817F63FE13A88C720AA
:10B5E0000411C2180300C018CC3FC0181C20C0189A
:10B5F00004E0FF183500C01017F6BFE017108010E8
:10B6000044008010CCFFC11017F6BFE01510C01029
:10B6100017F6BFE0170C801015FABFE08400800019
:10B620000DFDBFE04400800085FDBFE0436BA0D06E
:10B63000CC3F8010260800100BFDBFE083FDFFE02B
:10B6400004FE3FE13A880F203A880D183A880B1023
:10B6500017FA3FE1807E165017F5BFE0C4FFBF1018
:10B6600015F5BFE017F5BFE02605001017F6BFE09F
:10B670001710C01017F6BFE0170F80101ED3BF18A9
:10B6800017F5BFE026793F1017F6BFE01708C01086
:10B6900044FFBF003A70861817F6BFE01508C010C7
:10B6A00017F6BFE017008010040180103A880710D9
:10B6B00017F6BFE0170880103500801817F7BFE0B5
:10B6C000040180103700801006683F003A880100AE
:10B6D0003A8801003A8837E01701C0DF170000DF21
:10B6E0000402C0DE3A2800F804F9FFDE1506C0DFC8
:10B6F000150500DF040500DF15FF3FE117FFBFE080
:10B7000015FBBFE017FBBFE017008010040180109D
:10B710003700801015FCBFE017FCBFE00C00811063
:10B72000260B001017FBBFE01700801004018010EB
:10B730003A88071017FBBFE017088010140081102B
:10B740003500801817FBBFE0150900100621000026
:10B7500017FBBFE01709C0103400A00004FFBF10A2
:10B76000361CC01017FBBFE0170980104400C01042
:10B7700017FBBFE01509C01017FBBFE01709C01089
:10B7800017FBBFE0170180103612801817FBBFE0CF
:10B79000170C801015FDBFE0040180000DFEBFE016
:10B7A0004400800085FEBFE0436BA0D0CC3F8010FA
:10B7B000260800100BFEBFE083FEFFE0C4FE3FE161
:10B7C0003A880F203A880D183A880B1017FD3FE190
:10B7D000807E165017A5A0D03A8837E01701C0DF49
:10B7E000170000DF0402C0DE3A2800F804FDFFDE87
:10B7F000150200DF040200DF15FE3FE115FF7FE1C7
:10B800000605000017FFBFE00C0090102602001094
:10B8100044FDBF00060B000017FEBFE01710C0106C
:10B8200017FEBFE0170F80102605801817FEBFE037
:10B830001709C01017FEBFE01701801036F1BF18BE
:10B840003A8805003A8837E0170000DF0401C0DEBF
:10B850003A2800F804FAFFDE150500DF040500DFD2
:10B8600015FD3FE115FE7FE115FFBFE1C4F9BF0003
:10B8700015FBBFE017FEBFE06080DA101E03001862
:10B88000A0809A101E1800100629000017FDBFE0C6
:10B890001701C0103400A000C4FFBF10262180187B
:10B8A00017FFBFE01700801015FCBFE017FCBFE0DA
:10B8B000900080101E06001017FCFFE03400A0006E
:10B8C000C4FFBF102602801817FCBFE0060200006C
:10B8D0003400A00084FFBF1017FDFFE015018018A1
:10B8E00015FB3FE0060F000017FDBFE01701C01079
:10B8F0003400A000C4FFBF10260C801817FDBFE065
:10B900001709C01017FDBFE0170180103A80851895
:10B91000CC3FC01017FFBFE01500C01015FB3FE083
:10B92000060200003A880100060100003A88010082
:10B9300017FBBFE03A8837E0170000DF0401C0DEE4
:10B940003A2800F804EDFFDE1512C0DF151100DF04
:10B95000041100DF15FC3FE115FD7FE115FEBFE19D
:10B9600015FFFFE117FDBFE015F0BFE017FCBFE0DA
:10B97000170A801015F8BFE00DF93FE00BF9BFE0A2
:10B9800004FBFFE03A880D183A880B1017F83FE1E6
:10B9900080C318500661000017FCBFE0170D80102F
:10B9A00015F3BFE017FCBFE0170E801015F4BFE0E1
:10B9B00017F3FFE017F4BFE03605801817F3FFE038
:10B9C00017F4BFE03AC8851815F1BFE0060400007F
:10B9D0000400C20017F4BFE03AC8851815F1BFE0B3
:10B9E00017F1BFE0261E001017FEFFE017F1BFE0C1
:10B9F0002E02801817FEBFE015F1BFE017FCBFE074
:10BA00000411C01017F4BFE03A88851817F1BFE1A0
:10BA10003A880B1017F03FE14027025017F0FFE083
:10BA200017F1BFE03A88851815F0BFE017FEFFE078
:10BA300017F1BFE03AC8851815FEBFE017F4FFE024
:10BA400017F1BFE03A888518CCFFC11017FCBFE0A2
:10BA5000150EC01017FEBFE016CFBF000601000094
:10BA60003A88010017F0FFE017FDBFE01E2E801896
:10BA700017FFBFE00C0090101E2D0010436BA0D0EC
:10BA8000CC3F8010580080101E16001017FCBFE03D
:10BA9000170C801015F2BFE0440180008DF9BFE063
:10BAA000C4E0BF0005FABFE08DFA3FE0436BA0D0D1
:10BAB000CC3F8010261500108BF9FFE003FA3FE120
:10BAC0008BFA7FE144FBBFE0150080D83A880F284D
:10BAD0003A880D203A880B1817F23FE1001D1650E6
:10BAE000060A00003A88010017FCBFE0170DC010DD
:10BAF00017F3BFE01E05801817FCBFE01709C01040
:10BB000017FCBFE01701801036F7BF1817FCBFE025
:10BB1000170DC01017F3BFE02607801817FEBFE00F
:10BB2000169DBF00060500003A88010006030000CC
:10BB30003A880100060100003A88010017FCBFE0C6
:10BB4000170A80103A88091000FB185017F0FFE020
:10BB500017FDBFE0261880183A30050015F7BFE042
:10BB600017F7FFE084FFBF003A7084183A700110A5
:10BB700017F7BFE015F6BFE017FCBFE0170880100D
:10BB80005400C01017FCBFE01508C01017FCBFE040
:10BB900017008010040180103A88071017FCBFE0DE
:10BBA000170880103500801817F6BFE015F5BFE0C4
:10BBB00017F5BFE03A70011017F0FFE017FDBFE086
:10BBC0002604801817F0FFE017FDBFE03AC885187B
:10BBD0000606000017FFBFE00C00901026020010C0
:10BBE00044FDBF0006010000C4FEBF003A8837E0F4
:10BBF0001701C0DF170000DF0402C0DE3A2800F89A
:10BC000004EDFFDE1512C0DF151100DF041100DFA7
:10BC100015FC3FE115FD7FE115FEBFE115FFFFE1DA
:10BC200015F03FE017FDBFE015F2BFE017FCBFE0E5
:10BC3000170B801015F8BFE00DF93FE00BF9BFE0DE
:10BC400044FBFFE03A880D183A880B1017F83FE1E3
:10BC500080C318500637000017FCBFE0170F801094
:10BC600015F4BFE017FCBFE01710801015F0BFE01F
:10BC700017F4FFE017F0BFE02E06801817F0FFE082
:10BC800017F4BFE03AC88518C4FFBF1015F1BFE034
:10BC9000060B000017F0BFE0260500100400C200EC
:10BCA00017F4BFE03AC8851815F1BFE0060400009C
:10BCB000C4FFC10017F4BFE03AC8851815F1BFE012
:10BCC00017F1BFE0261E001017FEFFE017F1BFE0DE
:10BCD0002E02801817FEBFE015F1BFE017FCBFE091
:10BCE0000411C21017F4BFE03A88851817F1BFE1BC
:10BCF00017FD7FE13A8809104027025017FDFFE049
:10BD000017F1BFE03A88851815FDBFE017FEFFE088
:10BD100017F1BFE03AC8851815FEBFE017F4FFE041
:10BD200017F1BFE03A888518CCFFC11017FCBFE0BF
:10BD3000150FC01017FEBFE016C7BF0006010000B8
:10BD40003A8801003A30050015F7BFE017F7FFE029
:10BD500084FFBF003A7084183A70011017F7BFE0F3
:10BD600015F6BFE017FCBFE0170880109400C01064
:10BD700017FCBFE01508C01017FCBFE017008010CB
:10BD8000040180103A88071017FCBFE017088010E4
:10BD90003500801817F6BFE015F3BFE017F3BFE0DA
:10BDA0003A70011017FEBFE00E2A800017FFBFE0B7
:10BDB0000C0090101E2A0010436BA0D0CC3F8010C6
:10BDC000580080101E16001017FCBFE0170C8010E2
:10BDD00015F5BFE0840180008DF9BFE0C4E0BF002D
:10BDE00005FABFE08DFA3FE0436BA0D0CC3F801056
:10BDF000261500108BF9FFE003FA3FE18BFA7FE193
:10BE000004FBBFE0150080D83A880F283A880D203F
:10BE10003A880B1817F53FE1001D1650060A00007E
:10BE20003A88010017FCBFE01710C01017F0BFE000
:10BE30001E05801817FCBFE01709C01017FCBFE0F3
:10BE40001701801036F7BF1817FCBFE017098010E4
:10BE50001E05001017FEBFE016B6BF000603000067
:10BE60003A880100060100003A88010017FCBFE093
:10BE7000170B80103A88091000FB185017FDFFE0DF
:10BE800017F2BFE02604801817FDFFE017F2BFE0AD
:10BE90003AC885180606000017FFBFE00C00901096
:10BEA0002602001044FDBF0006010000C4FEBF00D2
:10BEB0003A8837E01701C0DF170000DF0402C0DE58
:10BEC0003A2800F804FAFFDE1505C0DF150400DF8C
:10BED000040400DF15FF3FE13A88070017FFBFE0C9
:10BEE0003500C01017FFBFE004018010370080103C
:10BEF0003A30050015FDBFE017FDFFE084FFBF00ED
:10BF00003A7084183A70011017FDBFE015FCBFE0CD
:10BF100080C8345017FCBFE015FEBFE017FEBFE03D
:10BF20003A7001103A8801003A8837E01701C0DF03
:10BF3000170000DF0402C0DE3A2800F804F8FFDE34
:10BF40001507C0DF150600DF040600DF15FC3FE122
:10BF500015FD7FE115FEBFE115FFFFE117FFBFE013
:10BF600015FBBFE017A5A0D01E02001017FBBFE015
:10BF700015A5A0D017FCBFE004018010C401C000CB
:10BF80003500C010150000D817FCFFE1B440810156
:10BF900004CBAF3117FE7FE117FD3FE100183450AD
:10BFA0003A8801003A8837E01701C0DF170000DF48
:10BFB0000402C0DE3A2800F804FDFFDE1502C0DFEF
:10BFC000150100DF040100DF15FF3FE1044260D1ED
:10BFD00017FF3FE100ED33503A8837E01701C0DF2B
:10BFE000170000DF0402C0DE3A2800F804F8FFDE84
:10BFF0001507C0DF150600DF040600DF15FE3FE170
:10C0000015FF7FE115FA3FE015FB3FE015FC3FE02F
:10C0100015FD3FE017FEBFE01E02001084FABF00CE
:10C02000062C000017FEBFE015FBBFE017FFBFE0C6
:10C030003A92041015FABFE017FABFE0D40080105E
:10C0400015FABFE017FBBFE0173080100403801023
:10C050003A88071017FABFE03500801817FB3FE158
:10C06000C0AF1C5015FDBFE017FDBFE02602001059
:10C0700017FDBFE00617000017FBBFE01730801068
:10C080003700801015FDBFE017FDBFE0BAD00510E6
:10C09000CC01801017FCFFE03AB0841815FCBFE01B
:10C0A00017FDBFE0FAD005100C02801017FCFFE06E
:10C0B0003AB0841815FCBFE017FDBFE07AD0051038
:10C0C0000C04801017FCFFE03AB0841815FCBFE0A8
:10C0D0003A8805003A8837E01701C0DF170000DF13
:10C0E0000402C0DE3A2800F804FBFFDE150400DF7E
:10C0F000040400DF15FD3FE115FE7FE115FFBFE100
:10C1000015FC3FE017FDBFE02604001017FEBFE05E
:10C110002602001017FFBFE01E02001084FABF00C5
:10C120000610000017FDBFE015FCBFE017FCBFE0E4
:10C13000170CC01017FFBFE01500C01017FCBFE0C0
:10C14000170C80101E020010C4FEBF000605000080
:10C1500017FCBFE0040DC01017FEBFE01500C010B3
:10C160003A8805003A8837E0170000DF0401C0DE96
:10C170003A2800F804F8FFDE1507C0DF150600DFD7
:10C18000040600DF15FE3FE115FF7FE115FA3FE0F1
:10C1900015FB3FE015FC3FE015FD3FE017FEBFE05B
:10C1A0001E02001084FABF000644000017FEBFE024
:10C1B00015FCBFE017FFBFE0160A001017FCBFE038
:10C1C0001731801017FFFFE02E06801817FCBFE024
:10C1D00017348010C4FFFF1017FFBFE03A708418B7
:10C1E0002602001084FABF000634000017FFFFE0AB
:10C1F00017FCBFE0173480103A880B103A880918F2
:10C20000408E105015FDBFE017FDBFE03A920610BA
:10C210003440800004C0BF103A70841815FBBFE0A2
:10C2200017FBBFE01401801015FBBFE017FCBFE057
:10C2300017308010040380103A88071017FBBFE006
:10C240003500801817FDBFE03A9206103440800098
:10C2500004C0BF103A70841815FBBFE017FBBFE0A5
:10C260009400801015FBBFE017FCBFE01730801072
:10C27000040380103A88071017FBBFE035008018D0
:10C2800017FCBFE0173080100404801037008010C6
:10C290004C0080102608001017FCBFE017308010FB
:10C2A000040480103A88071044008000350080188C
:10C2B000C4FEBF000601000017FABFE03A8837E06D
:10C2C0001701C0DF170000DF0402C0DE3A2800F8C3
:10C2D00004F3FFDE150CC0DF150B00DF040B00DFDD
:10C2E00015FC3FE115FD7FE115FEBFE115FFFFE104
:10C2F00015F53FE0170280E015F6BFE017FEBFE03E
:10C3000015F7BFE017FCBFE015FABFE017FDBFE06F
:10C31000161E001017FEBFE0161C001017FCBFE031
:10C32000261A001017FFBFE02618001017FABFE00A
:10C330001731801017FEFFE02E14801817FABFE0A7
:10C340001731801017FDFFE02E10801817FABFE09C
:10C350001734801017FE3FE117FDFFE03AC8C720F1
:10C360003AC8C710170280E036088018170280E02C
:10C370001606001017FABFE017348010C4FFFF1034
:10C3800017FDBFE03A708418265A001084FABF00E7
:10C39000065B0000C4FFBF0015FBBFE015F83FE0DF
:10C3A0000401800015F9BFE017F7BFE0CC00801052
:10C3B0002615001017F7BFE0CC00801015F8BFE07D
:10C3C00017F9FFE017F8BFE03AC8851815F9BFE084
:10C3D00017F9BFE017F6FFE02E02801817F6BFE04E
:10C3E00015F9BFE017F7FFE017F8BFE03AC8851866
:10C3F00015F7BFE017F7BFE0CC008010260700104C
:10C4000084FABF00063E000017F9BFE017F6FFE010
:10C410002E02801817F6BFE015F9BFE004FBFFE01D
:10C4200017F8BFE03A88891817FFFFE017F5BFE05B
:10C430003A88851817F9BFE13A880B104027025057
:10C4400017F5FFE017F9BFE03A88851815F5BFE04A
:10C4500017F6FFE017F9BFE03AC8851815F6BFE0F8
:10C4600017FABFE0172EC01017F7BFE03A888518FB
:10C4700017FBFFE03500C01017FABFE0172EC01001
:10C4800017F7BFE03A888518370080103A88071000
:10C4900017FBBFE02606801817FABFE0172EC01062
:10C4A00017F7BFE03A88851817FBFFE03500C0108A
:10C4B00017FABFE017308010040480103700801096
:10C4C0008C0080102608001017FABFE0173080108B
:10C4D000040480103A88071084008000350080181A
:10C4E000C4FEBF000606000017F7BFE0040180107D
:10C4F00015F7BFE017F6BFE01EA63F103A8805000B
:10C500003A8837E01701C0DF170000DF0402C0DE01
:10C510003A2800F804F0FFDE150FC0DF150E00DF2B
:10C52000040E00DF15FC3FE115FD7FE115FEBFE1C4
:10C5300015FFFFE115F33FE015F93FE017FDBFE000
:10C5400015F4BFE017FFBFE015F5BFE015F63FE0BB
:10C5500015F73FE017FCBFE02602001017FEBFE012
:10C560001E02001084FABF00065F000017FCBFE047
:10C5700015F9BFE017FDBFE017FFFFE03A880D187F
:10C580003A880B1017F93FE100A61C5015F3BFE0E5
:10C5900017F3BFE02602001017F3BFE006520000B9
:10C5A00017FDFFE017F9BFE0173480103A880B1031
:10C5B0003A880918408E105015F7BFE00643000076
:10C5C00015FA3FE015F83FE015FB3FE017F5BFE037
:10C5D0002643001017F9BFE0173480103AC88700CF
:10C5E00017F4BFE03A70841815FABFE017FAFFE0BD
:10C5F00017F4BFE02604801817F4FFE017FABFE035
:10C600003AC8851815F8BFE017FABFE03A880B1052
:10C6100017FC3FE1C01D1C5015F3BFE017F3BFE04E
:10C620002602001017F3BFE0062F000017F9BFE045
:10C630001734C01017F8BFE03AC8851817F5FFE0A7
:10C640002E0180183A88051815FBBFE017FA3FE164
:10C6500017F47FE117FEFFE017F6BFE03A8887186E
:10C6600017FBBFE0150080D83A880F183A880D28CC
:10C670003A880B2017FC3FE180331C5015F3BFE0D4
:10C6800017F3BFE02602001017F3BFE00616000004
:10C6900017F5FFE017FBBFE03AC8851815F5BFE0B6
:10C6A00017F6FFE017FBBFE03A88851815F6BFE0E4
:10C6B00017F4FFE017FBBFE03A88851815F4BFE0D8
:10C6C00017F7BFE04400801015F7BFE017F9BFE08F
:10C6D0001733801017F7FFE036B9BF1806010000C6
:10C6E0003A88010017F3BFE03A8837E01701C0DF4E
:10C6F000170000DF0402C0DE3A2800F804F8FFDE6D
:10C700001507C0DF150600DF040600DF15FC3FE15A
:10C7100015FD7FE115FEBFE115FFFFE115FA3FE0D2
:10C7200015FB3FE017FCBFE02602001017FEBFE03C
:10C730001E02001084FABF000616000017FCBFE0BE
:10C7400015FBBFE017FDBFE017FFFFE03A880D18AB
:10C750003A880B1017FB3FE100A61C5015FABFE00A
:10C7600017FABFE01E0A001017FBBFE0172EC0101B
:10C7700017FDBFE03A8885183A88071017FFBFE019
:10C780003A880D103A880B1817FE3FE140270250F7
:10C7900017FABFE03A8837E01701C0DF170000DF63
:10C7A0000402C0DE3A2800F804FAFFDE1505C0DFF7
:10C7B000150400DF040400DF15FF3FE115FC3FE036
:10C7C00015FE3FE015FD3FE017FFBFE01E02001021
:10C7D00084FABF000683000017FFBFE01730801007
:10C7E0001E02001044FBBF00067E000017FFBFE0E2
:10C7F000173280101E36001017FFBFE01730801070
:10C80000040280103700801015FCBFE017FCBFE069
:10C81000CC3F801015FCBFE017FCBFE0C4FABF108E
:10C820006803C0101E280018BA900610B44081009A
:10C83000042AB2103A888518170080103A68001050
:10C84000DCC80105E8C80105F4C8010500C90105F7
:10C850000CC9010530C9010530C9010530C9010500
:10C8600030C9010530C9010530C9010518C90105E4
:10C8700024C901050408800015FDBFE0062E000054
:10C880000410800015FDBFE0062B0000042080008E
:10C8900015FDBFE0062800000440800015FDBFE044
:10C8A000062500000480800015FDBFE00622000080
:10C8B0000400810015FDBFE0061F00000400820097
:10C8C00015FDBFE0061C000044FBBF00064500004C
:10C8D00017FFBFE017308010040180103700801070
:10C8E00015FCBFE017FCBFE0CC3F801015FCBFE09B
:10C8F00017FCBFE0A005C0101E0700182006C010DE
:10C900001E08001820058010260900100408800069
:10C9100015FDBFE0060800000420800015FDBFE003
:10C92000060500000440800015FDBFE0060200007F
:10C9300044FBBF00062B000017FFBFE01734C010F8
:10C9400017FDBFE03A38851815FEBFE017FFBFE0BE
:10C950001731C01017FEBFE01E04801817FFBFE09C
:10C960001733C01017FDBFE02604801817FFBFE083
:10C97000150C001044FBBF00061A000017FFBFE0B3
:10C9800017FCFFE01536C01017FFBFE017FDFFE0F2
:10C990001533C01017FFBFE04400C000150CC010D5
:10C9A00017FFBFE0150D001017FEFFE017FFBFE0F7
:10C9B000150EC01017FDFFE017FFBFE0150FC010E8
:10C9C00017FFBFE0173480103A88071017FFBFE049
:10C9D0001510C01017FFBFE03A88091000021C5064
:10C9E0003A8805003A8837E01701C0DF170000DFFA
:10C9F0000402C0DE3A2800F804F9FFDE150600DF65
:10CA0000040600DF15FD3FE115FE7FE115FFBFE1E4
:10CA100015FA3FE015FB3FE015FC3FE017FDBFE0D6
:10CA20001E02001084FABF000616000017FDBFE0CA
:10CA300015FABFE017FABFE0172EC01017FEBFE0CF
:10CA40003A88851815FBBFE017FBFFE017FFBFE032
:10CA50003A88851815FCBFE017FABFE0172F801041
:10CA600017FBFFE02E04801817FABFE0172FC01045
:10CA700017FCBFE02E02801884FABF0006010000F8
:10CA80003A8805003A8837E0170000DF0401C0DE6D
:10CA90003A2800F804FBFFDE1504C0DF150300DFB1
:10CAA000040300DF15FF3FE1F40280000498AB109F
:10CAB00015FEBFE00DFD3FE017FFBFE01E0C0010AC
:10CAC00084FABF000610000044000001C0B83350D3
:10CAD0000BFDFFE017FEBFE03602801884F0BF00B8
:10CAE000060900000BFDBFE0440080100DFDBFE013
:10CAF00017FFBFE017308010370080104C00801007
:10CB00001EF13F103A8805003A8837E01701C0DF70
:10CB1000170000DF0402C0DE3A2800F804FEFFDE42
:10CB20001501C0DF150000DF3A8839D81741A0D0C1
:10CB3000260300101741A0D03AE83E10060100007D
:10CB40000463A0D03A8837E01701C0DF170000DF88
:10CB50000402C0DE3A2800F804FCFFDE150300DF03
:10CB6000040300DF15FD3FE115FE7FE115FFBFE186
:10CB700017FDBFE0370080100C0180102602001066
:10CB800004F9BF000615000017FFBFE01700801072
:10CB90003A88071017FEBFE03500C01017FEBFE04F
:10CBA0000401801017FFFFE01701C0183500C01006
:10CBB00017FEBFE00402801017FFFFE01702C01845
:10CBC0003500C01017FEBFE00403801017FFFFE020
:10CBD0001703C0183500C0103A8805003A8837E0BE
:10CBE000170000DF0401C0DE3A2800F804FCFFDE75
:10CBF000150300DF040300DF15FD3FE115FE7FE1B3
:10CC000015FFBFE117FDBFE0370080100C01801059
:10CC10002602001004F9BF00063B000017FFBFE02A
:10CC2000170080103A88071017FEBFE03500C010CB
:10CC300017FEBFE00401801017FFFFE01701C018C6
:10CC40003500C01017FEBFE00402801017FFFFE0A0
:10CC50001702C0183500C01017FEBFE00403801093
:10CC600017FFFFE00B03C018CCFFFF182D00C0100A
:10CC700017FEBFE08403801017FFFFE08303C01896
:10CC8000CC3FC0182500C01017FEBFE0C4038010C1
:10CC900017FFFFE0C303C018CC3FC0182500C01029
:10CCA00017FEBFE00404801017FFFFE00B04C0185C
:10CCB000CCFFFF182D00C01017FEBFE084048010C9
:10CCC00017FFFFE08B04C018CCFFFF182D00C01029
:10CCD00017FEBFE0040580103A8807003500C01039
:10CCE00017FEBFE0040680103A8807003500C01028
:10CCF00017FEBFE00407801017FFFFE01707C018FA
:10CD00003500C0103A8805003A8837E0170000DF88
:10CD10000401C0DE3A2800F804F8FFDE1507C0DF82
:10CD2000150600DF040600DF15FF3FE117FFBFE037
:10CD300015FABFE017FABFE083178010CC3F8010D0
:10CD40002611001017FABFE0170680103700801078
:10CD50003A880710C4FDBF003A70841815FBBFE085
:10CD600017FABFE01706801017FBFFE03500C01070
:10CD700017FABFE017068010040480104400C000BA
:10CD80003500C0100611000017FABFE0170380102D
:10CD900004018010370080103A880710C4FBBF00E0
:10CDA0003A70841815FBBFE017FABFE01703801034
:10CDB0000401801017FBFFE03500C01017FABFE038
:10CDC000170380100480C0003500C01017FABFE0C0
:10CDD000170B8010261200103A30050015FDBFE039
:10CDE00017FDFFE084FFBF003A7084183A7001100D
:10CDF00017FDBFE015FCBFE017FABFE0170B80106E
:10CE000017FAFFE0170CC0183A8809183AE83E10E4
:10CE100017FCBFE015FEBFE017FEBFE03A7001103F
:10CE200017FABFE083178010CC3F8010260A00104D
:10CE300017FABFE017068010370080101402801028
:10CE400015FBBFE017FABFE01706801017FBFFE0E5
:10CE50003500C010060C000017FABFE01703801061
:10CE600004018010370080101404801015FBBFE00F
:10CE700017FABFE0170380100401801017FBFFE0D2
:10CE80003500C0103A8801003A8837E01701C0DF4A
:10CE9000170000DF0402C0DE3A2800F804FBFFDEC2
:10CEA000150400DF040400DF15FC3FE115FD7FE100
:10CEB00015FEBFE115FFFFE117FCBFE01712C01020
:10CEC000170180E03604801817FCBFE003178010BC
:10CED000CC3F80102602001084FABF00060E00002E
:10CEE00017FDBFE017FEFFE01500C01017FDBFE003
:10CEF00017FFFFE01501C01017FDBFE01701C0E0EC
:10CF00001502C010170280E03400E01017FDBFE0EA
:10CF10001503C0103A8805003A8837E0170000DF93
:10CF20000401C0DE3A2800F804F6FFDE150900DF30
:10CF3000040900DF15F73FE115F87FE115F9BFE1BE
:10CF400015FAFFE1170380E1170440E1170500E13E
:10CF50001706C0E0170780E00DFBBFE105FC7FE18D
:10CF600005FD3FE10DFEFFE00DFFBFE017F7BFE05D
:10CF70001712C010170180E03619801817F73FE12B
:10CF8000171380201714C0200BFE3FE1CCFF3F2178
:10CF90003A8815203A8817003611C01A1E01C05869
:10CFA000360F801217F73FE1171380201714C020A7
:10CFB0000BFF3FE1CCFF3F213A8811203A88130054
:10CFC0003607401A1E01C0483605001217F7BFE0A9
:10CFD00003178010CC3F8010600080101E020010EC
:10CFE00084FABF000621000017F8BFE017F9FFE040
:10CFF0001500C01017F8BFE017FAFFE01501C010C8
:10D0000017F8BFE01701C0E01502C01017F8BFE025
:10D010000BFBFFE00D03C01017F8BFE003FCFFE0BF
:10D020008503C01017F8BFE003FDFFE0C503C01083
:10D0300017F8BFE00BFEFFE00D04C01017F8BFE0CB
:10D040000BFFFFE08D04C01017F8BFE015050010BE
:10D0500017F8BFE015060010170280E03400E0105A
:10D0600017F8BFE01507C0103A8805003A8837E086
:10D07000170000DF0401C0DE3A2800F804EEFFDEEE
:10D080001511C0DF151000DF041000DF15FD3FE1B2
:10D0900015FE7FE115FFBFE115F13FE015F23FE01E
:10D0A0000DF03FE017FDBFE0170380100402801071
:10D0B00037008010CCFFBF1015F3BFE017FDBFE0B5
:10D0C0001703801004028010370080103AD4041037
:10D0D00015F4BFE017FDBFE01709801017F4FFE05B
:10D0E0002E04801817FDBFE01709801017F3FFE02A
:10D0F0003602801804F9BF0006A9000017FDBFE042
:10D100001718801015F6BFE00DFC3FE00BFCBFE0E8
:10D1100084FCFFE03A880D183A880B1017F63FE1BF
:10D1200080C318500408800015F1BFE03A300500B4
:10D1300015F7BFE017F7FFE084FFBF003A708418CF
:10D140003A70011017F7BFE015F2BFE017FDBFE01E
:10D15000170380100401801017F1FFE03500C010A4
:10D1600017FDBFE01703801017FDFFE01703C0187D
:10D170003700C0183500C01017F2BFE015FBBFE044
:10D1800017FBBFE03A70011017FEBFE0261E00102B
:10D1900017FFBFE01E1C0010061100004400000134
:10D1A000C0B833500BF0BFE030E284101E0900100D
:10D1B0007441010104723921407B345017FDBFE0F6
:10D1C000171880103A88091000FB185084F0BF002F
:10D1D000067300000BF0BFE0440080100DF0BFE0CC
:10D1E00017FDBFE01703C01017FDBFE01704801044
:10D1F00017FEBFE13A880B103A88091800BC1C5092
:10D200001EE63F100627000017FEBFE01E1F00109D
:10D2100017FFBFE0261D00100DF03FE006110000D3
:10D2200044000001C0B833500BF0BFE030E284107E
:10D230001E0900107441010104883921407B3450DB
:10D2400017FDBFE0171880103A88091000FB18502E
:10D2500084F0BF00065200000BF0BFE044008010D5
:10D260000DF0BFE017FDBFE01703C01017FDBFE0D2
:10D270001704801017FFBFE13A880B103A8809188D
:10D2800040C51C501EE63F100606000017FDBFE01B
:10D29000171880103A88091000FB1850C4FFBF000F
:10D2A000063F000017FDBFE0170B8010261C001082
:10D2B00017FDBFE0170DC01017F1BFE03AB084189A
:10D2C0001405801015F1BFE017F1FFE0C4F7BF00AF
:10D2D0003A70841815F1BFE03A30050015F9BFE047
:10D2E00017F9FFE084FFBF003A7084183A7001100C
:10D2F00017F9BFE015F2BFE017FDBFE0170380107C
:10D300000401801017F1FFE03500C01017F2BFE0F4
:10D3100015F5BFE017F5BFE03A700110061B0000DD
:10D3200017FDBFE0170DC01017F1BFE03AB0841829
:10D330001401801015F1BFE017F1FFE0C4F3BF0046
:10D340003A70841815F1BFE03A30050015FABFE0D5
:10D3500017FAFFE084FFBF003A7084183A7001109A
:10D3600017FABFE015F2BFE017FDBFE0170380100A
:10D370000401801017F1FFE03500C01017F2BFE084
:10D3800015F8BFE017F8BFE03A70011017FDBFE0D5
:10D39000171880103A88091000FB18503A880500C9
:10D3A0003A8837E01701C0DF170000DF0402C0DE53
:10D3B0003A2800F804EEFFDE1511C0DF151000DF7B
:10D3C000041000DF15FD3FE115FE7FE115FFBFE111
:10D3D00015F43FE015F53FE015F03FE00DF13FE0BB
:10D3E00017FDBFE017038010040280103700801083
:10D3F000CCFFBF1015F2BFE017FDBFE01703801090
:10D4000004028010370080103AD4041015F3BFE0F6
:10D410000478800015F6BFE0061900004400000102
:10D42000C0B833500BF1BFE030E284101E0500108D
:10D4300074410101049E3921407B345084F0BF00C7
:10D4400006D700000BF1BFE0440080100DF1BFE0F3
:10D4500017FDBFE017038010040280103700801012
:10D46000CCFFBF1015F2BFE017FDBFE0170380101F
:10D4700004028010370080103AD4041015F3BFE086
:10D4800017FDBFE01709801017F3FFE02EE3BF1868
:10D4900017FDBFE01709801017F2FFE02EDFBF185D
:10D4A00017FDBFE01718801015F8BFE00DFC3FE036
:10D4B0000BFCBFE084FCFFE03A880D183A880B10A3
:10D4C00017F83FE180C318503A30050015FBBFE064
:10D4D00017FBFFE084FFBF003A7084183A70011018
:10D4E00017FBBFE015F5BFE017FDBFE01703801085
:10D4F000040180100408C0003500C01017FDBFE013
:10D500001703801017FDFFE01703C0183700C0187D
:10D510003500C01017FEBFE0261F001017FFBFE048
:10D520001E1D00100DF13FE0061100004400000137
:10D53000C0B833500BF1BFE030E284101E09001078
:10D540007441010104B23921407B345017FDBFE022
:10D55000171880103A88091000FB185084F0BF009B
:10D56000068F00000BF1BFE0440080100DF1BFE01A
:10D5700017FDBFE01703C01017FDBFE017048010B0
:10D5800017FEBFE13A880B103A88091800BC1C50FE
:10D590001EE63F100627000017FEBFE01E1F00100A
:10D5A00017FFBFE0261D00100DF13FE0061100003F
:10D5B00044000001C0B833500BF1BFE030E28410EA
:10D5C0001E0900107441010104C33921407B34500D
:10D5D00017FDBFE0171880103A88091000FB18509B
:10D5E00084F0BF00066E00000BF1BFE04400801025
:10D5F0000DF1BFE017FDBFE01703C01017FDBFE03E
:10D600001704801017FFBFE13A880B103A880918F9
:10D6100040C51C501EE63F100606000017FDBFE087
:10D62000171880103A88091000FB1850C4FFBF007B
:10D63000065B000017FDBFE0170380100401801097
:10D6400017FDFFE0170D0019C4F2FF003A70C62065
:10D650001401C0183500C01017F5BFE015F7BFE082
:10D6600017F7BFE03A7001100DF13FE017FDBFE082
:10D67000170380103700801015F0BFE0061500007A
:10D6800044000001C0B833500BF1BFE030E2841019
:10D690001E0900107441010104D43921407B34502B
:10D6A00017FDBFE0171880103A88091000FB1850CA
:10D6B00084F0BF00063A00000BF1BFE04400801088
:10D6C0000DF1BFE017FDBFE0170380103700801099
:10D6D00015F0BFE017F0FFE017F6BFE03A708418CE
:10D6E0001E03001017F0BFE04C0080101EE43F1036
:10D6F00017F0FFE017F6BFE03A7084182606001016
:10D7000017FDBFE0171880103A88091000FB185069
:10D7100017F6BFE00622000017FDBFE017038010D8
:10D7200004018010370080101408801015F4BFE049
:10D730003A30050015FABFE017FAFFE084FFBF009A
:10D740003A7084183A70011017FABFE015F5BFE07F
:10D7500017FDBFE0170380100401801017F4FFE0ED
:10D760003500C01017FDBFE01703801017FDFFE064
:10D770001703C0183700C0183500C01017F5BFE0F8
:10D7800015F9BFE017F9BFE03A70011017FDBFE0CF
:10D79000171880103A88091000FB18503A880500C5
:10D7A0003A8837E01701C0DF170000DF0402C0DE4F
:10D7B0003A2800F804F8FFDE1507C0DF150600DF81
:10D7C000040600DF15FC3FE115FD7FE115FEBFE11A
:10D7D00015FFFFE1170280E0150180D817FFBFE0B9
:10D7E000150080D817FEFFE13A880D0017FD7FE194
:10D7F00017FC3FE140F01C503A8837E01701C0DFCA
:10D80000170000DF0402C0DE3A2800F804F8FFDE4B
:10D810001507C0DF150600DF040600DF15FC3FE139
:10D8200015FD7FE115FEBFE115FFFFE1170280E066
:10D83000150180D817FFBFE0150080D83A880F0087
:10D8400017FEBFE117FD7FE117FC3FE140F01C50E0
:10D850003A8837E01701C0DF170000DF0402C0DE9E
:10D860003A2800F804F8FFDE1507C0DF150600DFD0
:10D87000040600DF15FC3FE115FD7FE115FEBFE169
:10D8800015FFFFE1170380E0150180D8170280E043
:10D89000150080D817FFFFE117FEBFE117FD7FE1FC
:10D8A00017FC3FE140F01C503A8837E01701C0DF19
:10D8B000170000DF0402C0DE3A2800F804F0FFDEA3
:10D8C000150FC0DF150E00DF040E00DF15F93FE174
:10D8D00015FA7FE115FBBFE115FCFFE1170300E13D
:10D8E0001704C0E0170580E00DFD3FE105FEFFE0F5
:10D8F0000DFFBFE00BFDBFE003FEFFE00BFF3FE1CC
:10D90000150600D9150500D81504C0D8150300D890
:10D91000150280D8170280E0150180D817FCBFE0FF
:10D92000150080D817FBFFE13A880D0017FA7FE158
:10D9300017F93FE100F91C503A8837E01701C0DFC2
:10D94000170000DF0402C0DE3A2800F804F0FFDE12
:10D95000150FC0DF150E00DF040E00DF15F93FE1E3
:10D9600015FA7FE115FBBFE115FCFFE1170300E1AC
:10D970001704C0E0170580E00DFD3FE105FEFFE064
:10D980000DFFBFE00BFDBFE003FEFFE00BFF3FE13B
:10D99000150600D8150500D9150400D81503C0D800
:10D9A000150280D8170280E0150180D817FCBFE06F
:10D9B000150080D83A880F0017FBBFE117FA7FE106
:10D9C00017F93FE100F91C503A8837E01701C0DF32
:10D9D000170000DF0402C0DE3A2800F804EEFFDE84
:10D9E0001511C0DF151000DF041000DF15F73FE14F
:10D9F00015F87FE115F9BFE115FAFFE1170480E1A1
:10DA0000170540E1170600E11707C0E0170880E09E
:10DA10000DFBBFE105FC7FE105FD3FE10DFEFFE0F1
:10DA20000DFFBFE00BFBBFE003FCFFE003FD3FE1A8
:10DA30000BFE7FE10BFFBFE1150680D9150540D92C
:10DA4000150400D91503C0D8150280D8170380E04B
:10DA5000150180D8170280E0150080D817FAFFE181
:10DA600017F9BFE117F87FE117F73FE100F91C5004
:10DA70003A8837E01701C0DF170000DF0402C0DE7C
:10DA80003A2800F804FBFFDE150400DF040400DF81
:10DA900015FC3FE115FD7FE115FEBFE115FFFFE13C
:10DAA00017FCBFE01712C010170180E03604801881
:10DAB00017FCBFE003178010CC3F80102602001037
:10DAC00084FABF000614000017FDBFE017FEFFE058
:10DAD0001500C01017FDBFE017FFFFE01501C010D3
:10DAE00017FDBFE01701C0E01502C01017FDFFE0F1
:10DAF00017FDBFE01503C0101702C0E0340090000E
:10DB0000C4FFBF103A7084183400E01017FDBFE066
:10DB10001507C0103A8805003A8837E0170000DF83
:10DB20000401C0DE3A2800F804F4FFDE150B00DF24
:10DB3000040B00DF15F73FE115F87FE115F9BFE1B0
:10DB400015FAFFE1170580E1170640E1170700E12C
:10DB50001708C0E0170980E00DFBBFE105FC7FE17D
:10DB600005FD3FE10DFEFFE00DFFBFE017F7BFE051
:10DB70001712C010170380E03619801817F73FE11D
:10DB8000171380201714C0200BFE3FE1CCFF3F216C
:10DB90003A8815203A8817003611C01A1E01C0585D
:10DBA000360F801217F73FE1171380201714C0209B
:10DBB0000BFF3FE1CCFF3F213A8811203A88130048
:10DBC0003607401A1E01C0483605001217F7BFE09D
:10DBD00003178010CC3F8010600080101E020010E0
:10DBE00084FABF000631000017F8BFE017F9FFE024
:10DBF0001509C01017F8BFE017FAFFE01500C010B4
:10DC000017F8BFE01701C0E0150AC01017F8BFE011
:10DC10001702C0E01501C01017F8BFE01703C0E0FD
:10DC20001502C01017F8BFE00BFBFFE00D07C01096
:10DC300017F8BFE003FCFFE08507C01017F8BFE04E
:10DC400003FDFFE0C507C01017F8BFE00BFEFFE0C3
:10DC50000D08C01017F8BFE00BFFFFE08D08C010E3
:10DC600017F8BFE03A8819103A881B0015F53FE312
:10DC700015F67FE317F5FFE017F8BFE01503C010B6
:10DC800017F6FFE017F8BFE0150BC0101704C0E04F
:10DC900034009000C4FFBF103A7084183400E010C4
:10DCA00017F8BFE0150FC0103A8805003A8837E032
:10DCB000170000DF0401C0DE3A2800F804F8FFDE98
:10DCC0001507C0DF150600DF040600DF15FC3FE185
:10DCD00015FD7FE115FEBFE115FFFFE1170380E0B1
:10DCE000150180D8170280E0150080D817FFFFE1EA
:10DCF00017FEBFE117FD7FE117FC3FE1C0AE1D50ED
:10DD00003A8837E01701C0DF170000DF0402C0DEE9
:10DD10003A2800F804F8FFDE1507C0DF150600DF1B
:10DD2000040600DF15FC3FE115FD7FE115FEBFE1B4
:10DD300015FFFFE1170280E0150180D817FFBFE053
:10DD4000150080D817FEFFE13A880D0017FD7FE12E
:10DD500017FC3FE1C0AE1D503A8837E01701C0DF25
:10DD6000170000DF0402C0DE3A2800F804F8FFDEE6
:10DD70001507C0DF150600DF040600DF15FC3FE1D4
:10DD800015FD7FE115FEBFE115FFFFE1170280E001
:10DD9000150180D817FFBFE0150080D83A880F0022
:10DDA00017FEBFE117FD7FE117FC3FE1C0AE1D503C
:10DDB0003A8837E01701C0DF170000DF0402C0DE39
:10DDC0003A2800F804EEFFDE1511C0DF151000DF61
:10DDD000041000DF15F93FE115FA7FE115FBBFE103
:10DDE00015FCFFE1170400E11705C0E0170680E00D
:10DDF0000DFD3FE105FEFFE00DFFBFE00BFDBFE0C5
:10DE000003FEFFE00BFF3FE1150800D9150700D81E
:10DE10001506C0D8150500D8150480D8170380E072
:10DE2000150380D8170280E0150280D817FCBFE0E8
:10DE3000150180D817FBBFE0150080D83A880F0085
:10DE40003A880D0017FA7FE117F93FE100B91D503C
:10DE50003A8837E01701C0DF170000DF0402C0DE98
:10DE60003A2800F804EEFFDE1511C0DF151000DFC0
:10DE7000041000DF15F93FE115FA7FE115FBBFE162
:10DE800015FCFFE1170400E11705C0E0170680E06C
:10DE90000DFD3FE105FEFFE00DFFBFE00BFDBFE024
:10DEA00003FEFFE00BFF3FE1150800D8150700D97E
:10DEB000150600D81505C0D8150480D8170380E0D2
:10DEC000150380D8170280E0150280D8150100D80C
:10DED000150000D817FCFFE117FBBFE117FA7FE13F
:10DEE00017F93FE100B91D503A8837E01701C0DF4C
:10DEF000170000DF0402C0DE3A2800F804ECFFDE61
:10DF00001513C0DF151200DF041200DF15F73FE123
:10DF100015F87FE115F9BFE115FAFFE1170680E179
:10DF2000170740E1170800E11709C0E0170A80E071
:10DF30000DFBBFE105FC7FE105FD3FE10DFEFFE0CC
:10DF40000DFFBFE00BFBBFE003FCFFE003FD3FE183
:10DF50000BFE7FE10BFFBFE1150880D9150740D903
:10DF6000150600D91505C0D8150480D8170580E01E
:10DF7000150380D8170480E0150280D8170380E0CD
:10DF8000150180D8170280E0150080D817FAFFE14C
:10DF900017F9BFE117F87FE117F73FE100B91D500E
:10DFA0003A8837E01701C0DF170000DF0402C0DE47
:10DFB0003A2800F804FCFFDE150300DF040300DF4D
:10DFC00015FE3FE115FF7FE117FFBFE01E020010C5
:10DFD00084FABF00062F000017FFBFE01703C01030
:10DFE00017FFBFE02602801884FABF000629000050
:10DFF00017FEBFE0170080101E05001017FEBFE0DF
:10E0000017FFFFE01500C0103A8805000621000048
:10E0100017FEBFE01700C01017FFBFE01E028018F8
:10E0200084FABF00061B000017FEBFE01700801037
:10E0300015FDBFE00609000017FDBFE01703C01083
:10E0400017FFBFE01E02801884FABF00061100000F
:10E0500017FDBFE01703801015FDBFE017FDBFE0FF
:10E060001703801017FEFFE01700C0181EF2FF1004
:10E0700017FFFFE017FDBFE01503C01017FEBFE05C
:10E08000170080103A88071017FFBFE01503C01073
:10E090003A8805003A8837E0170000DF0401C0DE47
:10E0A0003A2800F804F8FFDE150700DF040700DF58
:10E0B00015FE3FE115FF7FE117FF3FE11E02002043
:10E0C00084FABF000659000017FF3FE13A88152087
:10E0D0003A88170015FCBFE215FDFFE217FF3FE18C
:10E0E0001703402117FC3FE11E04002917FF3FE101
:10E0F000170B402117FD3FE12602002984FABF00DB
:10E10000064A000017FE3FE1170000211E0500200F
:10E1100017FEBFE017FFFFE01500C0103A880500AA
:10E120000642000017FE3FE11700402117FF3FE1C4
:10E130001E02002984FABF00063C000017FE3FE1E2
:10E140001700002115F93FE117FE3FE117000021FC
:10E150003A8811203A88130015FA3FE215FB7FE256
:10E160000618000017FF3FE13A880D203A880F009B
:10E1700015FCBFE115FDFFE117F93FE11703402151
:10E1800017FC3FE11E06002917F93FE1170B40215C
:10E1900017FD3FE11E02002984FABF00062300009C
:10E1A00017F93FE11703002115FC3FE117F93FE1A3
:10E1B000170B002115FD3FE117FC3FE117FD7FE143
:10E1C00015F93FE117F93FE11703402117FA3FE145
:10E1D0001EE43F2917F93FE1170B402117FB3FE1F0
:10E1E0001EE03F2917FF3FE13A8805203A880700E3
:10E1F00015FCBFE015FDFFE017FCFFE017F9BFE0DD
:10E200001503C01017FDFFE017F9BFE0150BC01094
:10E2100017FAFFE017FFBFE01503C01017FBFFE080
:10E2200017FFBFE0150BC0103A8805003A8837E0A9
:10E23000170000DF0401C0DE3A2800F804F8FFDE12
:10E240001507C0DF150600DF040600DF15FD3FE1FE
:10E250003A8807283A88053005FEFFE005FFBFE051
:10E2600015FC3FE015FB3FE017FDBFE01E0200106C
:10E2700084FABF00062F000017FDBFE015FABFE0CB
:10E28000060D000017FABFE01707801015FCBFE06D
:10E2900017FCBFE03400D01017FABFE01507C0101C
:10E2A00017FABFE01703801015FABFE017FBBFE0B5
:10E2B0004400801015FBBFE017FABFE01703C01041
:10E2C00017FDBFE01EEFBF1817FABFE01707801059
:10E2D00015FCBFE003FEBFE02607001017FCFFE0BF
:10E2E0003400B000C4FFBF103A70861817FABFE0C0
:10E2F0001507C0100604000017FCBFE03400D01062
:10E3000017FABFE01507C01017FBBFE044008010EC
:10E3100015FBBFE003FFBFE02605001017FBBFE0C1
:10E320007A9104103A880B1017FD3FE100DF33505B
:10E330003A8805003A8837E01701C0DF170000DF90
:10E340000402C0DE3A2800F804F4FFDE150BC0DF3B
:10E35000150A00DF040A00DF15FD3FE13A880930A5
:10E3600005FE7FE105FF3FE115F83FE015F73FE0CF
:10E3700017FD3FE11E02002084FABF00063E0000A8
:10E3800017FD3FE115F63FE117FD3FE13A88052013
:10E390003A88070015F9BFE015FAFFE00613000000
:10E3A00017F6BFE0170F801015F8BFE017F8BFE0B1
:10E3B0003400D01017F6BFE0150FC01017F6BFE0FD
:10E3C0001703801015FBBFE017F6BFE0170B801096
:10E3D00015FCBFE017FBBFE017FCFFE015F6BFE040
:10E3E00017F7BFE04400801015F7BFE017F6BFE055
:10E3F0001703C01017F9BFE01EE9BF1817F6BFE0FA
:10E40000170BC01017FABFE01EE5BF1817F6BFE0E4
:10E41000170F801015F8BFE003FEBFE026070010BD
:10E4200017F8FFE03400B000C4FFBF103A70861840
:10E4300017F6BFE0150FC0100604000017F8BFE084
:10E440003400D01017F6BFE0150FC01017F7BFE06B
:10E450004400801015F7BFE003FFBFE02605001061
:10E4600017F7BFE0BA9104103A880B1017FD3FE18F
:10E4700000DF33503A8805003A8837E01701C0DFE3
:10E48000170000DF0402C0DE3A2800F804EBFFDECC
:10E490001514C0DF151300DF041300DF15FB3FE187
:10E4A00015FC7FE115FDBFE13A880738170280E0CF
:10E4B00005FEFFE005FFBFE015ED3FE015EE3FE094
:10E4C00015EF3FE017FCBFE015F8BFE017FDBFE018
:10E4D00015F9BFE017FBBFE01718801015F6BFE075
:10E4E0000DF73FE00BF7BFE004FAFFE03A880D18A4
:10E4F0003A880B1017F63FE180C3185017FBBFE0B6
:10E50000170680103700801015EDBFE017EDBFE053
:10E510004C0080102606001017FBBFE01718801073
:10E520003A88091000FB185004FCBF000696000052
:10E530000408800015EEBFE03A30050015F2BFE098
:10E5400017F2FFE084FFBF003A7084183A700110A0
:10E5500017F2BFE015EFBFE017FBBFE01703801015
:10E560000401801017EEFFE03500C01017FBBFE07C
:10E570001703801017FBFFE01703C0183700C018FF
:10E580003500C01017EFBFE015F0BFE017F0BFE097
:10E590003A70011017FBBFE0170B80102623001004
:10E5A00017FBBFE0170DC01017EEBFE03AB084189C
:10E5B0001405801015EEBFE017EEFFE0C4F7BF00B2
:10E5C0003A70841815EEBFE017EDBFE0140280101A
:10E5D00015EDBFE03A30050015F4BFE017F4FFE099
:10E5E00084FFBF003A7084183A70011017F4BFE03E
:10E5F00015EFBFE017FBBFE0170380100401801088
:10E6000017EEFFE03500C01017FBBFE017068010C3
:10E6100017EDFFE03500C01017EFBFE015F1BFE0C8
:10E6200017F1BFE03A7001100623000017FBBFE0AE
:10E63000170DC01017EEBFE03AB084181401801017
:10E6400015EEBFE017EEFFE0C4F3BF003A70841888
:10E6500015EEBFE017EDFFE0C4FDBF003A7084186F
:10E6600015EDBFE03A30050015F5BFE017F5FFE006
:10E6700084FFBF003A7084183A70011017F5BFE0AC
:10E6800015EFBFE017FBBFE01703801004018010F7
:10E6900017EEFFE03500C01017FBBFE01706801033
:10E6A00017EDFFE03500C01017EFBFE015F3BFE036
:10E6B00017F3BFE03A70011017FBBFE01706801098
:10E6C0000401801017F8FFE03500C01017FBBFE011
:10E6D000170680100402801017F9FFE03500C01003
:10E6E00003FEBFE02604001017EDBFE01404801005
:10E6F00015EDBFE00604000017EDFFE0C4FBBF000E
:10E700003A70841815EDBFE003FFBFE0260E00103D
:10E7100017EDBFE09400801015EDBFE017FBBFE0E0
:10E720001706801004038010370080101E0A0010A6
:10E7300017FBBFE01706801004038010C43FC00021
:10E740003500C0100604000017EDFFE044FFBF00D5
:10E750003A70841815EDBFE017EDBFE0540080104B
:10E7600015EDBFE017FBBFE01706801017EDFFE0C7
:10E770003500C01017FBBFE0171880103A88091049
:10E7800000FB18503A8805003A8837E01701C0DFCF
:10E79000170000DF0402C0DE3A2800F804F5FFDEAF
:10E7A000150AC0DF150900DF150840DC150700DC7D
:10E7B000040900DF15F83FE115F97FE13A880B30D5
:10E7C0003A8809381702C0E0170380E005FA7FE1B4
:10E7D00005FB3FE105FCFFE005FDBFE003FCBFE0FA
:10E7E00003FDFFE03A880D183A880B1017F93FE156
:10E7F000402A1E502602001084FABF00060B0000BB
:10E8000017F9BFE03A8821103A88230003FAFFE0A5
:10E8100003FBBFE0150080D83A880F183A880B80B8
:10E820003A880D8817F83FE1404F1E5004FEFFE67E
:10E830001703C0DF170200DF170140DC170000DC00
:10E840000404C0DE3A2800F804F5FFDE150AC0DF34
:10E85000150900DF150840DC150700DC040900DF9E
:10E8600015F83FE115F97FE13A880B303A8809380D
:10E870001702C0E0170380E005FA7FE105FB3FE1E6
:10E8800005FCFFE005FDBFE003FCBFE003FDFFE08A
:10E890003A880D183A880B1017F93FE1003B1E50DB
:10E8A0002602001084FABF00060B000017F9BFE033
:10E8B0003A8821103A88230003FAFFE003FBBFE007
:10E8C000150080D83A880F183A880B803A880D884E
:10E8D00017F83FE1404F1E5004FEFFE61703C0DF6C
:10E8E000170200DF170140DC170000DC0404C0DE63
:10E8F0003A2800F804FCFFDE1503C0DF150200DF34
:10E90000040200DF15FF3FE115FE3FE0042860D15F
:10E9100017FF3FE14003345015FEBFE017FEBFE094
:10E920001E04001040B81C503A880710C404800030
:10E930001500801817FEBFE03A8837E01701C0DFE6
:10E94000170000DF0402C0DE3A2800F804F6FFDEFC
:10E950001509C0DF150800DF040800DF15FD3FE1E1
:10E9600015FE7FE115FFBFE117FDBFE083178010A3
:10E97000CC3F8010260B001017FDBFE0170680105B
:10E980000401C0003500C0103A88010017FDBFE047
:10E9900017068010370080100C018010BAD00510C7
:10E9A0001EFA3F1017FDBFE017038010040180100E
:10E9B0008400C0003500C0103A88010017FDBFE098
:10E9C00017038010370080100C1080101EFB3F10C2
:10E9D00017FDBFE01703801004018010370080107E
:10E9E0003A880710C4FBBF003A70841815F9BFE0DD
:10E9F00017F9BFE01408801015F9BFE017FDBFE05C
:10EA0000170380100401801017F9FFE03500C010D3
:10EA100017FDBFE01703801017FDFFE01703C018B4
:10EA20003700C0183500C01017FDBFE083178010F5
:10EA3000CC3F80102608001017FDBFE0170680109D
:10EA40000404801017FDFFE01706C0180404C01866
:10EA50003700C0183500C010042860D117FD3FE111
:10EA600000ED335017FDBFE00418801015FBBFE028
:10EA7000440080000DFCBFE00BFCBFE03A880910A9
:10EA8000009218503A88071017FBBFE01500C0101D
:10EA900017FBBFE017008010260200103A8805001F
:10EAA00006010000C4FFBF0015FABFE017FABFE07F
:10EAB0001E080010150000D817FDFFE1B4408101C9
:10EAC0000460B33117FF7FE117FE3FE100183450B7
:10EAD000060400007441010104E63921407B3450F2
:10EAE0003A8801003A8837E01701C0DF170000DFDD
:10EAF0000402C0DE3A2800F804FBFFDE150400DF44
:10EB0000040400DF15FC3FE115FD7FE115FEBFE1C8
:10EB100015FFFFE117FCBFE017FDFFE0150BC0106C
:10EB200017FCBFE017FFFFE0150CC01017FCBFE09B
:10EB300017FEFFE0150DC0103A8801003A8837E053
:10EB4000170000DF0401C0DE3A2800F804FCFFDEF5
:10EB50001503C0DF150200DF040200DF15FE3FE1F0
:10EB600015FF7FE13A880D0017FF7FE117FE3FE1B7
:10EB7000400E1D503A8837E01701C0DF170000DF54
:10EB80000402C0DE3A2800F804FCFFDE1503C0DFF3
:10EB9000150200DF040200DF15FE3FE115FF7FE1F3
:10EBA00017FFBFE13A880B0017FE3FE1400E1D50F2
:10EBB0003A8837E01701C0DF170000DF0402C0DE2B
:10EBC0003A2800F804FCFFDE1503C0DF150200DF61
:10EBD000040200DF15FE3FE115FF7FE13A880D00DA
:10EBE00017FF7FE117FE3FE1C0411D503A8837E033
:10EBF0001701C0DF170000DF0402C0DE3A2800F86A
:10EC000004FCFFDE1503C0DF150200DF040200DF95
:10EC100015FE3FE115FF7FE117FFBFE13A880B00CA
:10EC200017FE3FE1C0411D503A8837E01701C0DFB1
:10EC3000170000DF0402C0DE3A2800F804FDFFDE02
:10EC40001502C0DF150100DF040100DF15FF3FE101
:10EC5000042A60D117FF3FE100ED33503A880500E8
:10EC60003A8837E01701C0DF170000DF0402C0DE7A
:10EC70003A2800F804FCFFDE1503C0DF150200DFB0
:10EC8000040200DF15FF3FE1042A60D117FF3FE1D6
:10EC90004003345015FEBFE017FEBFE01E02001017
:10ECA0003A8805000601000017FEBFE03A8837E009
:10ECB0001701C0DF170000DF0402C0DE3A2800F8A9
:10ECC00004FBFFDE150400DF040400DF15FC3FE158
:10ECD00015FD7FE115FEBFE115FFFFE117FFBFE066
:10ECE000260E001017FCBFE0170A801004028010E7
:10ECF0003A880710440080003500801817FCBFE0F8
:10ED0000170A8010040180103A88071017FFBFE02F
:10ED1000CCFF8310350080180606000017FCBFE00A
:10ED2000170A8010040280103A88071084FFBF0081
:10ED30003500801817FCBFE0170A8010040380100C
:10ED40003A88071017FEBFE03500801817FCBFE0B7
:10ED5000170A8010040480103A88071017FDBFE0DE
:10ED60004C0080103500801817FCBFE0170A801097
:10ED7000040680103A88071044008000350080188F
:10ED80003A8805003A8837E0170000DF0401C0DE4A
:10ED90003A2800F804FAFFDE1505C0DF150400DF8D
:10EDA000040400DF15FF3FE115FD3FE015FE3FE0E5
:10EDB00017FFBFE0170580103A880B10744101015E
:10EDC00004EE39214070025015FC3FE006110000AE
:10EDD000B4418100044DB11017FCFFE02403C018BA
:10EDE0003A88C5101700C01017FFBFE01E06801834
:10EDF00017FCBFE02403C010B4418100044DB110E2
:10EE00003A88851815FDBFE017FCBFE0440080106C
:10EE100015FCBFE0037FA0D0CC3F801017FCFFE0C3
:10EE200016EBBF1817FDBFE01E02001044F7BF002D
:10EE30000627000015FC3FE0061200007441810027
:10EE400004EC891017FCFFE02413C0183A88C510A1
:10EE50001700C01017FDBFE0170180101E068018B4
:10EE600017FCBFE02413C0107441810004EC89102A
:10EE70003A88851815FEBFE017FCBFE044008010FB
:10EE800015FCBFE00347A0D0CC3F801017FCFFE08B
:10EE900016EABF1817FEBFE01E02001044F7BF00BD
:10EEA000060B000017FFBFE01705001117FDBFE0BC
:10EEB00003028010CC3F80102413801017FEFFE067
:10EEC0003A8885183A880B10C0F41E503A8805001D
:10EED0003A8837E01701C0DF170000DF0402C0DE08
:10EEE0003A2800F804FBFFDE1504C0DF150300DF3D
:10EEF000040300DF15FE3FE115FF7FE117FE7FE110
:10EF00007441010104F4392140700250B441810080
:10EF10000459B11017FEFFE02429C0183A88C51023
:10EF2000040B801015000010B44181000459B11089
:10EF300017FEFFE02429C0183A88C5100428801065
:10EF400017FFFFE01500C010B441810004C2B210E9
:10EF500017FEFFE03A88C7183A88C7183A88C510E4
:10EF60001700801015FDBFE017FDBFE017278010C8
:10EF70008400C0001506C01017FDBFE017278010E1
:10EF80008400C0001507C01017FDBFE017278010D0
:10EF90001795E0D01508C01017FDBFE01727C01067
:10EFA00017FEBFE02429801004060011B44181003F
:10EFB0000459B1103A8885201505801817FDBFE067
:10EFC0001727C0107441810004F9B9101501801889
:10EFD00017FDBFE00404C0001508C01017FDBFE016
:10EFE0008401C0001511C01017FDBFE01727801065
:10EFF0008401C0001502C01017FDBFE0847AC10073
:10F000001509C01017FDFFE0B44081000488BC1052
:10F010001502801817FDBFE01504001017FDFFE072
:10F02000B440810004D6BF101503801817FDFFE01F
:10F03000B4408100043A82101505801817FDFFE0E6
:10F04000B4408100042A82101507801817FDBFE024
:10F05000172A80101402C01017FDBFE0152AC01037
:10F06000B441810004C2B21017FEFFE03A88C7180D
:10F070003A88C7183A88C510170080101727C010A3
:10F0800017FEBFE02429801004060011B44181005E
:10F090000459B1103A8885201505801817FEBFE085
:10F0A000242980100406C010B44181000459B11015
:10F0B0003A8885183A880B1017FD3FE1401C015033
:10F0C000B44181000459B11017FEFFE02429C01893
:10F0D0003A88C51017FEFFE01500C010B44181004A
:10F0E0000459B11017FEFFE02429C0183A88C51052
:10F0F0000408801017FDFFE01500C01017FEBFE0E8
:10F100002429C010B44181000459B1103A888718ED
:10F1100017FDBFE01528C01017FEBFE044008010A7
:10F1200015FEBFE017FEBFE03A8837E01701C0DFE9
:10F13000170000DF0402C0DE3A2800F804FEFFDEFC
:10F14000150100DF040100DF15FF3FE117FFBFE0FD
:10F15000170680100401C0003500C0103A88010075
:10F1600017FFBFE017068010370080100C018010D9
:10F17000BAD005101EFA3F1017FFBFE0170380102A
:10F18000040180108400C0003500C0103A880100DE
:10F1900017FFBFE017038010370080100C1080109D
:10F1A0001EFB3F103A8801003A8837E0170000DF65
:10F1B0000401C0DE3A2800F804F1FFDE150EC0DFBE
:10F1C000150D00DF040D00DF15FF3FE115F63FE0F0
:10F1D000B44181000459B11017FFFFE02429C01881
:10F1E0003A88C510042880101700801015F9BFE078
:10F1F00017FF7FE17441010104FF39214070025083
:10F2000017F9BFE083088010CC3F801058008010B1
:10F210001E21001017F9BFE0170980103A88091065
:10F22000B44181000459B11017FFFFE02429C01830
:10F230003A88C510041180101500001117F9BFE0BD
:10F2400017098010045080103A880910B4418100D9
:10F250000459B11017FFFFE02429C0183A88C510DF
:10F26000041280101500001117F9BFE01709801073
:10F2700004A080103A880910B44181000459B110EB
:10F2800017FFFFE02429C0183A88C510040E80102B
:10F2900015000011066900000450000140DD3450E3
:10F2A0003A880910B44181000459B11017FFFFE0FA
:10F2B0002429C0183A88C5100411801015000011C7
:10F2C000060F0000B44181000459B11017FFFFE0A0
:10F2D0002429C0183A88C510041180101700801026
:10F2E0000408C010B44181000459B11017FF3FE178
:10F2F000242900213A880511041180101500C0103E
:10F30000B44181000459B11017FFFFE02429C0184F
:10F310003A88C5100411801017008010CC078010A7
:10F320001EE83F100450000140DD34503A880910B7
:10F33000B44181000459B11017FFFFE02429C0181F
:10F340003A88C5100412801015000011060F000045
:10F35000B44181000459B11017FFFFE02429C018FF
:10F360003A88C51004128010170080100408C010DD
:10F37000B44181000459B11017FF3FE12429002155
:10F380003A880511041280101500C010B4418100A4
:10F390000459B11017FFFFE02429C0183A88C5109E
:10F3A0000412801017008010CC0780101EE83F1058
:10F3B0000418000140DD34503A880910B44181003E
:10F3C0000459B11017FFFFE02429C0183A88C5106E
:10F3D000040E801015000011060F0000B4418100DA
:10F3E0000459B11017FFFFE02429C0183A88C5104E
:10F3F000040E8010170080100408C010B441810072
:10F400000459B11017FF3FE1242900213A88051162
:10F41000040E80101500C010B44181000459B110D1
:10F4200017FFFFE02429C0183A88C510040E801089
:10F4300017008010CC0780101EE83F1017F9BFE0BE
:10F44000170680103A880910C0951E5015FABFE0C3
:10F4500017FABFE01E0500107441010104043A21AF
:10F460008098025084FABF000654020017F9BFE0EA
:10F47000170780103A880910C0951E5015FBBFE091
:10F4800017FBBFE01E0500107441010104103A2172
:10F490008098025084FABF000648020017FFBFE0C0
:10F4A000242980100401C010B44181000459B11016
:10F4B0003A88871817F9BFE01700801017FA3FE164
:10F4C00017FB7FE1150000D83A880F283A880D20F5
:10F4D0003A880B103A88091880333550B4418100BE
:10F4E0000459B11017FFFFE02429C0183A88C5104D
:10F4F00004018010170080103A880910807E365071
:10F5000015FCBFE017FCBFE07AD00510CC018010DD
:10F5100015FDBFE017FCBFE04C00801015FEBFE0FA
:10F52000B44181000459B11017FFFFE02429C0182D
:10F530003A88C51004018010170080100402801062
:10F54000C400C8003500C01015F53FE006050000F6
:10F5500017F5BFE04400C01015F5FFE050C4891056
:10F56000260C0010B44181000459B11017FFFFE0D0
:10F570002429C0183A88C510040180101700801093
:10F5800004028010370080100C0088101EF03F101D
:10F59000060100003A88010017F5BFE010C4891089
:10F5A0001E03001074410101041C3A21809802508E
:10F5B000B44181000459B11017FFFFE02429C0189D
:10F5C0003A88C510040180101700801004028010D2
:10F5D0003700801015F4BFE017F4BFE0CC008010B6
:10F5E0002605001017F47FE17441010104253A213A
:10F5F000407002500605000017F4BFE117F57FE1E7
:10F600007441010104393A214070025017F9BFE0FA
:10F61000030A8010CC3F8010580080101E33001069
:10F6200015F73FE015F83FE015F73FE0062B000027
:10F6300015F83FE0061B0000B4418100046EB410D1
:10F6400017F7FFE03A88C7183A88C7183A88C510F4
:10F650001700C01017F8BFE0440080103A888510EA
:10F660003A8885103A888518170080101702C01054
:10F6700017F9BFE01E088018B44181000459B11089
:10F6800017FFFFE02429C0183A88C510040C801029
:10F6900017F8FFE01500C01017F8BFE04400801015
:10F6A00015F8BFE0B4418100046EB41017F7FFE015
:10F6B0003A88C7183A88C7183A88C51017008010CA
:10F6C00003008010CC3F801017F8FFE016DABF1857
:10F6D00017F7BFE04400801015F7BFE043A7A0D0A4
:10F6E000CC3F801017F7FFE016D1BF1817F9BFE025
:10F6F000030A8010CC3F8010580080101E0F0010AD
:10F7000017F9BFE0170E80103A88071017F9BFE00D
:10F71000171080103500801817F9BFE0170E801001
:10F72000040280103A88071017F9BFE01710801004
:10F7300004DDBF1035008018065E0000B441810072
:10F740000459B11017FFFFE02429C0183A88C510EA
:10F75000040180101700801004058010847BC10014
:10F760003500C010B44181000459B11017FFFFE00B
:10F770002429C0183A88C510040180101700801091
:10F78000040B80100402C0003500C010B441810099
:10F790000459B11017FFFFE02429C0183A88C5109A
:10F7A0000401801017008010040C80100402C000B7
:10F7B0003500C010B44181000459B11017FFFFE0BB
:10F7C0002429C0183A88C510040180101700801041
:10F7D000040D80100402C0003500C010B441810047
:10F7E0000459B11017FFFFE02429C0183A88C5104A
:10F7F0000401801017008010040E8010C400C000A7
:10F800003500C010B44181000459B11017FFFFE06A
:10F810002429C0183A88C5100401801017008010F0
:10F820000409801017F9FFE01701C01804FCFF1845
:10F830003500C010B44181000459B11017FFFFE03A
:10F840002429C0183A88C5100401801017008010C0
:10F85000040A80103A8807003500C010B4418100C6
:10F860000459B11017FFFFE02429C0183A88C510C9
:10F8700004018010170080100407801017F9FFE0C2
:10F880001702C01804FCFF183500C010B4418100F5
:10F890000459B11017FFFFE02429C0183A88C51099
:10F8A0000401801017008010040880103A880700B7
:10F8B0003500C010B44181000459B11017FFFFE0BA
:10F8C0002429C0183A88C510040180101700801040
:10F8D000043A80103401C0003500C010B4418100EA
:10F8E0000459B11017FFFFE02429C0183A88C51049
:10F8F0000401801017008010043A80103700801037
:10F900002C018010261E0010B44181000459B11052
:10F9100017FFFFE02429C0183A88C5100409801099
:10F920004400C0001500C010B44181000459B1105A
:10F9300017FFFFE02429C0183A88C5100401801081
:10F9400017008010043B80103480C0003500C010C8
:10F95000B44181000459B11017FFFFE02429C018F9
:10F960003A88C5100401801017008010043B8010F5
:10F97000370080102C808010261D0010060D00001E
:10F98000B44181000459B11017FFFFE02429C018C9
:10F990003A88C51004098010150000108400400149
:10F9A0007441010104413A214070025044FDBF00FE
:10F9B00006020100B44181000459B11017FFFFE0B5
:10F9C0002429C0183A88C510040A80104400C000D9
:10F9D0001500C01034008100C480801015F4BFE011
:10F9E00017FDBFE0580080101E170010060D000024
:10F9F000B44181000459B11017FFFFE02429C01859
:10FA00003A88C510040A80101500001084004001D7
:10FA10007441010104593A214070025044FDBF0075
:10FA200006E6000017F4BFE01402801015F4BFE0F2
:10FA300017F4FFE03480BF00C4FFBF103A70841891
:10FA400015F4BFE00621000017FDBFE0980080100C
:10FA50001E0A001017F4FFE0C4FDBF003A708418BE
:10FA600015F4BFE017F4FFE03480BF00C4FFBF10FF
:10FA70003A70841815F4BFE00614000017FDBFE0CB
:10FA8000180180101E08001017F4FFE0C4FDBF002D
:10FA90003A70841815F4BFE017F4BFE0348080108A
:10FAA00015F4BFE00609000017F4FFE0C4FDBF0035
:10FAB0003A70841815F4BFE017F4FFE03480BF00FB
:10FAC000C4FFBF103A70841815F4BFE017FEBFE002
:10FAD0001E04001017F4BFE01400811015F4BFE0FD
:10FAE0000604000017F4FFE0C4FFBE003A7084185B
:10FAF00015F4BFE0B44181000459B11017FFFFE0D5
:10FB00002429C0183A88C5100401801017008010FD
:10FB10000402801017F4FFE03500C010B4418100EA
:10FB20000459B11017FFFFE02429C0183A88C51006
:10FB3000040180101700801004028010370080102C
:10FB40003A880B107441010104713A21407002504F
:10FB5000B44181000459B11017FFFFE02429C018F7
:10FB60003A88C51004018010170080100403C010EB
:10FB7000B44181000459B11017FF3FE1242900214D
:10FB80003A8805110406801003008010CC3F001154
:10FB9000B44181000459B11017FF7FE124294029A5
:10FBA0003A8845114406801003008010CC3F801035
:10FBB0003A9204103AB08820B44181000459B1103F
:10FBC00017FF7FE1242940293A88451184068010D7
:10FBD00003008010CC3F80103A9404103AB0882083
:10FBE000B44181000459B11017FF7FE12429402955
:10FBF0003A884511C406801003008010CC3F801065
:10FC00003A9604103AB0842035008018B44181003F
:10FC10000459B11017FFFFE02429C0183A88C51015
:10FC200004018010170080100404C010B44181004A
:10FC30000459B11017FF3FE1242900213A8805112A
:10FC40000407801003008010CC3F0011B4418100F4
:10FC50000459B11017FF7FE1242940293A88451142
:10FC60004407801003008010CC3F80103A920410AB
:10FC70003AB08420CCFFBF1035008018B441810019
:10FC800004C2B21017FFFFE03A88C7183A88C718B5
:10FC90003A88C51017008010172780104400C00054
:10FCA0001506C010B441810004C2B21017FFFFE076
:10FCB0003A88C7183A88C7183A88C51017008010C4
:10FCC000172780104400C0001507C010B441810000
:10FCD0000459B11017FFFFE02429C0183A88C51055
:10FCE000040380101700001117FFBFE02429C01083
:10FCF000B44181000459B1103A8885183A880F1030
:10FD00003A880D00B44041010448402900B61E5015
:10FD1000B44181000459B11017FFFFE02429C01835
:10FD20003A88C510040280101700001117FFBFE0C9
:10FD30002429C010B44181000459B1103A888518B3
:10FD40003A880F103A880D00B440410104B54029AB
:10FD500000B61E5017FFBFE02429C010B441810037
:10FD60000459B1103A8885183A8809104033205058
:10FD700015F6BFE017F6BFE01E0A001017FFBFE040
:10FD80002429C010B44181000459B1103A88851863
:10FD90003A880D003A880B003A88091080E31F501A
:10FDA00015F6BFE017F6BFE026030010744101010D
:10FDB000047D3A218098025017F6BFE03A8837E078
:10FDC0001701C0DF170000DF0402C0DE3A2800F888
:10FDD00004F7FFDE1508C0DF150700DF040700DFAA
:10FDE00015FD3FE115FE7FE115FFBFE115FA3FE08C
:10FDF00017FDBFE0150D001015FB3FE006330000B6
:10FE000004C0800015FABFE017FBBFE01604001025
:10FE100017FABFE01400901015FABFE006030000C7
:10FE200017FABFE03440801015FABFE017FDBFE0BD
:10FE30001702001117FDBFE0170EC01017FBBFE03F
:10FE40007A9104103A88871817FE7FE117FABFE00D
:10FE5000150080D817FFFFE13A880D283A880B1863
:10FE600040DD1D5015FCBFE017FCBFE0260200106E
:10FE7000C4FFBF000619000017FBBFE01E02001000
:10FE800017FDBFE0150D001017FDBFE0040D0011B8
:10FE900017FDBFE0170EC01017FBBFE07A910410EA
:10FEA0003A8885183A880B10C0011E5015FCBFE037
:10FEB00017FCBFE026020010C4FFBF0006070000C9
:10FEC00017FBBFE04400801015FBBFE017FBBFE04D
:10FED000900080101ECA3F103A8805003A8837E02B
:10FEE0001701C0DF170000DF0402C0DE3A2800F867
:10FEF00004F1FFDE150EC0DF150D00DF040D00DF7D
:10FF000015FD3FE115FE7FE115FFBFE117FFBFE0E3
:10FF100015F3BFE017FDBFE01728801015F4BFE010
:10FF20003A30050015FCBFE017FCFFE084FFBF007E
:10FF30003A7084183A70011017FCBFE015F6BFE064
:10FF400017F4BFE00401801015F7BFE017F4BFE01D
:10FF5000170B8010260900107441010104823A2118
:10FF60008098025017F6BFE015F5BFE017F5BFE027
:10FF70003A70011084FABF00064A000017F4BFE08F
:10FF80004400C000150BC0100401400117FE3FE102
:10FF900080BB345015F9BFE017F4BFE0170E801096
:10FFA00017F9FFE01500C01017F4BFE0170E80101E
:10FFB00017F3FFE01502C01017F4BFE0170EC010D2
:10FFC00017F4BFE0170E80101707001134009000DF
:10FFD000C4FFBF103A7084203400A01015078018A9
:10FFE00017F37FE117F93FE100DF335017F4BFE06B
:10FFF000170E80103A880B1017F73FE1004D35506F
:020000040032C8
:1000000015FABFE017FABFE00E12001017F3BFE1B8
:1000100017FA7FE17441010104893A2140700250CE
:1000200017FDBFE0172780101712C0104400C0183A
:100030001512C01017F4BFE0150B001017F6BFE043
:1000400015F8BFE017F8BFE03A70011084FABF005E
:100050000614000017FDBFE01727801017FDFFE012
:100060001727C018170F001917FFFFE03A88C7209D
:10007000150FC01017FDBFE0172780101710C01014
:100080004400C0181510C01017F4BFE0150B001085
:1000900017F6BFE015FBBFE017FBBFE03A70011099
:1000A0003A8805003A8837E01701C0DF170000DF03
:1000B0000402C0DE3A2800F804F8FFDE1507C0DFAE
:1000C000150600DF040600DF15FF3FE117FFBFE064
:1000D00015FBBFE0B441810004FDB1101702801090
:1000E00015FCBFE017FBBFE0170380101706801058
:1000F00017FBFFE01703C0181706C0183700C01819
:100100001402C0183500C01017FBBFE017038010A1
:10011000170380103700801015FDBFE017FDBFE00A
:100120000C2080101E48001017FB3FE14075205046
:1001300017FBBFE01713801017FBFFE0440480108B
:100140003A8885103A8885103A88851817008010FB
:10015000043F80103700801015FEBFE017FEBFE09F
:100160002C0090101E2F001017FBBFE017148010FA
:1001700015FABFE00605000017FB3FE1407520506F
:1001800017FABFE04400801015FABFE017FABFE08D
:10019000300280101EF83F1017FBBFE017038010DD
:1001A00017068010040480104400C0003500C01001
:1001B00017FBBFE015140010B44181000459B110C1
:1001C000171380101E050010B44181000459B110AE
:1001D0004400C0001513C01006030000B4418100A4
:1001E0000459B1101513001017FBBFE004010011F2
:1001F000B44181000459B1101713801017FBFFE0C0
:10020000C40380103A8885103A8885103A8885188A
:10021000170080103A880B100046355017FB3FE15D
:1002200000612050B441810004FDB110170280101C
:1002300017FCFFE00E0780181798A0D03A88091025
:1002400000FB1850060300007441010104963A2196
:10025000809802503A8801003A8837E01701C0DFE1
:10026000170000DF0402C0DE3A2800F804FBFFDEBE
:100270001504C0DF150300DF040300DF15FF3FE1B5
:1002800017FFBFE015FDBFE017FDBFE017028010AC
:10029000170380103700801015FEBFE017FEBFE087
:1002A0000C208010260300107441010104993A21AA
:1002B000809802503A8801003A8837E01701C0DF81
:1002C000170000DF0402C0DE3A2800F804F6FFDE63
:1002D0001509C0DF150800DF040800DF15FF3FE146
:1002E00015FD3FE0D4FFBF0015FCBFE017FFBFE0E6
:1002F000170380101712C01017FCBFE02E048018DF
:1003000017FFBFE0170380101712801015FCBFE025
:1003100015FB3FE00687000017FFFFE017FBBFE07B
:10032000C40380103A8885103A8885103A88851869
:100330001500001015FA3FE00678000015F93FE0BF
:1003400017FABFE0080280101E350010047E01017C
:10035000C0C524503A880B1017FFFFE017FBBFE021
:100360006402001117FABFE03A88852084058010E6
:100370003A8885103A8885103A888518150040110A
:1003800017FFFFE017FBBFE06402001117FABFE0A0
:100390003A888520840580103A8885103A8885102F
:1003A0003A888518170080101E0B00107441010157
:1003B000049C3A218098025017FFBFE01708801074
:1003C00017278010170CC0104400C018150CC0105F
:1003D000C4FABF00066F000017FFFFE017FBBFE085
:1003E0006402001117FABFE03A8885208405801066
:1003F0003A8885103A8885103A8885181700801049
:1004000017018010040140013A88091080BB345064
:1004100015F9BFE0047E410117F93FE100DF3350D9
:10042000F43F80000400941015FDBFE017FFBFE00B
:100430001703001117FFFFE017FBBFE04404801013
:100440003A8885103A8885103A8885181700C010B8
:1004500017FABFE07A9104103A88871817F97FE1FC
:1004600017FCBFE117FDBFE0150080D83A880F30B8
:100470003A880D283A880B18C0D71D5015FEBFE0EA
:1004800017FEBFE026020010C4FFBF0006410000B7
:1004900017FABFE01E07001017FFFFE017FBBFE0D1
:1004A000C40380103A8885103A8885103A888518E8
:1004B0001500001017FBBFE0C40380103A888510B8
:1004C0003A88851017FFFFE03A88891817FFFFE088
:1004D00017FBBFE0440480103A8885103A888510E5
:1004E0003A8885181700C01017FABFE07A910410F7
:1004F0003A8885183A880B10C0011E5015FEBFE0DF
:1005000017FEBFE026020010C4FFBF000621000056
:1005100017FABFE04400801015FABFE017FABFE0F9
:10052000500280101E853F1017FBBFE04400801072
:1005300015FBBFE017FBBFE0900080101E763F1058
:1005400017FA7FE17441010104AD3A214070025075
:1005500017FFBFE01514001017FFBFE015130010C0
:1005600017FFBFE00401001117FFBFE01713801051
:1005700017FFFFE0C40380103A8885103A88851081
:100580003A888518170080103A880B1000463550BD
:100590003A8805003A8837E01701C0DF170000DF0E
:1005A0000402C0DE3A2800F804F9FFDE1506C0DFB9
:1005B000150500DF040500DF15FF3FE115FB3FE0F7
:1005C00006410000047E0101C0C5245015FCBFE0B7
:1005D00017FCBFE01E0500107441010104BE3A2162
:1005E0008098025044008000063B000017FFBFE0E7
:1005F000171380103A000510CC3F801017FFFFE062
:10060000440480103A8885103A8885103A88851805
:100610001700C01017FBBFE07A9104103A888518C4
:1006200015FDBFE017FFBFE0171380103A0005105B
:10063000CC3F801017FFFFE06402001117FBBFE002
:100640003A888520840580103A8885103A8885107C
:100650003A88851817FCFFE01500C01017FFBFE0AF
:10066000171380103A000510CC3F801017FFFFE0F1
:100670006402001117FBBFE03A88852084058010D2
:100680003A8885103A8885103A88851817008010B6
:1006900017018010040140013A88091080BB3450D2
:1006A00015FEBFE0047E410117FE3FE100DF33503D
:1006B00017FEFFE017FDBFE01501C01017FBBFE0FC
:1006C0004400801015FBBFE017FBBFE01002801054
:1006D0001EBC3F103A8805003A8837E01701C0DF9A
:1006E000170000DF0402C0DE3A2800F804FAFFDE3B
:1006F0001505C0DF150400DF040400DF15FF3FE12E
:1007000017FFBFE01713801017FFFFE044048010AD
:100710003A8885103A8885103A8885181700C010E5
:1007200017FFBFE0171480107A9104103A888518DB
:10073000040480103700801084FFBF1015FCBFE058
:1007400017FFBFE0170880101727801017FFFFE082
:100750001708C0181727C0181709001917FCFFE061
:100760003A88C7201509C01017FFBFE01713001102
:1007700017FFBFE01714801017FFFFE0640200218D
:100780003A888520840580103A8885103A8885103B
:100790003A8885181700801015FDBFE017FDBFE0EF
:1007A000170180100404C01017FDBFE01503C0102E
:1007B00017FCBFE084FCBF103A88071017FDBFE0AC
:1007C0001504C0101795A0D03A88071017FDBFE098
:1007D0001505C01017FFBFE01708C01017FDBFE0D8
:1007E0001506C01017FDBFE01701801084008010AF
:1007F00015FEBFE017FEBFE00B03C01017FDBFE002
:100800000D08C01017FD7FE1B441010104FD312145
:10081000C01E255017FFBFE0171480104400C01001
:1008200017FFBFE01514C0103A8801003A8837E07E
:100830001701C0DF170000DF0402C0DE3A2800F80D
:1008400004FCFFDE1503C0DF150200DF040200DF39
:1008500015FE3FE115FF7FE17441410104C47A298F
:1008600017FE3FE1C0F723503A8805003A8837E089
:100870001701C0DF170000DF0402C0DE3A2800F8CD
:1008800004FCFFDE1503C0DF150200DF040200DFF9
:1008900015FF3FE1B441810004C2B21017FFFFE031
:1008A0003A88C7183A88C7183A88C51017008010C8
:1008B000172780108400C0001506C010B4418100C5
:1008C0000459B11017FFFFE02429C0183A88C51059
:1008D00004038010170080103A880F003A880D003A
:1008E0003A880B003A88091000B61E50B4418100C6
:1008F0000459B11017FFFFE02429C0183A88C51029
:10090000040180101700801004028010370080104E
:1009100015FEBFE0B44181000459B11017FFFFE09C
:100920002429C0183A88C5100401801017008010CF
:100930000402801017FE3FE144FFFF003A70C6201A
:100940003500C010B441810004C2B21017FFFFE0AF
:100950003A88C7183A88C7183A88C5101700801017
:10096000172780108400C0001507C0103A880500C2
:100970003A8837E01701C0DF170000DF0402C0DE4D
:100980003A2800F804FDFFDE1502C0DF150100DF84
:10099000040100DF15FF3FE117FFBFE008088010EA
:1009A0001E03001017FF3FE100D233500602000083
:1009B00017FF3FE1807E29503A8837E01701C0DFFA
:1009C000170000DF0402C0DE3A2800F804F5FFDE5D
:1009D000150AC0DF150900DF040900DF15FF3FE13C
:1009E000172CA0D015F8BFE0042CA0D015F9BFE05B
:1009F000063F000017F8BFE017F8FFE01504C0102D
:100A000017F8BFE017FFFFE01505C01017F8BFE0AB
:100A10001705C010B441810004C2B2103A88C7184B
:100A20003A88C7183A88C5101700C01017F8BFE0F9
:100A30001506C01017F8BFE01703801017F83FE144
:100A40003AE83E1017F8BFE01706801015FABFE02D
:100A500004FD7FE104FC3FE104FBFFE004FEBFE096
:100A6000150080D83A880F283A880D203A880B184C
:100A700017F83FE1802101502617001017FEBFE054
:100A80002605001017FABFE0172A80101440C01086
:100A900017FABFE0152AC01017FBFFE017FABFE0F6
:100AA000150AC01017FCFFE017FABFE0150CC010C4
:100AB00017FDFFE017FABFE0150DC01017FAFFE0B1
:100AC0003441810004F1A910152B801817FABFE0FA
:100AD0008400C000052FC01017FFBFE04400801045
:100AE00015FFBFE017F8BFE01700801015F8BFE052
:100AF00017F8FFE017F9BFE01EBEBF1817FFBFE0F1
:100B00003A8837E01701C0DF170000DF0402C0DEBB
:100B10003A2800F804F9FFDE1506C0DF150500DFEE
:100B2000040500DF15FD3FE115FE7FE115FFBFE184
:100B300017FDBFE0080880101E05001017FFBFE179
:100B400017FE7FE117FD3FE180A534500608000045
:100B500017FFBFE0150100D8150000D83A880F0034
:100B60003A880D1017FE7FE117FD3FE180512350B9
:100B70003A8837E01701C0DF170000DF0402C0DE4B
:100B80003A2800F804FBFFDE1504C0DF150300DF80
:100B9000040300DF15FD3FE115FE7FE115FFBFE116
:100BA00017FDBFE0080880101E05001017FFBFE109
:100BB00017FE7FE117FD3FE180E834500606000094
:100BC00017FFBFE03A880F003A880D1017FE7FE14B
:100BD00017FD3FE1C05029503A8837E01701C0DFC8
:100BE000170000DF0402C0DE3A2800F804FCFFDE34
:100BF0001503C0DF150200DF040200DF15FE3FE031
:100C0000064A0000B441810004C2B21017FEFFE0A2
:100C10003A88C7183A88C7183A88C5101700801054
:100C20001727801017028010980180101E240010D2
:100C3000B441810004C2B21017FEFFE03A88C71821
:100C40003A88C7183A88C510170080101709801015
:100C50001E090010B441810004C2B21017FEFFE06B
:100C60003A88C7183A88C7183A88C5101700801004
:100C7000847AC1001509C010B441810004C2B210C9
:100C800017FEFFE03A88C7183A88C7183A88C51097
:100C900017008010170880101E090010B441810051
:100CA00004C2B21017FEFFE03A88C7183A88C71886
:100CB0003A88C510170080100404C0001508C01041
:100CC000B441810004C2B21017FEFFE03A88C71891
:100CD0003A88C7183A88C510170080101708801086
:100CE0001780E0D00E01C0103A8805181580A0D0FA
:100CF000B441810004C2B21017FEFFE03A88C71861
:100D00003A88C7183A88C510170080101709801054
:100D10001781E0D00E01C0103A8805181581A0D0C7
:100D200017FEBFE04400801015FEBFE01783A0D07F
:100D30003A88071017FEBFE016B2FF10B4418100D9
:100D400004FDB11015010010B441810004FDB11083
:100D50001701C010B441810004FDB1101500C0108E
:100D6000B441810004FDB11015020010B4418100AE
:100D700004FDB1101702C010B441810004FDB11090
:100D80001504C010B441810004FDB1101704C01057
:100D9000B441810004FDB1101503C01084000001AE
:100DA000C07A2550009C245015FFBFE0840000014C
:100DB0000087255017FFBFE02602001017FFBFE095
:100DC00006FF0000B440010104E50421C0CD21501C
:100DD00015FE3FE006F50000B441810004C2B210E8
:100DE00017FEFFE03A88C7183A88C7183A88C51036
:100DF000170080101702801026910010B441810066
:100E000004C2B21017FEFFE03A88C7183A88C71824
:100E10003A88C510170080101702801017FE3FE1B6
:100E20003AE83E1015FFBFE017FFBFE026100010A4
:100E300017FEBFE117FF7FE17441010104D03A21A1
:100E400040700250B441810004C2B21017FEFFE0AE
:100E50003A88C7183A88C7183A88C5101700801012
:100E6000172780108400C0001507C01006CC0000B2
:100E7000B441810004C2B21017FEFFE03A88C718DF
:100E80003A88C7183A88C5101700801017278010B5
:100E900017028010980180101E110010B4418100CB
:100EA00004C2B21017FEFFE03A88C7183A88C71884
:100EB0003A88C51017000011B441810004C2B21075
:100EC00017FEFFE03A88C7183A88C7183A88C51055
:100ED00017008010172A801054008010152A8020D7
:100EE000B441810004C2B21017FEFFE03A88C7186F
:100EF0003A88C7183A88C510170080101727801045
:100F00004400C0001506C010B441810004C2B210F4
:100F100017FEFFE03A88C7183A88C7183A88C51004
:100F20001700801003018010CC3F80101C2080101F
:100F300004E0BF101E420010B441810004C2B21090
:100F400017FEFFE03A88C7183A88C7183A88C510D4
:100F5000170080101727801017028010980180104A
:100F60001E130010B441810004C2B21017FEFFE04E
:100F70003A88C7183A88C7183A88C51017008010F1
:100F80004419C0000501C010B441810004C2B21070
:100F900017FEFFE03A88C7183A88C7183A88C51084
:100FA00017008010041DC0004501C010061200008B
:100FB000B441810004C2B21017FEFFE03A88C7189E
:100FC0003A88C7183A88C51017008010441AC00024
:100FD0000501C010B441810004C2B21017FEFFE049
:100FE0003A88C7183A88C7183A88C5101700801081
:100FF0008419C0004501C010B441810004C2B21080
:1010000017FEFFE03A88C7183A88C7183A88C51013
:101010001700801017FEFFE0440CC0188501C010B7
:10102000B441810004C2B21017FEFFE03A88C7182D
:101030003A88C7183A88C51017008010C5010010FB
:1010400017FE3FE1C0232150B441810004C2B21019
:1010500017FEFFE03A88C7183A88C7183A88C510C3
:1010600017008010170A8010264D0010B44181002F
:1010700004C2B21017FEFFE03A88C7183A88C718B2
:101080003A88C51017000011B441810004C2B210A3
:1010900017FEFFE03A88C7183A88C7183A88C51083
:1010A00017008010170A4011B441810004C2B21029
:1010B00017FEFFE03A88C7183A88C7183A88C51063
:1010C00017008010170C80103A3084003AB0842842
:1010D000150E8020B441810004C2B21017FEFFE05B
:1010E0003A88C7183A88C7183A88C51017000011FF
:1010F000B441810004C2B21017FEFFE03A88C7185D
:101100003A88C7183A88C51017008010170A40118E
:10111000B441810004C2B21017FEFFE03A88C7183C
:101120003A88C7183A88C51017008010170C80102D
:101130003A708428150F8020B441810004C2B21097
:1011400017FEFFE03A88C7183A88C7183A88C510D2
:1011500017000011B441810004C2B21017FEFFE075
:101160003A88C7183A88C7183A88C51017008010FF
:10117000170A4011B441810004C2B21017FEFFE00B
:101180003A88C7183A88C7183A88C51017008010DF
:10119000170C80103A3084003AB084281510802053
:1011A00017FEBFE04400801015FEBFE01783A0D0FB
:1011B0003A88071017FEBFE01607FF103A880500AF
:1011C0003A8837E01701C0DF170000DF0402C0DEF5
:1011D0003A2800F804FCFFDE1503C0DF150200DF2B
:1011E000040200DF15FF3FE1B441810004C2B210E8
:1011F00017FFFFE03A88C7183A88C7183A88C51021
:1012000017008010170C80101E420010B44181009E
:1012100004C2B21017FFFFE03A88C7183A88C7180F
:101220003A88C51017008010170A80100C20801013
:101230001E03001034C0BF0015FEBFE0061F0000F3
:10124000B441810004C2B21017FFFFE03A88C7180A
:101250003A88C7183A88C51017008010170A8010FE
:101260000C308010182080101E030010F4FFBF0007
:1012700015FEBFE006110000B441810004C2B210A7
:1012800017FFFFE03A88C7183A88C7183A88C51090
:1012900017008010170A80100C388010183080104A
:1012A0001E03001004C0BF0015FEBFE006030000CF
:1012B0000053255004C0BF0015FEBFE0B4418100BB
:1012C00004C2B21017FFFFE03A88C7183A88C7185F
:1012D0003A88C5101700801017FEFFE03AD60818AC
:1012E00017FEFFE03AD206180CC0FF183AB0C8202B
:1012F00017FEFFE00CC0FF183A9206183AB0C8205B
:1013000017FEFFE03A9606183AB0C620150CC0103A
:10131000060100003A8801003A8837E01701C0DF73
:10132000170000DF0402C0DE3A2800F804FCFFDEEC
:101330001503C0DF150200DF040200DF15FF3FE0E8
:101340001782A0D00C018010260300107441010107
:1013500004D73A2180980250B441810004BAB410F5
:101360001700801015FEBFE00621000017FEBFE049
:1013700017058010260F001017FEBFE017278010FA
:10138000170180103A880B107441010104DC3A21E6
:101390004070025017FEBFE01705C01017FFBFE0F6
:1013A0004400001115FF3FE13A8809103AE83E1861
:1013B000060C00001782A0D00C0180102606001039
:1013C00017FEBFE0040180103A880B107441010140
:1013D00004E33A214070025017FFBFE04400801040
:1013E00015FFBFE017FEBFE01700801015FEBFE03D
:1013F00017FEBFE01EDD3F103A8801003A8837E053
:101400001701C0DF170000DF0402C0DE3A2800F831
:1014100004F9FFDE1506C0DF150500DF040500DF57
:1014200015FB3FE006D9000017FBFFE044008018E1
:1014300015FBBFE0B4418100042DB31017028010EA
:101440000E02C0108078245015FB3FE044000001DC
:10145000C07A2550B441010104FD312140132550CB
:1014600015FCBFE0440000010087255017FCBFE0D9
:101470001E0300107441010104EA3A2140D62350B2
:1014800017FCBFE01706801015FDBFE017FDBFE099
:101490001727801015FEBFE017FCBFE01701801072
:1014A000840080103A880B1017FD3FE140DD3B506F
:1014B0002606001017FEBFE0170B80104400C01076
:1014C00017FEBFE0150BC0100605000017FEBFE0B9
:1014D000170A80104400C01017FEBFE0150AC010A4
:1014E00017FEBFE017068010980080101E0C001039
:1014F00084000001C07A255017FC3FE1C0FA245057
:10150000840000010087255017FEBFE0170C8010F3
:101510004400C01017FEBFE0150CC010069B000071
:1015200017FCBFE01701801004FFBF1003008010FC
:10153000CC3F80101C20801004E0BF105813801096
:101540001E0B001017FCBFE01701C01017FCBFE016
:10155000170280103A88851803008010CC3F801055
:101560001C20801004E0BF10601380101E040010C7
:10157000005325507441010104F03A2140D6235014
:1015800017FDBFE0172A80100C0280101E490010C2
:1015900017FDBFE01727801017028010A0018010F0
:1015A0002636001017FCBFE0170180108400801061
:1015B00015FFBFE017FFBFE0040380100300801099
:1015C000CC3F80101C20801004E0BF103A92041021
:1015D0003A88071017FFBFE0440380100300801013
:1015E000CC3F80101C20801004E0BF10CC3F801046
:1015F0003A888518CCFFBF103AD204103A880710F9
:1016000017FFBFE00403801003008010CC3F801060
:101610001C20801004E0BF103A9204103A88091090
:1016200017FFBFE04403801003008010CC3F801000
:101630001C20801004E0BF10CC3F80103A88852029
:10164000CCFFBF103A9204103AB084183A880710C1
:1016500017FCBFE00D08C01017FCBFE01701801099
:1016600017FCFFE01706C0181708C0183A88C71003
:1016700017FCBFE01503C010060E000017FDBFE009
:1016800017278010170280103A880B10744101014F
:1016900004F63A214070025084000001C07A2550BF
:1016A00017FC3FE1C0FA2450840000010087255058
:1016B0000636000017FCBFE00B088010CCFFBF10FF
:1016C0002002C0101E030018208281101E08001086
:1016D000060E00003A880900C07A255017FC3FE149
:1016E00000013E503A880900008725500626000078
:1016F0003A880900C07A255017FC3FE1C05B3B5097
:101700003A88090000872550061F00001782A0D0E4
:101710000C0081102610001017FCBFE00B08801091
:10172000CCFFBF103AD20410CCFFBF10CC3FC0108A
:1017300017FCBFE00B088010CCFFBF103A920410DA
:10174000CCFFBF103AB084183A880B1074410101E5
:1017500004FE3A214070025017FDBFE017278010A9
:10176000170EC0104400C018150EC01084000001F0
:10177000C07A255017FC3FE1C0FA245084000001D4
:10178000008725503A8801003A880100B441810061
:1017900004FDB110170280101E233F103A8801008B
:1017A0003A8837E01701C0DF170000DF0402C0DE0F
:1017B0003A2800F804FDFFDE150200DF040200DF16
:1017C00015FE3FE115FF7FE11795A0D00E0C00102C
:1017D0001795E0D017FEBFE0360380181795E0D0CC
:1017E00017FFBFE02E0680181795A0D017FEFFE068
:1017F000360A80181795A0D017FFFFE0360780182B
:1018000017FEFFE017FFBFE02E02801817FEBFE0B3
:101810000608000017FFBFE00606000017FEFFE005
:1018200017FFBFE03602801817FEBFE00601000078
:1018300017FFBFE03A8837E0170000DF0401C0DE81
:101840003A2800F804FBFFDE1504C0DF150300DFB3
:10185000040300DF15FE3FE115FF7FE117FEBFE047
:10186000170680101727801015FDBFE017FDBFE099
:1018700017068010980080101E08001084000001D8
:10188000C07A255017FE3FE1C0FA245084000001C1
:1018900000872550C4F7BF000648000017FEBFE0D0
:1018A00017068010170880102608001017FDBFE0EB
:1018B00017028010E00580101E04001017FDBFE025
:1018C00017028010180780101E29001017FDBFE0B6
:1018D000171080104400C01017FDBFE01510C01095
:1018E00017FDBFE0170FC01017FEBFE017048010F0
:1018F0003A88871817FDBFE0150FC01017FEBFE02C
:1019000017068010170480102606001017FEBFE08F
:10191000170680101704801017FE3FE13AE83E10CA
:101920000611000017FEBFE0170680101703801095
:1019300017FEFFE01706001917FEFFE01703401916
:1019400017FEFFE01704C0183A880D183AE83E1059
:1019500084000001C07A255017FE3FE1C0FA2450F0
:1019600084000001008725503A8805000613000016
:1019700017FEBFE017068010170A80101E0C00101B
:1019800017FEBFE017078010E0FFBF101E08001011
:1019900084000001C07A255017FE3FE1C0FA2450B0
:1019A000840000010087255084F8BF000603000072
:1019B00017FF7FE117FE3FE100823B503A8837E096
:1019C0001701C0DF170000DF0402C0DE3A2800F86C
:1019D00004FCFFDE1503C0DF150200DF040200DF98
:1019E00015FE3FE0062A000017FEBFE02430C010BD
:1019F000B44181000402B2103A888918B4418100D0
:101A000004C2B21017FEFFE03A88C7183A88C71818
:101A10003A88C51015000011B441810004C2B2100B
:101A200017FEFFE03A88C7183A88C7183A88C510E9
:101A300017000011B441810004C2B21017FEFFE08C
:101A40003A88C7183A88C7183A88C5101700801016
:101A50000412801015278020B441810004C2B21006
:101A600017FEFFE03A88C7183A88C7183A88C510A9
:101A7000170080103A880B10B441010104BA3421D8
:101A8000C01E255017FEBFE04400801015FEBFE0C9
:101A900017FEBFE0100180101ED33F101783A0D0A7
:101AA0003A880910C0FE3E501583A0D01783A0D0FD
:101AB0001E03001074418100040FBB100668000073
:101AC0001783A0D015FEBFE006150000B4418100C9
:101AD00004C2B21017FEFFE03A88C7183A88C71848
:101AE0003A88C510170080103A880B10B4410101E4
:101AF00004BA3421C0292550B441810004C2B21077
:101B000017FEFFE03A88C7183A88C7183A88C51008
:101B10001500001017FEBFE04400801015FEBFE066
:101B200017FEBFE0100180101EE83F1040652550F1
:101B3000B440010104A31521C0CD215040C520505F
:101B400015FFBFE017FFBFE02603001074418100BE
:101B50000419BB1006420000C0973A5015FFBFE0C1
:101B600017FFBFE026040010C0D42150744181004B
:101B70000420BB10063A0000C0FC3B5015FFBFE03C
:101B800017FFBFE026040010C0D42150744181002B
:101B90000427BB100632000000EA215015FFBFE009
:101BA00017FFBFE026030010C0D42150172EA0D08D
:101BB000062B000015FE3FE0061B0000B44181002B
:101BC00004C2B21017FEFFE03A88C7183A88C71857
:101BD0003A88C51017008010172B8010260F0010B0
:101BE000B441810004C2B21017FEFFE03A88C71862
:101BF0003A88C7183A88C510170080100401800180
:101C00003A880B10048720D100D33E501E030010E9
:101C1000C0D42150172EA0D00611000017FEBFE03F
:101C20004400801015FEBFE01783A0D03A8807104B
:101C300017FEBFE016E1FF10C0E6325015FFBFE00F
:101C400017FFBFE026040010C0D42150744181006A
:101C5000042DBB100602000040093F503A880500E1
:101C60003A8837E01701C0DF170000DF0402C0DE4A
:101C70003A2800F804FDFFDE1502C0DF150100DF81
:101C8000040100DF15FF3FE11784A0D0900380100E
:101C90001E0300107441010104343B2140D623503F
:101CA0001784A0D0440080101584A0D01784E0D001
:101CB00074418100045194103A88C7183A88C718B3
:101CC0003A88C51017FFFFE01500C0103A880100E0
:101CD0003A8837E01701C0DF170000DF0402C0DEDA
:101CE0003A2800F804FDFFDE1502C0DF150100DF11
:101CF000040100DF1784A0D015FFBFE00625000017
:101D0000744181000451941017FFFFE03A88C7180E
:101D10003A88C7183A88C510170080103A880B1007
:101D20007441010104373B2140700250744181002D
:101D30000451941017FFFFE03A88C7183A88C71873
:101D40003A88C51017008010260F001074418100DA
:101D50000451941017FFFFE03A88C7183A88C71853
:101D60003A88C510170080103AE83E10744181008F
:101D70000451941017FFFFE03A88C7183A88C71833
:101D80003A88C5101500001017FFBFE0C4FFBF1050
:101D900015FFBFE017FFBFE01ED93F103A880100D2
:101DA0003A8837E01701C0DF170000DF0402C0DE09
:101DB0003A2800F804FBFFDE1504C0DF150300DF3E
:101DC000040300DF15FF3FE1B441810004BAB41001
:101DD0001700801015FEBFE015FD3FE0060B000068
:101DE00017FEFFE017FFBFE01E02801817FDBFE0DF
:101DF000060C000017FEBFE01700801015FEBFE0C4
:101E000017FDBFE04400801015FDBFE017FEBFE0E6
:101E10001EF33F1074410101043E3B2140D6235084
:101E20003A8805003A8837E01701C0DF170000DF65
:101E30000402C0DE3A2800F804FEFFDE150100DFD0
:101E4000040100DF34408000043880101587A0D0E2
:101E500034808000043880101588A0D0B4418100FF
:101E600004BAB4101700801015FFBFE00610000080
:101E700017FFBFE0032F8010CC3F80105800801068
:101E80001E04001017FFBFE04400C000052DC01065
:101E90000604000017FFBFE0052D001017FFBFE08C
:101EA000152E001017FFBFE01700801015FFBFE0D0
:101EB00017FFBFE01EEE3F101795A0D0040580105D
:101EC0001586A0D0158520D03A8805003A8837E0DD
:101ED000170000DF0401C0DE3A2800F804FBFFDE33
:101EE0001504C0DF150300DF040300DF15FF3FE129
:101EF000B441810004C6B210170080104400C01025
:101F0000B441810004C6B2101500C01017FF3FE1B4
:101F10008070225015FDBFE017FDBFE01E1A0010B3
:101F200017FFBFE017068010032F801005FEBFE0EB
:101F300003FEBFE06000C0101E030018A000801068
:101F40001E0400100606000017FF3FE1C08E40503F
:101F50000615000017FF3FE100B9405006120000CF
:101F6000B441810004C6B210170D80104400C010A7
:101F7000B441810004C6B210150DC010C4FFBF00EB
:101F800015FDBFE0060100003A8801008400000151
:101F9000C07A255017FF3FE1C0FA245084000001A9
:101FA0000087255017FDBFE03A8837E01701C0DFF2
:101FB000170000DF0402C0DE3A2800F804FCFFDE50
:101FC0001503C0DF150200DF040200DF3A880900B4
:101FD000C07A25501785A0D01E0300103A8809004A
:101FE00000872550064D0000B441810004BAB410AA
:101FF0001700801015FFBFE00640000017FFBFE08C
:10200000172C801015FEBFE00637000017FEBFE05A
:10201000170080102630001017FEBFE01703801055
:10202000262E001017FEBFE017038010C4FFFF101C
:1020300017FEBFE01503C01017FEBFE017038010A6
:102040001E26001017FFBFE0032D8010CC3F80102C
:102050002604001017FE7FE184040001801922503D
:102060000603000017FE7FE184050001801922505D
:1020700017FFBFE0032F8010CC3F80109800801026
:102080001E11001017FEBFE04400C0000504C01080
:1020900017FFBFE0032D8010CC3F8010260A0010F0
:1020A00017FFBFE0172EC0101410A7003A8887183A
:1020B0001795A0D02E04801817FFBFE0052D001043
:1020C00017FFBFE0152E00101785A0D0C4FFBF106A
:1020D0001585A0D0060100003A88010017FEBFE078
:1020E0001705801015FEBFE017FEBFE01EC73F10AA
:1020F00017FFBFE01700801015FFBFE017FFBFE01C
:102100001EBE3F101795A0D0040580101586A0D0E4
:102110003A880900008725503A8801003A8837E05C
:102120001701C0DF170000DF0402C0DE3A2800F804
:1021300004DEFFDE1521C0DF152000DF042000DFF4
:102140003A88052015FF7FE105FEBFE00405800009
:1021500005FDBFE045FD3FE01780A0D004078010DB
:1021600005E2BFE003FEBFE0E00580101E030010A3
:1021700003FEBFE0980580101E03001003E2BFE0DD
:102180000401801005E2BFE084000001C07A255000
:1021900003E2BFE03A880910C0C5245015E3BFE050
:1021A000840000010087255017E3BFE01E080010DF
:1021B000B441810004C6B210170C80104400C01056
:1021C000B441810004C6B210150CC010067A00009C
:1021D00017E3BFE01703801015E4BFE017FFBFE06F
:1021E00017018010170AC01017E4BFE01503C010D4
:1021F00003FEBFE0D80580101E0400101788E0D051
:1022000017E4BFE01504C0100604000017FFBFE08C
:102210001700C01017E4BFE01504C01017E4BFE0BA
:102220001704C01017E3BFE01507C01017E3BFE0A5
:10223000170380100405801015E0BFE003FEBFE027
:10224000E00580101E03001003FEBFE0980580101B
:102250001E06001017E0BFE00401801015E0BFE08B
:1022600004FDBFE015E1BFE00603000004FDBFE090
:102270004400801015E1BFE017E0BFE015E5BFE0C6
:1022800017E5BFE003FEFFE00500C01017E5BFE063
:102290004500001017FFBFE01700C01017E5BFE0B2
:1022A0001501C01017E5BFE08D00001004014001CA
:1022B00017E53FE1809623503A3084003A880710B2
:1022C00017E5BFE08D00C01004E7BFE015E6BFE0F2
:1022D000041680013A880B0017E63FE18051025056
:1022E00017FFBFE01701C01017E6BFE01500C010D0
:1022F00017E6BFE04400C0000501C01017E6BFE0CC
:102300004501001017E3BFE017E0FFE01503C01020
:1023100017E3BFE00402C0001504C01017E3BFE0DC
:1023200017E6FFE0150BC01017E1BFE117E37FE1EF
:102330008400000180B83C5003FEBFE0D805801047
:102340001E080010B441810004C6B2101717801097
:102350004400C010B441810004C6B2101517C0106B
:102360000615000003FEBFE0980580101E0800104F
:10237000B441810004C6B210171880104400C01088
:10238000B441810004C6B2101518C010060A00003E
:1023900003FEBFE0980480101E070010B4418100C6
:1023A00004C6B210171680104400C010B44181005A
:1023B00004C6B2101516C0103A8837E01701C0DF06
:1023C000170000DF0402C0DE3A2800F804FCFFDE3C
:1023D0001503C0DF150200DF040200DF15FF3FE137
:1023E00017FFBFE01701801015FEBFE017FFBFE029
:1023F0001700C0101787A0D01E03801817FFBFE07A
:10240000150300100681000017FEBFE0032D8010A9
:10241000CC3F80102639001017FF7FE184040001B3
:1024200080192250B441810004BFB4101702C010BB
:10243000B441810004C2B21017008010170A801046
:102440003AD60810B441810004C2B21017008010BF
:10245000170A80103AD204100CC0BF103AB088207E
:10246000B441810004C2B21017008010170A801016
:102470000CC0BF103A9204103AB08820B4418100D9
:1024800004C2B21017008010170A80103A96041088
:102490003AB084203A88871817FFBFE017008010F1
:1024A0003AD6081017FFBFE0170080103AD2041088
:1024B0000CC0BF103AB0882017FFBFE01700801093
:1024C0000CC0BF103A9204103AB0882017FFBFE04A
:1024D000170080103A9604103AB084203A88851884
:1024E000840C40013A880910809410504400C010B8
:1024F00017FFBFE01503C0100638000017FF7FE18B
:102500008405000180192250B441810004BFB41039
:102510001702C010B441810004C2B210170080102D
:10252000170A80103AD60810B441810004C2B210D4
:1025300017008010170A80103AD204100CC0BF1088
:102540003AB08820B441810004C2B2101700801054
:10255000170A80100CC0BF103A9204103AB08820BD
:10256000B441810004C2B21017008010170A801015
:102570003A9604103AB084203A88871817FFBFE0D3
:10258000170080103AD6081017FFBFE01700801020
:102590003AD204100CC0BF103AB0882017FFBFE039
:1025A000170080100CC0BF103A9204103AB0882077
:1025B00017FFBFE0170080103A9604103AB084204D
:1025C0003A888518840C40013A880910809410508C
:1025D0004400C01017FFBFE01503C01017FEBFE096
:1025E000032F8010CC3F8010980080101E03001035
:1025F00017FFBFE04400C0000504C0101785A0D03D
:10260000440080101585A0D03A8801003A8837E050
:102610001701C0DF170000DF0402C0DE3A2800F80F
:1026200004FCFFDE1503C0DF150200DF040200DF3B
:1026300015FF3FE117FFBFE01701801015FEBFE057
:1026400017FEBFE0032F8010CC3F80109800801051
:102650001E0D001017FEBFE0032D8010CC3F801030
:102660001E09001017FFBFE003048010CC3F80104C
:10267000580080101E04001017FF7FE1C405000100
:10268000801922503A8801003A8801003A8837E0E0
:102690001701C0DF170000DF0402C0DE3A2800F88F
:1026A00004F6FFDE1509C0DF150800DF040800DFAF
:1026B00015FF3FE117FFBFE01703801015F8BFE0DB
:1026C00017FFBFE01704C01017F8BFE00300801029
:1026D000CC3F8010CC0380103A8885103A88851052
:1026E0003AC8851815F9BFE017F9BFE0200280103D
:1026F0001E090010B441810004C6B210170A8010F0
:102700004400C010B441810004C6B210150AC010C4
:1027100004F8BF0006A3000017F8BFE00300801014
:10272000CC3F8010CC0380103A8885103A88851001
:102730003A88071017F8BFE03A88C51015FABFE0CD
:1027400017FABFE08B0080100DFBBFE017FABFE067
:102750008D00001017F9BFE07AD005103A880B10F1
:1027600017FA3FE1809623503A3084008DFBBFE09A
:102770008BFBFFE00BFBBFE0260C801817FABFE0D5
:102780000BFBFFE08D00C010B441810004C6B21005
:10279000170B80104400C010B441810004C6B21071
:1027A000150BC01004F8BF00067E000017FABFE04A
:1027B0000300801005FCBFE017FABFE0170180108E
:1027C0003AD6061017FABFE0170180103AD204106B
:1027D0000CC0BF103AB0861817FABFE0170180107E
:1027E0000CC0BF103A9204103AB0861817FABFE036
:1027F000170180103A9604103AB0841815FDBFE016
:1028000017FABFE04300801005FEBFE003FCBFE005
:10281000580480101E30001003FEBFE02604001094
:1028200003FEBFE0260F001017FDBFE01E0D0010D5
:1028300017F8BFE01704C0101787A0D0260980182A
:10284000B441810004C6B210170E80104400C010BD
:10285000B441810004C6B210150EC01004F8BF00C8
:102860000650000003FEBFE0261B001017FDBFE06E
:102870002619001017FFBFE017068010032F8010E5
:10288000CC3F8010580080101E02001004F8BF00DA
:102890000644000017FDBFE02C00FC103400B80017
:1028A0001E04801817FABFE01701C0101787A0D0C8
:1028B0001E098018B441810004C6B210171180109F
:1028C0004400C010B441810004C6B2101511C010FC
:1028D00004F8BF000633000003FCBFE0A004801032
:1028E0001E03001003FCBFE0980580101E120010AC
:1028F00017FABFE01701C01017F8BFE017048010E7
:102900001E04801817FDBFE02C00FC103400B80036
:1029100026098018B441810004C6B210170F801038
:102920004400C010B441810004C6B210150FC0109D
:1029300004F8BF00061B000003FCBFE0E0058010A8
:102940001E0A001003FCBFE0A00580101E07001047
:1029500003FCBFE0580480101E11001017FABFE0FE
:1029600043008010CC3F8010260D001017F83FE187
:1029700080114150CC3F80101E090010B4418100ED
:1029800004C6B210171480104400C010B441810076
:1029900004C6B2101514C01004F8BF0006010000F0
:1029A0003A8805003A8837E01701C0DF170000DFDA
:1029B0000402C0DE3A2800F804FAFFDE1505C0DF85
:1029C000150400DF040400DF15FF3FE1B44181007E
:1029D00004BAB4101700801015FEBFE0063B0000DB
:1029E00017FEBFE00401C01017FEBFE0032F8010E8
:1029F000CC3F001117FEBFE0032F8010CC3F8010AA
:102A0000580080101E030010744181000441BB1067
:102A100006020000744181000442BB10150080D8FA
:102A20003A880F203A880D187441410104437B29EC
:102A300017FF3FE1C0F7235017FEBFE0032F8010C0
:102A4000CC3F8010980080101E19001017FEBFE0C8
:102A5000032D8010CC3F401117FEBFE0032D8010E6
:102A6000CC3F8010580080101E030010744181007C
:102A70000448BB100602000074418100044ABB10E8
:102A800017FEFFE0172EC018179520D1150100D9A9
:102A90001500C0D83A880F103A880D2874414101BA
:102AA000044C7B2917FF3FE1C0F7235006040000C8
:102AB0007441410104577B2917FF3FE1C0F72350C0
:102AC00017FEBFE01700801015FEBFE017FEBFE045
:102AD0001EC33F10B441810004C6B210170080101D
:102AE0001785E0D03A880F183A880D1074414101DB
:102AF00004587B2917FF3FE1C0F72350B441810000
:102B000004C6B210170180103A880D1074414101BB
:102B100004657B2917FF3FE1C0F72350B4418100D2
:102B200004C6B210170280103A880D10744141019A
:102B300004767B2917FF3FE1C0F72350B4418100A1
:102B400004C6B210170380103A880D107441410179
:102B500004827B2917FF3FE1C0F72350B441810075
:102B600004C6B210170480103A880D107441410158
:102B700004957B2917FF3FE1C0F72350B441810042
:102B800004C6B2101705C010B441810004C6B210CB
:102B9000170680103A880F103A880D1874414101C9
:102BA00004A67B2917FF3FE1C0F72350B441810001
:102BB00004C6B210170780103A880D107441410105
:102BC00004827B2917FF3FE1C0F72350B441810005
:102BD00004C6B210170880103A880D1074414101E4
:102BE00004B97B2917FF3FE1C0F72350B4418100AE
:102BF00004C6B210170980103A880D1074414101C3
:102C000004CA7B2917FF3FE1C0F72350B44181007C
:102C100004C6B2101717C010B441810004C6B21028
:102C2000171880103A880F103A880D187441410126
:102C300004D67B2917FF3FE1C0F72350B441810040
:102C400004C6B210171680103A880D107441410165
:102C500004E97B2917FF3FE1C0F72350B44181000D
:102C600004C6B210170A80103A880D107441410151
:102C700004F57B2917FF3FE1C0F72350B4418100E1
:102C800004C6B210170B80103A880D107441410130
:102C900004017C2917FF3FE1C0F72350B4418100B4
:102CA00004C6B210170CC010B441810004C6B210A3
:102CB000170D80103A880F103A880D1874414101A1
:102CC000040D7C2917FF3FE1C0F72350B441810078
:102CD00004C6B210170EC010B441810004C6B21071
:102CE000170F80103A880F103A880D18744141016F
:102CF00004217C2917FF3FE1C0F72350B441810034
:102D000004C6B210171180103A880D1074414101A9
:102D100004317C2917FF3FE1C0F72350B441810003
:102D200004C6B210171280103A880D107441410188
:102D3000043E7C2917FF3FE1C0F72350B4418100D6
:102D400004C6B210171380103A880D107441410167
:102D500004517C2917FF3FE1C0F72350B4418100A3
:102D600004C6B210171480103A880D107441410146
:102D700004627C2917FF3FE1C0F72350B441810072
:102D800004C6B210171080103A880D10744141012A
:102D900004747C2917FF3FE1C0F72350B441810040
:102DA00004C6B210171580103A880D107441410105
:102DB00004847C2917FF3FE1C0F723503A880500BF
:102DC0003A8837E01701C0DF170000DF0402C0DED9
:102DD0003A2800F804F4FFDE150BC0DF150A00DF07
:102DE000040A00DF15FD3FE115FE7FE115FFBFE19D
:102DF00017FDBFE004F8BF103A8885103A888510A7
:102E000015F7BFE0B441810004C3B31015F6BFE06D
:102E10000606000017F6FFE017F7BFE02606801849
:102E200017F6BFE01700801015F6BFE017F6BFE0F9
:102E30001EF83F10060100003A88010017F6FFE077
:102E400017F7BFE02603801800532550C4FFBF00CA
:102E50000624000017FEBFE02607001017FFBFE0A2
:102E60001E05001017F7BFE08403C0001506C01050
:102E7000C4FFBF00061B000004F9BFE017FFBFE15D
:102E80003A880B1017FD3FE18068285015F8BFE025
:102E900017F8BFE0E0FFBF101E11001017FEBFE0E3
:102EA000260F001017FFBFE017008010700480107D
:102EB0001E03001017FFBFE00404C0001500C0107F
:102EC00017FFBFE0170080103A88071004F9BFE031
:102ED0003A880D183A880B1017FE3FE14027025040
:102EE00017F8BFE03A8837E01701C0DF170000DFAE
:102EF0000402C0DE3A2800F804F3FFDE150CC0DF40
:102F0000150B00DF040B00DF15FD3FE115FE7FE12F
:102F100015FFBFE117FDBFE004F8BF103A88851028
:102F20003A88851015F6BFE0B441810004C3B310A0
:102F300015F5BFE00606000017F5FFE017F6BFE045
:102F40002606801817F5BFE01700801015F5BFE0C2
:102F500017F5BFE01EF83F10060100003A88010097
:102F600017F5FFE017F6BFE0260380180053255041
:102F7000C4FFBF000624000017FFBFE01E050010BD
:102F800017F6BFE08403C0001506C010C4FFBF00E1
:102F9000061D000017FFBFE01700801015FCBFE002
:102FA00004FCFFE004F8BFE03A880D183A880B10E3
:102FB00017FD3FE180B4285015F7BFE017F7BFE0D9
:102FC000E0FFBF101E0F001017FCBFE07004801060
:102FD0001E0200100404800015FCBFE017FCBFE0D7
:102FE0003A88071004F8BFE03A880D183A880B10A9
:102FF00017FE3FE14027025017FCFFE017FFBFE03C
:103000001500C01017F7BFE03A8837E01701C0DF9E
:10301000170000DF0402C0DE3A2800F804F3FFDEE8
:10302000150CC0DF150B00DF040B00DF15FD3FE1C1
:1030300015FE7FE115FFBFE117FDBFE004F8BF10EB
:103040003A8885103A88851015F6BFE0B4418100B2
:1030500004C3B31015F5BFE00606000017F5FFE046
:1030600017F6BFE02606801817F5BFE0170080109E
:1030700015F5BFE017F5BFE01EF83F100601000090
:103080003A88010017F5FFE017F6BFE02603801825
:1030900000532550C4FFBF000624000017FFBFE007
:1030A0001E05001017F6BFE08403C0001506C0100F
:1030B000C4FFBF00061D000017FFBFE0170080100F
:1030C00015FCBFE004FCFFE004F8BFE03A880D18EF
:1030D0003A880B1017FD3FE1C0B8285015F7BFE044
:1030E00017F7BFE0E0FFBF101E0F001017FCBFE096
:1030F000700480101E0200100404800015FCBFE064
:1031000017FCBFE03A88071004F8BFE03A880D18B2
:103110003A880B1017FE3FE14027025017FCFFE0F2
:1031200017FFBFE01500C01017F7BFE03A8837E07F
:103130001701C0DF170000DF0402C0DE3A2800F8E4
:1031400004FDFFDE150200DF040200DF15FE3FE193
:1031500015FF7FE117FFBFE02020C0101E340018CC
:103160004820C0101E1A00180803C0101E0E0018B8
:103170008802C0101E3600182001C0101E30001832
:103180004801C0101E030018E00080101E3400101B
:10319000063500002002C0101E29001860028010B1
:1031A0001E290010063000002004C0101E24001844
:1031B0004804C0101E030018880380101E2A001047
:1031C00006250000200880101E1D001006260000A5
:1031D000C801C4101E0A00184801C4101E160018A9
:1031E0002040C0101E1600181040C0101E1E0018EF
:1031F000C4FFBB10A80080101E1B001006100000AA
:103200008805C4101E0500180805C4101E06001805
:10321000480284101E14001006090000A005841046
:103220001E070010061000003A880500060F000077
:1032300004028000060D000084008000060B0000E0
:103240000401800006090000040180000607000058
:103250004400800006050000040280000603000010
:1032600004018000060100003A8805003A8837E032
:10327000170000DF0401C0DE3A2800F804F5FFDE85
:10328000150AC0DF150900DF040900DF15FC3FE166
:1032900015FD7FE115FEBFE115FFFFE117FCBFE063
:1032A00004F8BF103A8885103A88851015F9BFE0F8
:1032B000B441810004C3B31015F8BFE00606000056
:1032C00017F8FFE017F9BFE02606801817F8BFE0EF
:1032D0001700801015F8BFE017F8BFE01EF83F1088
:1032E000060100003A88010017F8FFE017F9BFE077
:1032F0002603801800532550C4FFBF00061D0000A0
:1033000017FE7FE117FD3FE1801A235015FABFE059
:10331000170280E026040010170280E01700C0109A
:1033200017FABFE00E05801817F9BFE08403C0004C
:103330001506C010C4FFBF00060E000017FABFE05C
:10334000150080D817FFFFE117FEBFE117FD7FE1F1
:1033500017FC3FE1C0F6285015FBBFE017FBBFE0AC
:103360001E030010170280E017FAFFE01500C010DE
:1033700017FBBFE03A8837E01701C0DF170000DF16
:103380000402C0DE3A2800F804F5FFDE1508C0DFAD
:10339000150700DF040700DF15FE3FE115FF7FE1A1
:1033A000150280E11503C0E117FEBFE004F8BF106D
:1033B0003A8885103A88851015FBBFE0B44181003A
:1033C00004C3B31015FABFE00606000017FAFFE0C9
:1033D00017FBBFE02606801817FABFE01700801021
:1033E00015FABFE017FABFE01EF83F100601000013
:1033F0003A88010017FAFFE017FBBFE026038018A8
:1034000000532550C4FFBF0006170000040280E0EF
:1034100015FCBFE017FFBFE0A0058410260E0010CA
:1034200017FCBFE00401C01015FCFFE0170080107E
:1034300015FDBFE004FDFFE004018000150080D809
:103440003A880F1884058401C4FF7F0117FE3FE10D
:10345000C0DA28500604000017FBBFE08405C00056
:103460001506C010C4FFBF003A8837E01701C0DF5F
:10347000170000DF0404C0DE3A2800F804FDFFDE78
:103480001502C0DF150100DF040100DF15FF3FE179
:1034900017FFBFE03A88091080BA23503A8837E016
:1034A0001701C0DF170000DF0402C0DE3A2800F871
:1034B00004F0FFDE150FC0DF150E00DF040E00DF85
:1034C00015FC3FE115FD7FE115FEBFE115FFFFE1B2
:1034D00015FB3FE017FCBFE004F8BF103A888510E9
:1034E0003A88851015F5BFE0B441810004C3B310DC
:1034F00015F4BFE00606000017F4FFE017F5BFE083
:103500002606801817F4BFE01700801015F4BFE0FE
:1035100017F4BFE01EF83F10060100003A880100D2
:1035200017F4FFE017F5BFE026038018005325507D
:10353000C4FFBF00062B0000170280E0260A00101F
:10354000170380E01E05001017F5BFE08403C000DC
:103550001506C010C4FFBF0006220000170380E05C
:103560001700801015FBBFE004FBBFE0150180D8F9
:1035700004F7BFE0150080D817FFFFE117FEBFE199
:1035800017FD7FE117FC3FE1801D295015F6BFE0D4
:1035900017F6BFE0E0FFBF101E110010170280E019
:1035A000260F001017FBBFE0700480101E020010F1
:1035B0000404800015FBBFE017FBBFE03A8807104A
:1035C00004F7BFE03A880D183A880B10170200E1A3
:1035D0004027025017FBFFE0170380E01500C010E2
:1035E00017F6BFE03A8837E01701C0DF170000DFA9
:1035F0000402C0DE3A2800F804F8FFDE1507C0DF39
:10360000150600DF040600DF15FC3FE115FD7FE134
:1036100015FEBFE115FFFFE1170280E0264B001009
:103620000419800015FBBFE017FBBFE010FA801003
:103630001E0E0010170280E017018010840C80100D
:10364000041940013A880910C07E10503A880710CA
:1036500017FBBFE03A38851804C449013A880910BD
:10366000C07E105015FABFE00631000017FBBFE026
:10367000101980101E0E0010170280E01701801034
:10368000047D801004FA40013A880910C07E105071
:103690003A88071017FBBFE03A38851804FA400152
:1036A0003A880910C07E105015FABFE006200000CD
:1036B00017FBBFE0900280101E0E0010170280E082
:1036C0001701801004E2841004C449013A880910EB
:1036D000C07E10503A88071017FBBFE03A388518B3
:1036E000041940013A880910C07E105015FABFE055
:1036F000060F0000170280E01701C01014D4B000BC
:103700003A888518B400400104A861293A88091054
:10371000C07E10503A88071017FBBFE03A38851872
:10372000840240013A880910C07E105015FABFE0AB
:10373000170280E0170080102419801017FAFFE0AC
:103740003A88851815FABFE006020000C4FFBF00E2
:1037500015FABFE017FAFFE117FFBFE117FE7FE19F
:1037600017FD3FE100C92C503A8837E01701C0DF50
:10377000170000DF0402C0DE3A2800F804F7FFDE7D
:103780001508C0DF150700DF040700DF15FC3FE167
:1037900015FD7FE115FEBFE115FFFFE117FCBFE05E
:1037A00004F8BF103A8885103A88851015FBBFE0F1
:1037B000B441810004C3B31015FABFE0060600004F
:1037C00017FAFFE017FBBFE02606801817FABFE0E4
:1037D0001700801015FABFE017FABFE01EF83F107F
:1037E000060100003A88010017FAFFE017FBBFE06E
:1037F0002603801800532550C4FFBF0006120000A6
:1038000017FE7FE117FD3FE1801A23503A88071029
:10381000170280E00E05C01017FBBFE08403C00054
:103820001506C010C4FFBF0006070000170280E0A5
:10383000150080D817FFFFE117FEBFE117FD7FE1FC
:1038400017FC3FE1C0DA28503A8837E01701C0DFA3
:10385000170000DF0402C0DE3A2800F804FAFFDE99
:10386000150500DF040500DF15FE3FE115FF7FE1D0
:1038700017FEBFE015FBBFE015FC3FE017FFBFE000
:1038800015FDBFE00608000017FBBFE08400C01074
:1038900015FBFFE00B008010CCFFBF1017FCFFE012
:1038A0003A88851815FCBFE017FDBFE0C4FFBF10C4
:1038B00015FDBFE017FDBFE00EF33F1017FCBFE0A2
:1038C000CCFFFF1017FCBFE03AD404103A888518EB
:1038D00015FCBFE017FCBFE0CCFFFF1017FCBFE0FA
:1038E0003AD404103A88851815FCBFE017FCBFE0F5
:1038F0003A8837E0170000DF0401C0DE3A2800F8FC
:1039000004FCFFDE1503C0DF150200DF040200DF48
:1039100015FE3FE115FF7FE1172FA0D0A00080101A
:103920001E04001017FF7FE117FE3FE1408C23507B
:103930000603000017FF7FE117FE3FE1C039255065
:103940003A8837E01701C0DF170000DF0402C0DE4D
:103950003A2800F804FEFFDE1501C0DF150000DF85
:103960003A8839D8005325503A8805003A8837E01C
:103970001701C0DF170000DF0402C0DE3A2800F89C
:1039800004FEFFDE150100DF040100DF15FF3FE14B
:103990000603000017FFBFE04400801015FFBFE0E2
:1039A00017FFBFE003008010CC3F80101C20801068
:1039B00004E0BF10480880101EF63F100603000008
:1039C00017FFBFE04400801015FFBFE017FFBFE006
:1039D00003008010CC3F80101C20801004E0BF103A
:1039E000200880101EF63F1017FFBFE03A8837E02E
:1039F000170000DF0401C0DE3A2800F804F8FFDEFB
:103A00001507C0DF150600DF040600DF15FD3FE1E6
:103A100015FE7FE115FFBFE117FEBFE015FABFE01D
:103A2000063F000015FB3FE0060D000017FAFFE01F
:103A300017FBBFE03A88851803008010CC3F801048
:103A40003A880D107441410104947C2917FD3FE12F
:103A5000C0F7235017FBBFE04400801015FBBFE008
:103A600017FBBFE0280480101E03001017FBFFE0C7
:103A700017FFBFE036EDBF1815FB3FE0061600004C
:103A800017FAFFE017FBBFE03A88851803008010A3
:103A900005FCBFE007FCBFE0100880101E05001009
:103AA00007FCBFE0E01F80101E02001007FCBFE013
:103AB00006010000840B80003A880D10744141011A
:103AC00004967C2917FD3FE1C0F7235017FBBFE0A8
:103AD0004400801015FBBFE017FBBFE028048010F6
:103AE0001E03001017FBFFE017FFBFE036E4BF180E
:103AF0007441410104977C2917FD3FE1C0F7235031
:103B000017FFFFE017FBBFE03AC8851815FFBFE0BD
:103B100017FAFFE017FBBFE03A88851815FABFE0F7
:103B200017FFBFE01EBF3F103A8801003A8837E018
:103B30001701C0DF170000DF0402C0DE3A2800F8DA
:103B400004FAFFDE1505C0DF150400DF040400DF02
:103B500015FF3FE117FFBFE015FEBFE003FEBFE02A
:103B6000CC3F001143FEBFE0CC3F401183FEBFE0DD
:103B7000CC3F8010C3FEFFE0CC3FC0181501C0D879
:103B8000150080D83A880F283A880D2074414101E9
:103B900004987C29B441010184E33221C0A702507A
:103BA000B441810084E3B2103A8837E01701C0DFE6
:103BB000170000DF0402C0DE3A2800F804F8FFDE38
:103BC0001507C0DF150600DF040600DF15FF3FE123
:103BD00017FFBFE0041940013A880910408E1050C9
:103BE00015FFBFE017FFBFE0040F40013A8809103E
:103BF0008094105015FCBFE017FFBFE0040F400198
:103C00003A880910408E105015FFBFE017FFBFE043
:103C1000040F40013A8809108094105015FDBFE050
:103C200017FFBFE0040F40013A880910408E105082
:103C300015FFBFE017FFBFE0040640013A880910F6
:103C40008094105015FEBFE017FFBFE0040640014E
:103C50003A880910408E105015FFBFE017FFBFE0F3
:103C6000260C001017FCBFE0150180D817FDBFE03F
:103C7000150080D817FEFFE117FFBFE17441410135
:103C8000049B7C297441010104601421C0A70250E7
:103C90000613000017FEBFE0260A001017FCBFE065
:103CA000150080D817FDFFE117FEBFE17441410107
:103CB00004A17C297441010104601421C0A70250B1
:103CC0000607000017FCFFE117FDBFE17441410149
:103CD00004A67C297441010104601421C0A702508C
:103CE00074418100046094103A8837E01701C0DF06
:103CF000170000DF0402C0DE3A2800F804FDFFDEF2
:103D00001502C0DF150100DF040100DF15FF3FE1F0
:103D100017FF7FE17441010104AB3C214070025068
:103D20000053255044000001C0063F503A8801006E
:103D30003A8837E01701C0DF170000DF0402C0DE59
:103D40003A2800F804FBFFDE150400DF040400DF5E
:103D500015FE3FE13A88052805FFBFE0B441810028
:103D600004DFB21015FDBFE015FC3FE0063F000088
:103D700017FEBFE003008010CC3F80103AD1041042
:103D8000040C80103A88071017FDBFE00500C01032
:103D900017FDBFE003008010CC3F80101C20801076
:103DA00004E0BF10900E80101E06001017FDBFE04B
:103DB00003008010C40180103A88071017FDBFE08F
:103DC0000500C01017FDBFE04400801015FDBFE0E6
:103DD00017FEBFE003008010CC038010040C80109D
:103DE0003A88071017FDBFE00500C01017FDBFE0BF
:103DF00003008010CC3F80101C20801004E0BF1016
:103E0000900E80101E06001017FDBFE0030080100A
:103E1000C40180103A88071017FDBFE00500C010EC
:103E200017FDBFE04400801015FDBFE007FFBFE0B5
:103E30002608001017FCBFE0480180101E05001086
:103E400017FDBFE04400C01015FDFFE003FFFFE0D9
:103E50000500C01017FEBFE04400801015FEBFE053
:103E600017FCBFE04400801015FCBFE017FCBFE06A
:103E7000900180101EBE3F1017FDBFE0050000102E
:103E8000B441810004DFB2103A8837E0170000DF48
:103E90000401C0DE3A2800F804FDFFDE150200DF51
:103EA000040200DF15FF3FE117FFBFE015FEBFE092
:103EB000060D000017FEBFE003008010CC3F80100D
:103EC0001C20801004E0BF10181780101E03001083
:103ED00017FEBFE0C40BC0000500C01017FEBFE016
:103EE0004400801015FEBFE017FEBFE00300801005
:103EF000CC3F80101C20801004E0BF101EED3F104E
:103F000017FFBFE03A8837E0170000DF0401C0DE8A
:103F10003A2800F804F3FFDE150AC0DF150900DFB8
:103F2000150840DC150700DC040900DF15FC3FE143
:103F300015FD7FE1150280E11503C0E115F83FE0B2
:103F40000427800015F7BFE017FCBFE015F9BFE0BC
:103F500017F9BFE01E090010040280E015FBBFE066
:103F600017FBBFE03A880B1017FD3FE140354C507E
:103F700015FABFE017FABFE0063B000017F9BFE0F3
:103F8000170180101E020010C4FFBF00063600009B
:103F900017FD3FE1402C035015FABFE017FABFE0D0
:103FA000102780101E04001017F7FFE017FABFE07B
:103FB0003A88851815F7BFE017F7BFE03A8809106F
:103FC0008010265015F8BFE017F8BFE01E02001061
:103FD00084FFBF0006240000040280E015FBBFE060
:103FE00017FBBFE03A880D1017FD7FE117F83FE19E
:103FF000003D4C5015FABFE017F83FE1402C03504C
:104000003A88071017F7BFE00E08C010744101018D
:1040100004AE3C2140D6235017F7BFE0C4FFBF10C9
:1040200017F8FFE03A8885180500001017F9BFE07F
:104030001701001417F9BFE01702401417F83FE109
:10404000402C03503A880D1017F87FE13A88098810
:104050003AE83E8015FABFE017F83FE1C01326505A
:104060008078245017FABFE004FEFFE61703C0DF94
:10407000170200DF170140DC170000DC0406C0DE79
:104080003A2800F804FBFFDE1504C0DF150300DF4B
:10409000040300DF15FD3FE115FE7FE115FFBFE1E1
:1040A00017FE7FE17441010104B53C2140700250CC
:1040B00017FFBFE03A8837E01701C0DF170000DFC5
:1040C0000402C0DE3A2800F804FAFFDE1505C0DF5E
:1040D000150400DF040400DF15FE3FE115FF7FE15A
:1040E00017FEBFE015FCBFE017FFBFE0040540016D
:1040F0003A880910008710501E23001017FCBFE0FB
:104100002621001017FCBFE017038010261E0010A8
:104110007441410104B67C2917FC3FE1C0F72350EC
:1041200017FCBFE01703801017FCFFE01702C01850
:104130003A8809183AE83E1015FDBFE017FDBFE0C8
:104140001E0100108078245017FDBFE026F43F10B8
:1041500017FDBFE0D8FFBF101E0200104400800012
:10416000060A00007441410104977C2917FC3FE1D5
:10417000C0F7235017FDBFE0D80680101E020010C4
:1041800044008000060100003A8805003A8837E0C4
:104190001701C0DF170000DF0402C0DE3A2800F874
:1041A00004F7FFDE1508C0DF150700DF040700DF96
:1041B00015FD3FE115FE7FE115FFBFE117FDBFE0F3
:1041C00015FABFE015FB3FE017FFBFE01500001038
:1041D00017FDBFE01E0200103A880500066C0000C3
:1041E00017FD3FE1402C035015FCBFE017FCBFE07A
:1041F000160280003A8805000665000017FEBFE041
:104200003A8885103A8885103A880910801026501F
:1042100015FBBFE017FBBFE01E0500103A88050044
:10422000065B000017FABFE04400801015FABFE0FB
:1042300017FABFE003008010CC3F80101C208010D4
:1042400004E0BF10200880101EF63F10063000006A
:1042500017FFBFE0170080103A8885103A88851054
:104260003A88071017FBBFE03A88C51017FAFFE03D
:104270001500C01017FFBFE0170080104400C010E9
:1042800017FFBFE01500C0100603000017FABFE0DB
:104290004400801015FABFE017FABFE00300801059
:1042A000CC3F80101C20801004E0BF10200880103C
:1042B0001E0A001017FABFE003008010CC3F8010E8
:1042C0001C20801004E0BF101EF03F100603000009
:1042D00017FABFE04400801015FABFE017FABFE0FC
:1042E00003008010CC3F80101C20801004E0BF1021
:1042F000180880101E06001017FABFE00300801097
:10430000CC3F80101C20801004E0BF101EF03F1036
:1043100017FABFE003008010CC3F80101C208010F3
:1043200004E0BF102604001017FFBFE01700C01004
:1043300017FEBFE016C6BF1815F93FE006100000D3
:1043400017F9BFE017FDFFE03A88851803008010D9
:10435000CC3F80101C20801004E0BF101808801093
:104360001E04001017F9BFE017FDFFE03A8885181A
:104370000500001017F9BFE04400801015F9BFE0F8
:1043800017F9FFE017FCBFE016EDBF1817FBBFE001
:104390003A8837E01701C0DF170000DF0402C0DEF3
:1043A0003A2800F804FEFFDE1501C0DF150000DF2B
:1043B0003A8839D884000001C0A31A503A88010015
:1043C0003A8837E01701C0DF170000DF0402C0DEC3
:1043D0003A2800F804FCFFDE1503C0DF150200DFF9
:1043E000040200DF15FF3FE117FFBFE0030080106C
:1043F000CC3F80103A88091000331A5005FEBFE008
:1044000003FEBFE0260A001003FEBFE0201180106B
:104410001E0700107441010104C23C218098025023
:10442000005325507441010104CF3C2140D6235054
:104430003A8801003A8837E01701C0DF170000DF33
:104440000402C0DE3A2800F804FBFFDE1504C0DFDA
:10445000150300DF040300DF15FF3FE115FD3FE01A
:1044600006470000B44181000471B31017FDFFE05E
:104470002403C0183A88C51004018010170080106A
:104480001E3C0010B44181000471B31017FDFFE021
:104490002403C0183A88C5100401801017FFFFE0FC
:1044A0001500C0101795E0D0B44181000471B3101D
:1044B00017FD3FE1240300213A8805111500C010C3
:1044C0001794E0D017FDBFE00E02801817FDBFE083
:1044D0001594A0D01790A0D0440080101590A0D0C3
:1044E0003A88090000872550B44181000471B31057
:1044F00017FDFFE02403C0183A88C510040280109D
:104500001700801004FEFFE03A880D1804194001DE
:104510003A88091080C3185003FEBFE0CC3F8010DA
:10452000980280101E1000101789A0D0440080103F
:104530001589A0D0B44181000471B31017FDFFE0CC
:104540002403C0183A88C51015000010B44181003A
:104550000471B31017FDFFE02403C0183A88C5109A
:1045600004018010150000103A880900C07A255017
:10457000060D000017FDBFE04400801015FDBFE0F0
:1045800017FDBFE0100580101EB63F1017FDBFE0FD
:104590001594A0D03A8809000087255080782450CF
:1045A0003A880900C07A25503A8837E01701C0DF01
:1045B000170000DF0402C0DE3A2800F804FCFFDE2A
:1045C0001503C0DF150200DF040200DF15FF3FE125
:1045D000C016145015FE3FE0062C0000B4418100C7
:1045E0000471B31017FEFFE02403C0183A88C51009
:1045F0001700801026220010B44181000471B3100E
:1046000017FEFFE02403C0183A88C510040180108B
:104610001700C01017FFBFE01E198018B4418100B9
:104620000471B31017FEFFE02403C0183A88C510C8
:1046300004028010170080103A88091000FB1850FF
:10464000B44181000471B31017FEFFE02403C018C9
:104650003A88C51015000010B44181000471B310F0
:1046600017FEFFE02403C0183A88C510040180102B
:10467000150000101791A0D0440080101591A0D013
:1046800017FEBFE04400801015FEBFE017FEBFE03C
:10469000100580101ED13F10801F14503A88010071
:1046A0003A8837E01701C0DF170000DF0402C0DEE0
:1046B0003A2800F804E2FFDE151DC0DF151C00DFFC
:1046C000041C00DF04E5BFE03A880B10C43F000182
:1046D000808A1A5005E4BFE003E4BFE01E04001026
:1046E00083F1BFE045E4BFE043E4BFE0060700001C
:1046F0007441010104D33C21407002507441010116
:1047000004E03C2140D623503A8805003A8837E03F
:104710001701C0DF170000DF0402C0DE3A2800F8EE
:1047200004FEFFDE1501C0DF150000DF3A8839D82E
:1047300044000001C0A31A503A8801003A8837E0CB
:104740001701C0DF170000DF0402C0DE3A2800F8BE
:1047500004EFFFDE1510C0DF150F00DF040F00DFD0
:1047600015FF3FE17441410104E47C2917FF3FE15B
:10477000C0F723501770A0D03A880D107441410142
:1047800004EA7C2917FF3FE1C0F72350744141013F
:1047900004F27C2917FF3FE1C0F7235015F23FE0F8
:1047A00006540000B44181000400B11017F2FFE08C
:1047B0003A88C7183A88C7183A88C5101700801079
:1047C00015F4BFE017F4BFE02646001017F4BFE071
:1047D000580080102643001017F4BFE0830C8010AF
:1047E000CC3F801044FE3FE104F6FFE03A880D2004
:1047F0003A880B183A88091040FE195017F4BFE0A8
:10480000830C8010CC3F001117F4BFE0030C801024
:10481000CC3F801004F6FFE0150080D83A880F20C6
:104820003A880D187441410104027D2917FF3FE1C8
:10483000C0F7235017F4BFE01702801026240010A1
:1048400017F4BFE0170380102621001017F4BFE013
:10485000170280100401801015F3BFE0060300006A
:1048600017F3BFE00401801015F3BFE017F3BFE0BA
:104870001700801026FA3F1017F4BFE017038010CE
:1048800017F3FFE017F43FE1170200213AC80719B8
:10489000BAD007183AC8C5103A8885103A888510EA
:1048A00015F5BFE017F4BFE0170380103A888510B4
:1048B0003A88851017F5FFE13A880D1074414101DF
:1048C000040A7D2917FF3FE1C0F7235006060000C8
:1048D00074414101040E7D2917FF3FE1C0F72350C9
:1048E000060100003A88010017F2BFE04400801082
:1048F00015F2BFE017F2BFE0500580101EA93F106F
:104900001790A0D01791E0D03A880F183A880D1070
:104910007441410104127D2917FF3FE1C0F7235084
:104920001794A0D01789E0D03A880F183A880D1054
:1049300074414101041E7D2917FF3FE1C0F7235058
:104940003A8805003A8837E01701C0DF170000DF1A
:104950000402C0DE3A2800F804F8FFDE1507C0DFC5
:10496000150600DF040600DF1732E0D01730A0D0B4
:104970003A88851815FDBFE005FE3FE015FA3FE0D7
:10498000067A0000040D00018010265015FFBFE0DC
:1049900017FFBFE02684001017FABFE0300F801029
:1049A0001E05001074410101042C3D218098025025
:1049B000C4FFBF00068A0000B441810004F1B210B8
:1049C00017FAFFE03A88C7183A88C7183A88C5101E
:1049D00017FFFFE01500C01017FFBFE0150500101E
:1049E0001732A0D017FAFFE02E2F80181733A0D06F
:1049F000440180103A880910C01726503A880710E1
:104A000017FFBFE01501C01017FFBFE017018010AE
:104A10002667001015FB3FE00609000017FFBFE006
:104A20001701C01017FBBFE03A8885184413C00077
:104A30000500C01017FBBFE04400801015FBBFE06D
:104A400017FBBFE0100180101EF43F1017FFBFE0FE
:104A50001701C0101733A0D0040180103A888518C0
:104A60004413C0000500C01017FFBFE017018010FD
:104A70000401C01017FFBFE01501C01017FFBFE011
:104A800017018010264C00101733E0D017FFBFE04D
:104A90001502C01017FF7FE1B4410101042D33213D
:104AA000C01E2550062E00001731A0D044018010F2
:104AB0003A880910C01726503A88071017FFBFE040
:104AC0001501C01017FFBFE017018010263C001031
:104AD00015FC3FE00609000017FFBFE01701C010FA
:104AE00017FCBFE03A8885184413C0000500C010C9
:104AF00017FCBFE04400801015FCBFE017FCBFE0CE
:104B0000100180101EF43F1017FFBFE01701C01006
:104B10001731A0D0040180103A8885184413C000D2
:104B20000500C01017FFBFE0170180100401C0107E
:104B300017FFBFE01501C01017FFBFE0170180107D
:104B4000262100101731E0D017FFBFE01502C0107A
:104B500017FF7FE1B441010104E83221C01E255056
:104B600017FABFE04400801015FABFE017FAFFE023
:104B700017FDBFE03683BF181732A0D03A88071060
:104B8000B4418100042DB3101504C0101730A0D01B
:104B90003A880710B441810004E8B2101504C0102F
:104BA0003A880500060E00003A880100060700005A
:104BB0003A880100060500003A880100060300005B
:104BC0003A880100060100003A88010017FA7FE1E7
:104BD0007441010104313D2140700250C4FFBF0007
:104BE0003A8837E01701C0DF170000DF0402C0DE9B
:104BF0003A2800F804FCFFDE1503C0DF150200DFD1
:104C0000040200DF15FF3FE11733E0D017FFBFE0DC
:104C10002E0280183A880500062200001731E0D0E5
:104C200017FFBFE036048018B441810004E8B210D9
:104C3000170280101E050010B4410101042D33211C
:104C40004013255015FEBFE006040000B4410101E9
:104C500004E832214013255015FEBFE017FEBFE0E7
:104C60001E0200103A880500060E000017FEBFE085
:104C7000170180101780E0D03A88C71017FEBFE0F8
:104C80001503C01017FEBFE01504001017FEBFE0AB
:104C90001506001017FEBFE04400C0001509C01043
:104CA00017FEBFE03A8837E01701C0DF170000DFCA
:104CB0000402C0DE3A2800F804FBFFDE1504C0DF62
:104CC000150300DF040300DF15FF3FE117FFBFE01E
:104CD00017008010260E001017FFBFE01709801084
:104CE000260B001080702550B441810004EDB210F5
:104CF000170380104400C010B441810004EDB210CD
:104D00001503C01080762550C4FFBF000688000040
:104D100017FFBFE01702C0101733A0D01E20801865
:104D200080702550B4418100042DB310170080100D
:104D300015FDBFE00616000017FDFFE017FFBFE0FE
:104D40001E10801817FF7FE174410101043C3D21D2
:104D5000407002508076255080702550B44181000B
:104D600004EDB210170280104400C010B44181005D
:104D700004EDB2101502C01080762550C4FFBF00AC
:104D8000066B000017FDBFE01700801015FDBFE0A7
:104D900017FDBFE01EE83F1080762550062F00006B
:104DA00017FFBFE01702C0101731A0D01E208018D7
:104DB00080702550B441810004E8B21017008010C3
:104DC00015FDBFE00616000017FDFFE017FFBFE06E
:104DD0001E10801817FF7FE17441010104463D2138
:104DE000407002508076255080702550B44181007B
:104DF00004EDB210170280104400C010B4418100CD
:104E000004EDB2101502C01080762550C4FFBF001B
:104E10000647000017FDBFE01700801015FDBFE03A
:104E200017FDBFE01EE83F1080762550060B0000FE
:104E300080702550B441810004EDB210170080103D
:104E40004400C010B441810004EDB2101500C01040
:104E500080762550C4FFBF000635000004018000A5
:104E600015FEBFE00619000017FFBFE01701C010D4
:104E700017FEBFE03AC885003A8885180300801005
:104E8000CC3F80101C20801004E0BF106013801005
:104E90001E0B001080702550B441810004EDB2104B
:104EA000170180104400C010B441810004EDB2101D
:104EB0001501C01080762550C4FFBF00061C0000FD
:104EC00017FEBFE0C4FFBF1015FEBFE017FEBFE036
:104ED00016E5BF0017FFBFE01701C01017FFBFE0C6
:104EE000170280103A88851803008010CC3F80108C
:104EF0001C20801004E0BF10601380101E0B0010F7
:104F000080702550B441810004EDB210170180106B
:104F10004400C010B441810004EDB2101501C0106E
:104F200080762550C4FFBF00060100003A880500C6
:104F30003A8837E01701C0DF170000DF0402C0DE47
:104F40003A2800F804FCFFDE1503C0DF150200DF7D
:104F5000040200DF15FF3FE117FF3FE100D22450BC
:104F600015FEBFE017FEBFE01E19001017FFBFE0DF
:104F700017098010C4FF3F1117FFFFE01509001942
:104F8000B00080102614001017FFBFE01702C010F9
:104F90001733A0D01E05801817FF7FE1B44101012F
:104FA000042D3321C01E2550060C000017FFBFE062
:104FB0001702C0101731A0D01E08801817FF7FE11C
:104FC000B441010104E83221C01E2550060300004F
:104FD0003A880100060100003A8801003A8837E06B
:104FE0001701C0DF170000DF0402C0DE3A2800F816
:104FF00004FFFFDE150000DF3A8839D81733A0D050
:105000003A8837E0170000DF0401C0DE3A2800F8D4
:1050100004F9FFDE1506C0DF150500DF040500DF1B
:1050200015FF3FE184000001C07A255080702550B3
:10503000B441810004EDB2101700C01015FBFFE071
:105040001701C01015FCFFE01702C01015FDFFE0AE
:105050001703801015FEBFE0807625508400000104
:10506000008725507441410104507D2917FF3FE11D
:10507000C0F7235017FBBFE017FCFFE03A880F187A
:105080003A880D107441410104597D2917FF3FE111
:10509000C0F7235017FDBFE017FEFFE03A880F1856
:1050A0003A880D107441410104667D2917FF3FE1E4
:1050B000C0F723503A8805003A8837E01701C0DF6F
:1050C000170000DF0402C0DE3A2800F804FCFFDE0F
:1050D0001503C0DF150200DF040200DF15FF3FE10A
:1050E0008070255017FFBFE01700801015FEBFE04D
:1050F00017FEBFE01E030010807625503A88050099
:10510000061B000017FEBFE01700C01017FFBFE02E
:105110001500C01017FEBFE01500001017FFBFE01C
:10512000170080101E02001017FFBFE015010010CD
:1051300017FFBFE017028010C4FFFF1017FFBFE08A
:105140001502C01017FFBFE01702C01017FFBFE025
:10515000170480100E04801817FFBFE01702C0105C
:1051600017FFBFE01504C0108076255017FEBFE082
:105170003A8837E01701C0DF170000DF0402C0DE05
:105180003A2800F804FCFFDE1503C0DF150200DF3B
:10519000040200DF15FE3FE115FF7FE1807025501E
:1051A00017FFBFE01500001017FEBFE017008010CA
:1051B0001E04001017FEBFE017FFFFE01500C0102F
:1051C0000604000017FEBFE01701801017FFFFE084
:1051D0001500C01017FEBFE017FFFFE01501C0105B
:1051E00017FEBFE0170280104400C01017FEBFE09A
:1051F0001502C01017FEBFE01702801017FEFFE077
:105200001703C0180E04801817FEBFE01702C01065
:1052100017FEBFE01503C010807625503A880100C4
:105220003A8837E01701C0DF170000DF0402C0DE54
:105230003A2800F804FAFFDE1505C0DF150400DF88
:10524000040400DF15FE3FE115FF7FE1807025506B
:1052500017FEBFE01700801015FCBFE015FD3FE012
:10526000062B000017FCFFE017FFBFE01E2380188D
:1052700017FDBFE02605001017FCBFE01700C010A7
:1052800017FDBFE01500C0100604000017FCBFE0CA
:105290001700C01017FEBFE01500C01017FEBFE0DA
:1052A0001701C01017FFBFE01E03801817FEBFE0F4
:1052B00017FDFFE01501C01017FEBFE017028010B8
:1052C000C4FFFF1017FEBFE01502C01017FEBFE0BD
:1052D0001702C01017FEBFE0170480100E048018DC
:1052E00017FEBFE01702C01017FEBFE01504C01084
:1052F0008076255017FFBFE00609000017FCBFE0CD
:1053000015FDBFE017FCBFE01700801015FCBFE0E3
:1053100017FCBFE01ED33F10807625503A88050069
:105320003A8837E01701C0DF170000DF0402C0DE53
:105330003A2800F83A8805000E6240013A880D00CC
:105340008C00C020260300180B0080208400002160
:10535000C4FF7F29B440C102043AD55A4C00402A08
:105360007AD00B28CC03802ABA9014503A8809517D
:10537000BA9014503AC8975A3A680058041000215D
:1053800017F0FF213A8885383A80D1113A888D414B
:1053900017F1FF213A8885383A80D1113A888D413A
:1053A00017F2FF213A8885383A80D1113A888D4129
:1053B00017F3FF213A8885383A80D1113A888D4118
:1053C00017F4FF213A8885383A80D1113A888D4107
:1053D00017F5FF213A8885383A80D1113A888D41F6
:1053E00017F6FF213A8885383A80D1113A888D41E5
:1053F00017F7FF213A8885383A80D1113A888D41D4
:1054000017F8FF213A8885383A80D1113A888D41C2
:1054100017F9FF213A8885383A80D1113A888D41B1
:1054200017FAFF213A8885383A80D1113A888D41A0
:1054300017FBFF213A8885383A80D1113A888D418F
:1054400017FCFF213A8885383A80D1113A888D417E
:1054500017FDFF213A8885383A80D1113A888D416D
:1054600017FEFF213A8885383A80D1113A888D415C
:1054700017FFFF213A8885383A80D1113A888D414B
:1054800004FC7F290EBD3F28260400480B00C021E4
:105490003A8885383A80D1113A888D413AD40E1035
:1054A000CCFFBF103A8885383A8885303AD40E1040
:1054B000CCFFBF103A8885383AD40E10CCFFBF100D
:1054C0003A8885383A2800F804FEFFDE1501C0DF6F
:1054D000150000DF3A8839D87441010104723D217A
:1054E000809802503A8801003A8837E01701C0DFFF
:1054F000170000DF0402C0DE3A2800F804FDFFDEDA
:105500001502C0DF150100DF040100DF178DA0D0F8
:105510001E0B001004009001040140013A880900AC
:10552000C08D3A50260400107441010104793D21D8
:10553000809802500053255044008000158DA0D063
:105540001734A0D0D8FFBF101E0B00101702A0D038
:10555000170180103A880910C01E025015FFBFE0E5
:1055600017FFBFE00E0200103A8805000603000096
:1055700017FFBFE01534A0D0440080003A8837E020
:105580001701C0DF170000DF0402C0DE3A2800F870
:1055900004FDFFDE1502C0DF150100DF040100DF9E
:1055A0001734A0D0E0FFBF101E0500101734A0D0A4
:1055B00015FFBFE0C4FFBF001534A0D006050000F2
:1055C0001702A0D0170180103A880910C01E02509F
:1055D00015FFBFE017FFBFE03A8837E01701C0DFD3
:1055E000170000DF0402C0DE3A2800F804FFFFDEE7
:1055F000150000DF3A8839D804198000158FA0D033
:10560000158E20D0159520D044008000158AA0D09A
:105610003A8801003A8837E0170000DF0401C0DE55
:105620003A2800F804FFFFDE150000DF3A8839D879
:105630003A8801003A8837E0170000DF0401C0DE35
:105640003A2800F804FFFFDE150000DF3A8839D859
:10565000178AA0D0260D0010178EA0D00419801034
:10566000158EA0D0178EE0D0178FA0D01607801807
:105670001795A0D0440080101595A0D0178EE0D0CB
:10568000178FA0D03AC88518158EA0D03A8801008F
:105690003A8837E0170000DF0401C0DE3A2800F83E
:1056A00004FDFFDE150200DF040200DF3A300500D2
:1056B00015FFBFE017FFFFE084FFBF003A708418BA
:1056C0003A70011017FFBFE015FEBFE0178BA0D0A6
:1056D00044008010158BA0D0178BA0D058008010EC
:1056E0001E02001017FEBFE0158CA0D03A88010002
:1056F0003A8837E0170000DF0401C0DE3A2800F8DE
:1057000004FEFFDE150100DF040100DF178BA0D0CF
:10571000C4FFBF10158BA0D0178BA0D01E040010A3
:10572000178CA0D015FFBFE017FFBFE03A70011043
:105730003A8801003A8837E0170000DF0401C0DE34
:105740003A2800F804FBFFDE1504C0DF150300DF74
:10575000040300DF15FF3FE105FE3FE015FD3FE0DC
:1057600017FFBFE01622001017FFBFE008048010EB
:105770001E1F0010B441810004ADB31017FFFFE0FD
:105780003A88C7183A88C7183A88C5101700801099
:1057900004FEFFE03A880D183A880B003A88091099
:1057A00080C3185003FEBFE0CC3F801098028010E9
:1057B0001E0A001017FDBFE04400801015FDBFE079
:1057C00017FDBFE050FA80101E0400107441010163
:1057D000047D3D2140D623500606000003FEBFE0B5
:1057E000CC3F8010A00280101EE23F100601000096
:1057F000005325503A8837E01701C0DF170000DF5B
:105800000402C0DE3A2800F804FCFFDE1503C0DF06
:10581000150200DF040200DF15FF3FE105FE3FE057
:1058200017FFBFE01613001017FFBFE00804801039
:105830001E100010B441810004ADB31017FFFFE04B
:105840003A88C7183A88C7183A88C51017008010D8
:105850003A88091000FB185005FEBFE003FEBFE0C8
:10586000260500107441010104803D2140D62350DB
:1058700006010000005325503A8801003A8837E0BD
:105880001701C0DF170000DF0402C0DE3A2800F86D
:1058900004EEFFDE1511C0DF151000DF041000DF7D
:1058A00015FF3FE117FFBFE0170480103A88091089
:1058B0008010265015F5BFE017F5BFE01E0300105D
:1058C0007441010104833D2140D6235017FFBFE0FE
:1058D0001702001217FFBFE017048010BAD006109D
:1058E00034009000C4FFBF103A8885183A888510AC
:1058F0003A8885103A88071017F5BFE03A88CB1030
:1059000017FFBFE017038010CC3F801117FFBFE0E7
:1059100017038010CCFFBF1017FFFFE01704C0185B
:10592000BAD00618C4000001150400D9150300D828
:105930001502C0D817F5FFE01501C0D8150080D8B2
:105940003A880F303A880D283A880B003A88094087
:10595000C096195005F6BFE003F6BFE0CC3F8010BB
:10596000180A80101E1C001017FFBFE017038010DC
:10597000CC3F801044F63FE184F6FFE03A880D20EA
:105980003A880B183A88091040FE195045FE3FE04E
:1059900017FFBFE01701C01017FFBFE0170300118A
:1059A00017FFBFE01703801084F67FE1150080D851
:1059B0003A880F283A880D203A880B187441010163
:1059C00004863D214070025074410101049E3D2136
:1059D000809802500620000003F6BFE0CC3F801004
:1059E000980A80101E0E001017FFBFE01701C010AC
:1059F00017FFBFE0170380100405C0013A880D109F
:105A00003A880B187441010104C63D2140700250D0
:105A10007441010104E33D2180980250060E00000C
:105A200003F6BFE0CC3F8010260B001003F6BFE06A
:105A3000CC3FC01017FFBFE0170180103A880D104F
:105A40003A880B187441010104023E214070025053
:105A5000C4FFBF00061C000017FFBFE01703801043
:105A6000CC3FC01017FFBFE01701801004F63FE1E4
:105A70003A880D203A880B103A880918C0171A5036
:105A800017FFBFE017F5FFE01505C01017FFBFE0D7
:105A90001700801017FFFFE01703C0180500C010A3
:105AA00017FFBFE01701C01017FFBFE017038010FA
:105AB0003A880D103A880B187441010104103E21F8
:105AC000407002503A8805003A8837E01701C0DF7D
:105AD000170000DF0402C0DE3A2800F804FBFFDEF6
:105AE0001504C0DF150300DF040300DF15FF3FE1ED
:105AF00005FE3FE015FD3FE017FFBFE0A801801065
:105B00001E1F0010B441810004BDB31017FFFFE059
:105B10003A88C7183A88C7183A88C5101700801005
:105B200004FEFFE03A880D183A880B003A88091005
:105B300080C3185003FEBFE0CC3F80109802801055
:105B40001E0A001017FDBFE04400801015FDBFE0E5
:105B500017FDBFE050FA80101E04001074410101CF
:105B6000047D3D2140D623500606000003FEBFE021
:105B7000CC3F8010A00280101EE23F100601000002
:105B8000005325503A8837E01701C0DF170000DFC7
:105B90000402C0DE3A2800F804FCFFDE1503C0DF73
:105BA000150200DF040200DF15FF3FE117FFBFE031
:105BB000A80180101E100010B441810004BDB31074
:105BC00017FFFFE03A88C7183A88C7183A88C51007
:105BD000170080103A88091000FB185005FEBFE03E
:105BE00003FEBFE0260500107441010104803D2141
:105BF00040D6235006010000005325503A8801008A
:105C00003A8837E01701C0DF170000DF0402C0DE6A
:105C10003A2800F804FDFFDE1502C0DF150100DFA1
:105C2000040100DF44000001009218501597A0D035
:105C30001797A0D01E0300107441010104183E21E3
:105C400040D623503A880900009218501598A0D0E9
:105C50001798A0D01E03001074410101041F3E21BB
:105C600040D6235015FF3FE0061800004400000115
:105C7000009218503A880910B441810004ADB31065
:105C800017FFFFE03A88C7183A88C7183A88C51046
:105C900015000011B441810004ADB31017FFFFE0FF
:105CA0003A88C7183A88C7183A88C5101700801074
:105CB0001E0300107441010104263E2140D62350EA
:105CC00017FFBFE04400801015FFBFE017FFBFE0E3
:105CD000100480101EE53F1015FF3FE0061800007D
:105CE00044000001009218503A880910B441810024
:105CF00004BDB31017FFFFE03A88C7183A88C718E9
:105D00003A88C51015000011B441810004BDB310DC
:105D100017FFFFE03A88C7183A88C7183A88C510B5
:105D2000170080101E03001074410101042D3E2154
:105D300040D6235017FFBFE04400801015FFBFE09E
:105D400017FFBFE0900180101EE53F1015FF3FE0F8
:105D500006250000B44181000471B31017FFFFE075
:105D60002403C0183A88C51015000010B441810002
:105D70000471B31017FFFFE02403C0183A88C51060
:105D800004018010150000103A8809000092185094
:105D90003A880910B44181000471B31017FFFFE085
:105DA0002403C0183A88C5100402801015000011A1
:105DB000B44181000471B31017FFFFE02403C01841
:105DC0003A88C51004028010170080101E030010CE
:105DD0007441010104343E2140D6235017FFBFE037
:105DE0004400801015FFBFE017FFBFE010058010D2
:105DF0001ED83F10159420D03A8801003A8837E029
:105E00001701C0DF170000DF0402C0DE3A2800F8E7
:105E100004FFFFDE150000DF3A8839D884078000D0
:105E20001532A0D0840780001530A0D004808100F6
:105E30001533A0D0042080001531A0D0B4408100DB
:105E400004B9971015B2A0D03A8805003A8837E017
:105E5000170000DF0401C0DE3A2800F804FFFFDE6F
:105E6000150000DF3A8839D83A8805003A8837E0CB
:105E7000170000DF0401C0DE3A2800F804FDFFDE51
:105E80001502C0DF150100DF040100DF15FF3FE14F
:105E900017FF3FE140A3205015FFBFE017FFBFE011
:105EA0003A8837E01701C0DF170000DF0402C0DEC8
:105EB0003A2800F804F8FFDE1507C0DF150600DFFA
:105EC000040600DF15FE3FE115FF7FE117FFBFE08D
:105ED00026030010744181000484AF100602000004
:105EE000F44081000475931015FBBFE01797A0D014
:105EF00004FDFFE03A880D183A880B003A88091033
:105F000080C3185003FDBFE0CC3F80102616001060
:105F100015FA3FE00610000017FABFE04400C01079
:105F200015FAFFE050FA80101E05001074410101BF
:105F3000043C3E2140D623503A880500061B000051
:105F40001797A0D004FDFFE03A880D183A880B009F
:105F50003A88091080C3185003FDBFE0CC3F801081
:105F6000A00280101EEC3F1017FBBFE017FE3FE1C0
:105F70003AE83E1015FCBFE01797A0D03A88091008
:105F800000FB185005FDBFE017FCBFE01E0200102B
:105F90003A8805000605000017FEBFE13A880B00AD
:105FA00017FC3FE18051025017FCBFE03A8837E010
:105FB0001701C0DF170000DF0402C0DE3A2800F836
:105FC00004F9FFDE1506C0DF150500DF040500DF5C
:105FD00015FE3FE115FF7FE117FFBFE0260300102C
:105FE000744181000489AF1006020000F440810072
:105FF0000464931015FCBFE01797A0D004FDFFE0E8
:106000003A880D183A880B003A88091080C3185056
:1060100003FDBFE0CC3F80102615001015FB3FE0CC
:10602000060F000017FBBFE04400C01015FBFFE0A7
:1060300050FA80101E04001074410101043E3E21FC
:1060400040D62350061100001797A0D004FDFFE0B2
:106050003A880D183A880B003A88091080C3185006
:1060600003FDBFE0CC3F8010A00280101EED3F106A
:1060700017FCBFE017FE3FE13AE83E101797A0D0AB
:106080003A88091000FB185005FDBFE03A8837E058
:106090001701C0DF170000DF0402C0DE3A2800F855
:1060A00004FDFFDE1502C0DF150100DF040100DF83
:1060B00015FF3FE14400400117FF3FE1C0F12550CB
:1060C0003A8837E01701C0DF170000DF0402C0DEA6
:1060D0003A2800F804FDFFDE1502C0DF150100DFDD
:1060E000040100DF15FF3FE117FFBFE026030010AA
:1060F0004400400117FF3FE1800226503A8801002A
:106100003A8837E01701C0DF170000DF0402C0DE65
:106110003A2800F804FDFFDE1502C0DF150100DF9C
:10612000040100DF15FF3FE13A880B0017FF3FE154
:10613000C0F125503A8837E01701C0DF170000DFB3
:106140000402C0DE3A2800F804FDFFDE1502C0DFBD
:10615000150100DF040100DF15FF3FE117FFBFE07D
:10616000260300103A880B0017FF3FE180022650FB
:106170003A8801003A8837E01701C0DF170000DFD6
:106180000402C0DE3A2800F804FCFFDE1503C0DF7D
:10619000150200DF040200DF15FE3FE115FF7FE17D
:1061A00017FEBFE0A00080101E0300100053255012
:1061B0003A8805000613000017FFBFE05800801062
:1061C0001E0300107441810004FB9010060D0000B6
:1061D00017FFBFE0980080101E030010744181007B
:1061E000040191100607000017FFBFE0D8008010DF
:1061F0001E03001074418100040791100601000085
:106200003A8805003A8837E01701C0DF170000DF41
:106210000402C0DE3A2800F804FBFFDE1504C0DFEC
:10622000150300DF040300DF15FD3FE115FE7FE1EC
:1062300015FFBFE117FFBFE0D80080101E0400105B
:1062400017FF7FE117FD3FE1001F2650061E0000EB
:1062500017FEBFE0A001C0101E0400186004C010AB
:106260001E08001826100010060C000017FFBFE0E3
:1062700058008010260E0010005325503A88050063
:106280000611000017FFBFE098008010260A0010DA
:10629000005325503A880500060B00000053255096
:1062A0003A880500060800003A880100060300004D
:1062B0003A880100060100003A88010017FF7FE1DB
:1062C00017FD3FE1001F26503A8837E01701C0DF75
:1062D000170000DF0402C0DE3A2800F804FAFFDEEF
:1062E0001505C0DF150400DF040400DF15FE3FE1E3
:1062F00015FF7FE115FC3FE017FEBFE00E038000B5
:1063000017FEBFE0900380101E01001000532550BF
:1063100017FFBFE0260D001084000001C07A255051
:1063200017FFBFE0040E80103A880910C0C5245042
:1063300015FCBFE0840000010087255017FCBFE07A
:106340001E0200103A88050006410000B441010118
:1063500004DC33214013255015FDBFE017FDBFE0DD
:106360001E0A001017FCBFE0260600108400000182
:10637000C07A255017FC3FE1C0FA24508400000188
:10638000008725503A8805000631000017FDBFE060
:1063900017FEFFE01508C01017FFBFE01E07001032
:1063A00017FDBFE01501001017FDBFE01504001038
:1063B00017FDBFE0150500100615000017FDBFE032
:1063C00017FCFFE01501C01017FCBFE0170180109B
:1063D000040EC01017FCBFE01503C01017FCBFE08F
:1063E0001703C01017FDBFE01503C01017FDBFE075
:1063F0001703C01017FDBFE01504C01017FCBFE065
:106400001702801004F2FF1017FDBFE01505C01041
:1064100017FDBFE01502001017FDBFE015070010C3
:1064200017FDBFE01707C01017FDBFE01506C0102D
:10643000179BA0D044008010159BA0D017FD7FE1D2
:10644000B441010104D73321C01E255017FDBFE020
:106450003A8837E01701C0DF170000DF0402C0DE12
:106460003A2800F804FCFFDE1503C0DF150200DF48
:10647000040200DF15FF3FE1B441810004D7B310EF
:1064800017028010160380007441010104403E2170
:1064900040D6235017FFBFE0170880100E0480007D
:1064A00017FFBFE017088010900380101E0A00102D
:1064B00017FFBFE0170880101E040010005325507E
:1064C00017FFBFE01706801006230000744101018A
:1064D00004443E2140D6235017FFBFE0170680102A
:1064E00015FEBFE017FF7FE1B441010104D733215E
:1064F000C02925501E0300107441010104483E21AB
:1065000040D6235017FFBFE01508001017FFBFE06B
:10651000170180102608001084000001C07A255061
:1065200017FFBFE0170180103A880910C0FA245005
:106530008400000100872550179CA0D044008010E3
:10654000159CA0D017FF7FE1B441010104DC332189
:10655000C01E255017FEBFE03A8837E01701C0DFA4
:10656000170000DF0402C0DE3A2800F804FDFFDE59
:106570001502C0DF150100DF040100DF15FF3FE158
:106580000603000017FF3FE1C04C265015FFBFE097
:1065900017FFBFE01EFB3F103A8801003A8837E042
:1065A0001701C0DF170000DF0402C0DE3A2800F840
:1065B00004F7FFDE1508C0DF150700DF040700DF62
:1065C00015FD3FE115FE7FE115FFBFE117FFBFE0BD
:1065D0001E0200103A88050006AD000017FEBFE05D
:1065E0001605001017FFBFE00E18001017FFBFE0E0
:1065F000E0FFBF101E150010005325503A8805001B
:1066000006A3000017FDBFE01E0300100053255035
:106610003A880500069E000017FDBFE017028010B3
:106620003A88071017FEBFE0160BC01017FEFFE0F8
:1066300017FDBFE0170280103AC8851815FEBFE0AD
:1066400017FDBFE01706801015FDBFE017FEBFE085
:1066500016ECBF00060100003A88010015FB3FE080
:1066600017FBBFE015FABFE0067F000017FDBFE093
:106670001E05001074410101044C3E2140D62350F8
:106680003A8805000682000017FDBFE01702C0101F
:1066900017FEBFE03AC8851817FFFFE00E0180180B
:1066A0003A88051815FCBFE017FEBFE0CC0080104B
:1066B0001E05001017FDBFE017018010170980109C
:1066C000600080101E25001017FDBFE01708801025
:1066D00017FC7FE13A8809104034265015F9BFE0D5
:1066E00017F9BFE02664001017F9BFE01703001187
:1066F00017FDBFE01703C01017FEBFE03A888518EA
:1067000017FCFFE03A880D183A880B10402702501A
:1067100017FCFFE017F9BFE01502C010B44181007B
:1067200004F6B310172E80104400C010B44181004D
:1067300004F6B310152EC010B441810004F6B31056
:106740001730C01017FCBFE03A888718B4418100A9
:1067500004F6B3101530C0100631000017FDBFE07D
:10676000170880103A880B003A88091040342650E8
:1067700015F9BFE017F9BFE02641001017FDBFE093
:10678000170180101709C0104400C0181509C01067
:1067900017FDBFE01701C01017F9BFE01501C010C9
:1067A00017FDBFE01704C01017F9BFE01504C010B3
:1067B00017FDBFE01705C01017F9BFE01505C010A1
:1067C00017FDBFE01703C01017FEBFE03A88871817
:1067D00017F9BFE01503C01017FCFFE017F9BFE081
:1067E0001502C010B441810004F6B310172F8010B9
:1067F0004400C010B441810004F6B310152FC0103E
:10680000B441810004F6B3101731C01017FCBFE08B
:106810003A888718B441810004F6B3101531C010CE
:1068200017FFFFE017FCBFE03AC8851815FFBFE06F
:1068300015FE3FE017FBBFE02604001017FBBFE08A
:1068400017F9FFE01506C0100602000017F9BFE0B7
:1068500015FABFE017F9BFE015FBBFE017FDBFE079
:106860001706801015FDBFE017FFBFE0167FBF00C1
:1068700017FABFE0060600003A8801000601000092
:106880003A88010017FA3FE1405D26503A8805003A
:106890003A8837E01701C0DF170000DF0402C0DECE
:1068A0003A2800F804FBFFDE150400DF040400DFD3
:1068B00015FE3FE115FF7FE117FEBFE015FCBFE0CD
:1068C00017FCBFE02662001017FFBFE01622001081
:1068D000061C000017FCBFE01702801017FFFFE046
:1068E000360B801817FFFFE017FCBFE0170280107F
:1068F0003AC8851815FFBFE017FCBFE0150200106D
:1069000017FCBFE01706801015FCBFE0060D000065
:1069100017FCBFE01702C01017FFBFE03AC8871886
:1069200017FCBFE01502C01017FCBFE01703C01032
:1069300017FFBFE03A88871817FCBFE01503C010A7
:106940000644000017FCBFE02642001017FFBFE01E
:1069500016E0BF00063F000017FFBFE03AC8850001
:1069600015FFBFE015FD3FE017FCBFE01702C010A8
:1069700017FDBFE03A88851815FDBFE017FCBFE0A2
:10698000170680102604001017FCBFE017068010C1
:1069900015FCBFE006F43F003A88010017FCBFE099
:1069A0001702C01017FFBFE03607801817FCBFE0C2
:1069B0001702C01017FFBFE03AC8871817FCBFE0E6
:1069C0001502C0100623000017FDFFE017FFBFE00F
:1069D0003AC8851815FDBFE017FEBFE015FCBFE003
:1069E0000610000017FCBFE01702C01017FDBFE043
:1069F0003604801817FDFFE017FCBFE01502C01039
:106A0000060A000017FDFFE017FCBFE01702801028
:106A10003AC8851815FDBFE017FCBFE017068010C7
:106A200015FCBFE017FCBFE01EEE3F1006020000A1
:106A300017FCBFE01502001017FCBFE0170680101E
:106A400015FCBFE017FCBFE01EF93F100601000077
:106A50003A8801003A8837E0170000DF0401C0DE01
:106A60003A2800F804FDFFDE150200DF040200DF13
:106A700015FF3FE115FE3FE00608000017FFBFE0ED
:106A80001702C01017FEBFE03A88851815FEBFE058
:106A900017FFBFE01706801015FFBFE017FFBFE02C
:106AA0001EF63F1017FEBFE03A8837E0170000DF00
:106AB0000401C0DE3A2800F804FBFFDE1504C0DF45
:106AC000150300DF040300DF15FF3FE1B44181003F
:106AD00004D7B3101700801015FDBFE006120000A8
:106AE00017FDBFE015FEBFE017FEBFE017048010E2
:106AF00017FFFFE03609801817FEBFE01704C0102B
:106B000017FEBFE0170580103A88851817FFFFE0D1
:106B10002E02801817FDBFE00609000017FDBFE038
:106B20001700801015FDBFE017FDBFE01EEC3F1001
:106B30007441010104503E2140D623503A8805009B
:106B40003A8837E01701C0DF170000DF0402C0DE1B
:106B50003A2800F804FDFFDE150200DF040200DF22
:106B600015FF3FE117FFBFE015FEBFE017FEBFE0D6
:106B700017018010260E001017FEBFE017018010CD
:106B800017FEFFE01700C0181500C01017FEBFE089
:106B9000170080102607001017FEBFE017008010B6
:106BA00017FEFFE01701C0181501C0100601000014
:106BB0003A8801003A8837E0170000DF0401C0DEA0
:106BC0003A2800F804FBFFDE150400DF040400DFB0
:106BD00015FE3FE115FF7FE117FEBFE015FCBFE0AA
:106BE00017FFBFE015FDBFE017FDBFE01700C010A5
:106BF00017FCBFE01500C01017FCBFE017FDFFE059
:106C00001501C01017FDBFE017FCFFE01500C01014
:106C100017FCBFE0170080102604001017FCBFE02F
:106C20001700801017FCFFE01501C0103A88010022
:106C30003A8837E0170000DF0401C0DE3A2800F888
:106C400004FBFFDE1504C0DF150300DF040300DFD3
:106C50001730E0D01732A0D03A8885183A888510CE
:106C6000C400801015FEBFE0040580013A880B00C7
:106C7000B441010104C33321805102500405800155
:106C80003A880B00B441010104D7332180510250EE
:106C9000040580013A880B00B441010104DC332172
:106CA0008051025015FD3FE0061500000409000167
:106CB0008010265015FFBFE017FFBFE01E03001035
:106CC0007441010104523E2140D6235017FFBFE01A
:106CD0001508001017FFBFE01502001017FFBFE0F6
:106CE0001503001017FF7FE1B441010104DC3321DB
:106CF000C01E255017FDBFE04400801015FDBFE009
:106D000017FEBFE017FDFFE016E8BF1817FEFFE013
:106D1000B441810004DCB3101504C010804531502B
:106D20003A8805003A8837E01701C0DF170000DF16
:106D30000402C0DE3A2800F804F9FFDE1506C0DFC1
:106D4000150500DF040500DF15FF3FE117FFBFE079
:106D50001703801015FBBFE017FBBFE08B0080100E
:106D6000CCFFBF103AD204103A88071017FBBFE0DF
:106D70008B008010CCFFBF103A9204103AB08418F8
:106D80000DFCBFE017FBBFE003008010CC3F80107C
:106D9000CC0380103A8885103A8885103A8807100D
:106DA00017FBBFE03A88C51015FDBFE017FB3FE1B8
:106DB000802143503A88071017FDBFE00B04801074
:106DC000CCFFFF18CCFFBF1026168018B4418100FD
:106DD00004C8B310170D80104400C010B4418100E6
:106DE00004C8B310150DC010B441810004F6B310EF
:106DF000171C80104400C010B441810004F6B31089
:106E0000151CC01084000001C07A255017FF3FE117
:106E1000C0FA2450840000010087255004F8BF0008
:106E2000063400003A880B0044000001403426502C
:106E300015FEBFE017FEBFE01E0800108400000131
:106E4000C07A255017FF3FE1C0FA245084000001AA
:106E50000087255084FABF000626000017FBBFE01C
:106E600003008010CC3F8010CC0380103A8885103E
:106E70003A8885103A8807100BFCBFE03AC8C51065
:106E80000DFCBFE017FBBFE00BFCFFE08D00C01066
:106E900017FEBFE017FFFFE01501C01017FFBFE0AE
:106EA0001703C01017FEBFE01503C01017FFBFE0A7
:106EB0001704C01017FEBFE01502C01017FFBFE097
:106EC0001701C01017FEBFE01504C01017FFBFE088
:106ED0001702C01017FEBFE01505C01017FFBFE076
:106EE000170680103A880B1017FE3FE1C0912D5015
:106EF0003A8805003A8837E01701C0DF170000DF45
:106F00000402C0DE3A2800F804F4FFDE150BC0DFEF
:106F1000150A00DF040A00DF15FE3FE115FF7FE1DF
:106F200017FEBFE017068010260A011017FEBFE00B
:106F300015F6BFE017FEBFE01706801015F7BFE09B
:106F40000635000017F6BFE01701801015FABFE004
:106F500017FABFE01701C01017FABFE01702801040
:106F60003A88851817F6FFE01703001917F6FFE0B7
:106F70001702401917F7FFE01702C0183A88C72810
:106F80003A88C7202E2B801817F6BFE01703C010D1
:106F900017F6BFE0170280103A88871817F7BFE08E
:106FA0001703001117F7BFE0170280103A880D1081
:106FB0003A880B203A8809184027025017F6BFE09C
:106FC0001702C01017F7BFE0170280103A88871821
:106FD00017F6BFE01502C01017F7BFE01706C01084
:106FE00017F6BFE01506C01017F73FE1C04C26505A
:106FF00017F6BFE01706801015F7BFE0B441810017
:1070000004F6B310173380104400C010B44181005F
:1070100004F6B3101533C01017F7BFE0265B00105D
:1070200017F7BFE017028010B00280101EC53F1096
:10703000065600003A8801000654000017F7BFE02A
:10704000170380103A88071017F7BFE01701801068
:10705000170180103AC8851815FBBFE01780A0D033
:1070600017FBFFE00E0980181780A0D017FBBFE1C7
:107070003A880B107441010104543E2140700250C3
:1070800074410101045A3E2140D6235017F6BFE057
:10709000170280101780E0D017FB3FE13AC8C720E5
:1070A0002E3CC01017F6BFE017028010CC008010F5
:1070B0001E38001017F7BFE0170380103A8807103A
:1070C00017F7BFE017018010170180103AC8851824
:1070D000180E80101E2F001017F7BFE01703C01006
:1070E00017F6BFE0170280103AC885003A88871863
:1070F00017F6BFE01703001117F6BFE01702801064
:107100003A880D103A880B203A8809184027025017
:1071100017F7BFE01703C01017F6BFE01702801083
:107120003AC885003A88871817F7BFE01503C010E2
:1071300017F7BFE01702C01017F6BFE01702801064
:107140003A88871817F7BFE01502C01017F63FE11D
:10715000C04C265017F7BFE015F6BFE017F6BFE0AA
:1071600015FEBFE017F7BFE01706801015F7BFE068
:10717000B441810004F6B310173280104400C010EF
:10718000B441810004F6B3101532C01017F7BFE008
:107190001EAA3F1017F7BFE0266E001015F93FE05A
:1071A00017F6BFE015F8BFE00608000017F8BFE0CB
:1071B0001702C01017F9BFE03A88851815F9BFE02B
:1071C00017F8BFE01706801015F8BFE017F8BFE00A
:1071D0001EF63F1084000001C07A255017F9BFE069
:1071E000040E80103A880910C0C5245015FABFE07B
:1071F000840000010087255017FABFE01E0200102E
:10720000441A800006A7000017FABFE0170180109B
:107210001780E0D03A88C71017FABFE01503C010F6
:1072200017F6BFE015F8BFE00629000017FABFE027
:107230001703C01017F8BFE01703001117F8BFE0DD
:10724000170280103A880D103A880B203A880918E6
:107250004027025017FABFE01703C01017F8BFE02D
:10726000170280103A88871817FABFE01503C0107C
:1072700017FABFE01704C01017F8BFE0170280101C
:107280003A88871817FABFE01504C01017F8BFE056
:1072900015F7BFE017F8BFE01706801015F8BFE03C
:1072A00017F7FFE017FEBFE02602801817F73FE14F
:1072B000C04C2650B441810004F6B310173480103E
:1072C0004400C010B441810004F6B3101534C0105E
:1072D00017F8BFE01ED53F1017FABFE01703C01024
:1072E00017F9BFE03AC885003A88871817FABFE057
:1072F0001503C01084000001C07A255017FEBFE0BE
:10730000170180103A880910C0FA24508400000147
:107310000087255017FEBFE017FAFFE01501C010E7
:1073200017FABFE01704C01017FEBFE01502C01027
:1073300017FEBFE01506001017FABFE01703C010D4
:1073400017FEBFE01503C01017F9FFE017FEBFE0FE
:107350001502C01017FEBFE01703C01017FEBFE0F4
:107360001701801017018010178020D13A8805116D
:107370002E03801874410101045F3E2140D6235042
:1073800017FEBFE01701801015FABFE017FFBFE03E
:107390002603001017FABFE017FFFFE0150CC0101E
:1073A00017FEBFE01703801015FCBFE017FCBFE01D
:1073B0001704C01017FABFE01507C01017FCBFE094
:1073C0004411C0000500C01017FCBFE08B00801006
:1073D000CCFFBF103AD204103A88071017FCBFE068
:1073E0008B008010CCFFBF103A9204103AB0841882
:1073F0003A88071017FCBFE08D00C01017FCBFE0F3
:1074000003008010CC3F8010CC0380103A88851098
:107410003A8885103A88071017FCBFE03A88C510F3
:1074200015FDBFE017FC3FE1802143503A8807106B
:1074300017FDBFE00D04C01017FCBFE00405C0102D
:1074400017FABFE01503C01017FEBFE01702801047
:1074500004FBFF1017FABFE01504C01017FA7FE114
:107460008401000180963C5015FBBFE017FEBFE091
:107470001501001017FE3FE1405D265017FBBFE0ED
:107480000E07001017FBBFE098FABF101E02001095
:107490003A8805000603000017FBBFE00601000064
:1074A0003A8805003A8837E01701C0DF170000DF8F
:1074B0000402C0DE3A2800F804FEFFDE150100DFFA
:1074C000040100DF15FF3FE117FFBFE0D8FFBF1049
:1074D0001E02001044008000060100003A880500EA
:1074E0003A8837E0170000DF0401C0DE3A2800F8D0
:1074F00004FBFFDE1504C0DF150300DF040300DF1B
:1075000015FE3FE115FF7FE117FEBFE0030080108D
:10751000CC3F8010CC0380103A8885103A888510C3
:1075200015FDBFE017FDBFE04805801026270010BD
:1075300017FDBFE004FBBF1015FDBFE017FEBFE065
:107540008B00801017FDFFE03AC8C5103A8807107D
:1075500017FEBFE08D00C01017FEBFE003008010D3
:107560003A88071004FCBF003A7084185401801058
:107570003A88071017FEBFE00500C01017FDBFE0F6
:1075800017FEFFE03A8885180405800117FE7FE1A9
:107590003A880910C03B025017FFBFE01702C01025
:1075A00017FDBFE03AC8871817FFBFE01502C010EB
:1075B00017FFBFE01703C01017FDBFE03A88871818
:1075C00017FFBFE01503C010060100003A88010054
:1075D0003A8837E01701C0DF170000DF0402C0DE81
:1075E0003A2800F804F3FFDE150CC0DF150B00DFAE
:1075F000040B00DF15FE3FE115FF7FE117FFBFE041
:10760000170680103AD6061017FFBFE01706801045
:107610003AD204100CC0BF103AB0861817FFBFE072
:10762000170680100CC0BF103A9204103AB08618AA
:1076300017FFBFE0170680103A9604103AB084187E
:1076400015F8BFE017FFBFE0170580103AD6061007
:1076500017FFBFE0170580103AD204100CC0BF100E
:107660003AB0861817FFBFE0170580100CC0BF1096
:107670003A9204103AB0861817FFBFE01705801041
:107680003A9604103AB0841815F9BFE017FFBFE02E
:10769000040780100B008010CCFFBF103AD20410FA
:1076A0003A88071017FFBFE0040780100B00801016
:1076B000CCFFBF103A9204103AB084180DFABFE024
:1076C00017FFBFE0840780100B008010CCFFBF10B5
:1076D0003AD204103A88071017FFBFE084078010E1
:1076E0000B008010CCFFBF103A9204103AB08418FF
:1076F0008DFABFE017FFBFE043008010CC3F801041
:107700001C20801004E0BF1018018010266E0010AD
:1077100017FFBFE043048010CC3F80109801801019
:107720001E2200108BFA3FE10BFABFE04400C000BC
:107730001501C0D8150080D817F9FFE13A880D204F
:1077400017F87FE1B441010104EB3321809A4650E0
:1077500015FBBFE017FBBFE0265D001017FBBFE085
:107760001708801015FCBFE017FCBFE0265A001078
:1077700017FBBFE01709801015FDBFE017FDBFE044
:107780002606001017FDBFE0170280108800801049
:107790002653001017FD3FE1C0B6315017FCBFE083
:1077A000C41BC0001506C0100654000017FFBFE040
:1077B00043048010CC3F8010580480101E4A0010F3
:1077C00017CBA0D015F7BFE00621000017F7BFE0E8
:1077D0000B028010CCFFFF108BFABFE0260480184C
:1077E00017F7BFE00B028010CCFFBF101E15001072
:1077F00017F7BFE01704C01017F8BFE03AD608101B
:1078000017F8BFE03AD204100CC0BF103AB088207D
:1078100017F8BFE00CC0BF103A9204103AB08820AD
:1078200017F8BFE03A9604103AB084201E0580187D
:1078300017F7BFE08B018010CCFFFF100BFABFE001
:107840002606801817F7BFE01700801015F7BFE075
:1078500017F7BFE01EDD3F10060100003A88010067
:1078600017F7BFE02622001017F7BFE017068010B9
:1078700015FCBFE017FCBFE083098010CC3F8010EF
:107880001C20801004E0BF10A0008010261A0010F9
:1078900017FCBFE0C41BC0001506C01017FCBFE0FA
:1078A000040A80103A880B1017FC3FE1001E2C5090
:1078B00017FCBFE0041280103A880B1017FC3FE160
:1078C000001E2C50060D00003A880100060B000037
:1078D0003A880100060900003A8801000607000006
:1078E0003A880100060500003A88010006030000FE
:1078F0003A880100060100003A8801008400000176
:10790000C07A255017FE3FE1C0FA245084000001E0
:10791000008725503A8801003A8837E01701C0DF18
:10792000170000DF0402C0DE3A2800F804FEFFDE84
:107930001501C0DF150000DF3A8839D8179AA0D0AA
:107940001E120010179AA0D044008010159AA0D0E3
:107950003A880900C07A25501795E0D01799A0D031
:107960003604801840D931501795A0D0840C80106F
:107970001599A0D03A88090000872550179AA0D001
:10798000C4FFBF10159AA0D0060100003A8801007C
:107990003A8837E01701C0DF170000DF0402C0DEBD
:1079A0003A2800F804FDFFDE150200DF040200DFC4
:1079B00015FF3FE117B7A0D015FEBFE00609000094
:1079C00017FEBFE01704C01017FFBFE01E028018AB
:1079D00017FEBFE00606000017FEBFE0170080108C
:1079E00015FEBFE017FEBFE01EF53F103A88050008
:1079F0003A8837E0170000DF0401C0DE3A2800F8BB
:107A000004F5FFDE150AC0DF150900DF040900DFF9
:107A100015FE3FE115FF7FE117FFBFE015F7BFE05F
:107A20003A880900C07A255017F7BFE0170AC0103E
:107A300017FEBFE0170480103A88871817F7BFE0D9
:107A4000170B8010360480183A88090000872550EB
:107A5000441A8000065700003A880B0044000001D9
:107A60004034265015F8BFE017F8BFE01E040010A0
:107A70003A88090000872550441A8000064D00000E
:107A800017F8BFE017FEFFE01501C01017FEBFE0BA
:107A90001701C01017F8BFE01504C01017FEBFE0B3
:107AA0001702C01017F8BFE01505C01017FEBFE0A1
:107AB0001703C01017F8BFE01503C01017FEBFE092
:107AC0001704C01017F8BFE01502C01017F7BFE089
:107AD000170480100C0088101E14001017FEBFE061
:107AE0001703801003008010CC3F8010CC0380105F
:107AF0003A8885103A88851015F9BFE017F8BFE07D
:107B00001703C01017F9BFE03A88871817F8BFE0CD
:107B10001503C01017F8BFE01702C01017F9BFE037
:107B20003AC8871817F8BFE01502C01017FEBFE06B
:107B30001707801015FBBFE08DFA3FE0840080003E
:107B40000DFABFE017F7BFE0040A801004FAFFE067
:107B500017F8BFE13A880B183A88091080502C506A
:107B60001E08001017F8BFE01501001017F83FE1DC
:107B7000C04C26503A88090000872550441A8000DE
:107B8000060C000017F7BFE0040A80103A880910BD
:107B90004062245017F7BFE0040A80103A880B10A7
:107BA00017F73FE1001E2C503A8809000087255046
:107BB0003A8805003A8837E01701C0DF170000DF78
:107BC0000402C0DE3A2800F804EFFFDE1510C0DF23
:107BD000150F00DF150E00DC040F00DF15FC3FE180
:107BE00015FD7FE115FEBFE117FCBFE01707801010
:107BF00015F6BFE017F6BFE0680480101EBE011046
:107C000017F6BFE0BA900610B440810004219F101F
:107C10003A888518170080103A680010C87C020561
:107C2000507D02058C7D0205608302058C7D020576
:107C300060830205548302056083020554830205B4
:107C4000187F0205608302056083020560830205D8
:107C50006083020560830205C0820205C0820205BE
:107C600017FCBFE0170480100C0088103A88091038
:107C700040573F503A88071017FCBFE01513C0105B
:107C800017FCBFE01713C01017FCBFE0150BC010A6
:107C900017FEBFE005F7BFE03A88090000872550CE
:107CA00003F7FFE017FCBFE0150080D8B440C10126
:107CB000049ADE393A880D003A880B003A88091890
:107CC000000C3F5015F8BFE03A880900C07A2550F3
:107CD00017F8BFE01E02001084058000068701002F
:107CE0003A8805000685010017FC3FE1C0A0275037
:107CF00015F8BFE017F8BFE01E02001084058000F1
:107D0000067E01003A8809000087255017F83FE1F8
:107D100080193F503A880900C07A25503A880500FA
:107D20000676010017FEBFE01E02001084058000E9
:107D30000672010017FEBFE01703801015F9BFE0BF
:107D400017F9BFE01E02001084058000066B0100D9
:107D500017FEBFE017028010200480101E020010E2
:107D6000840580000665010017FC3FE1C0A0275094
:107D700015F8BFE017F8BFE01E0200108405800070
:107D8000065E010017F6BFE0980080101E2000106C
:107D900017F9BFE0170180101E02001015F43FE034
:107DA0000617000017F9BFE01701801015F4BFE0B7
:107DB000B441810004BAB4101700801015F5BFE07B
:107DC0000607000017F5BFE0170AC01017F4BFE060
:107DD0002606801817F5BFE01700801015F5BFE0E4
:107DE00017F5BFE01EF73F10060100003A880100BA
:107DF00017F5BFE01E020010441F8000063F01007F
:107E000017F8BFE017F4FFE01501C01006260000C8
:107E100017F9BFE0170180101E02001015F33FE0B4
:107E20000603000017F9BFE01701801015F3BFE04B
:107E300017F8BFE017F3FFE01502C01017F3BFE01B
:107E4000260E001017FCBFE08B08C010C4FCBF005A
:107E50003A7084183A88071017FCBFE08D08C010EC
:107E600017FCBFE08B088010940080103A88071040
:107E700017FCBFE08D08C0100607000017FCBFE02C
:107E80008B08C01044FFBF003A7084183A8807106E
:107E900017FCBFE08D08C01017FCBFE0040A80107B
:107EA0003A880910408C2C503A88050006130100CE
:107EB00017FDBFE01E02001084058000060F0100C0
:107EC00017FC3FE1C0A0275015F8BFE017F8BFE04E
:107ED0001E04001017FD3FE1C04C2650C41B80005B
:107EE0000606010017FEBFE01E0B001017FCBFE0E6
:107EF0008B088010CCFFBF108C0080101E02001079
:107F00000420800006FD000017F8BFE01702801073
:107F100015F3BFE00614000017FCBFE08B088010CB
:107F2000CCFFBF108C00801026020010C41F800000
:107F300006F2000017FEBFE0170280102004801038
:107F40001E030010005325508405800006EB00003E
:107F500017FEBFE01703801015F9BFE017F9BFE067
:107F60001701801015F3BFE017FDBFE017020014E2
:107F700017FCBFE0170480100C0088103A88091025
:107F800040573F502E03001400532550841E80009C
:107F900006DA000017FDBFE0170280103A880710CC
:107FA00017FCBFE0170480100C0088103A880B10F3
:107FB0003A88091880473F5015FABFE017FABFE02A
:107FC0001E04001017FD3FE1C04C2650441A8000EB
:107FD00006CA000017FABFE01703C01017FDBFE084
:107FE0001703001117FDBFE0170280103A880D102B
:107FF0003A880B203A8809184027025017FDBFE045
:108000001702C01017FABFE01504C01017FD3FE1BA
:10801000C04C265017FABFE017F3FFE01507C01059
:1080200017F3BFE0D8FFBF101E4A001017F8BFE0DB
:108030001701801026100010B441810004BAB4105A
:108040001700801015F5BFE00608000017F5BFE027
:10805000170AC01017F8BFE017018010261D8018FE
:1080600017F5BFE01700801015F5BFE017F5BFE06A
:108070001EF63F10061A0000B441810004BAB41085
:108080001700801015F5BFE0060F000017F5BFE0E0
:10809000172A80104C0080102608001017F5BFE04A
:1080A000172780102605001017F5BFE0172780104E
:1080B00017068010580080102608001017F5BFE042
:1080C0001700801015F5BFE017F5BFE01EEF3F1059
:1080D000060300003A880100060100003A8801000A
:1080E00017F5BFE01E180010B441810004BAB410A7
:1080F0001700801015F5BFE0060B000017F5BFE074
:10810000172780102605001017F5BFE017278010ED
:1081100017068010580080102606001017F5BFE0E3
:108120001700801015F5BFE017F5BFE01EF33F10F4
:10813000060100003A88010017F5BFE01E0200109A
:10814000441F8000066D000017FABFE017F5FFE03E
:108150001506C01017FCBFE017038010260400109E
:1081600017FCBFE01703C01017FABFE0150BC010D3
:1081700017FCBFE0170480100C00881026080010C0
:108180003A8809000087255017FA3FE1C0F03C50BB
:1081900015F2BFE03A880900C07A25500628000091
:1081A00017FABFE01703801004FBBF1015FBBFE0F8
:1081B00017F8BFE0170180102605001017F8BFE080
:1081C0001701C01017FBBFE01503C010060E00001A
:1081D00017F3BFE0D8FFBF101E06001017FABFE06C
:1081E00017068010170AC01017FBBFE01503C01058
:1081F0000605000017F33FE1809B3D503A880710C9
:1082000017FBBFE01503C01017FBBFE017F3FFE03B
:108210001504C0103A8809000087255017F8BFE000
:1082200003058010CC3F801017FA7FE13A880910CF
:1082300080963C5015F2BFE03A880900C07A25507C
:1082400017F2BFE00E02001017F2BFE0062B00008D
:108250003A8805000629000017FEBFE01E02001044
:10826000840580000625000017FEBFE0170380107C
:1082700015F9BFE017F9BFE01E0200108405800069
:10828000061E000017FC3FE1C0A0275015F8BFE014
:1082900017F8BFE01E0200108405800006170000DA
:1082A00017F9BFE08D00001017FEBFE00404C00006
:1082B0001502C01017F6BFE0D80380101E0500108D
:1082C00017F8BFE01701C01017F9BFE01501C01083
:1082D0000604000017F8BFE01702C01017F9BFE04E
:1082E0001501C0103A88050006040000005325500F
:1082F0003A88050006010000C417800004FFFFE66D
:108300001702C0DF170100DF170000DC0403C0DE26
:108310003A2800F804FCFFDE1503C0DF150200DF79
:10832000040200DF15FE3FE115FF7FE117FEBFE00D
:1083300017058010980080101E04001017FFBFE082
:10834000280480101E010010005325503A880100B7
:108350003A8837E01701C0DF170000DF0402C0DEF3
:108360003A2800F804FAFFDE1505C0DF150400DF27
:10837000040400DF15FD3FE115FE7FE115FFBFE1BD
:108380003A880900C07A255017FFBFE117FE7FE148
:1083900017FD3FE1009D295015FCBFE017FCBFE031
:1083A0001E0400103A88090000872550C4FFBF0052
:1083B0000607000017FCBFE0150600103A88090008
:1083C0000087255017FCBFE0BAD0041004088010C5
:1083D0003A8837E01701C0DF170000DF0402C0DE73
:1083E0003A2800F804F2FFDE150DC0DF150C00DF9F
:1083F000040C00DF15FD3FE115FE7FE115FFBFE135
:1084000017FDBFE004F8BF103A8885103A88851040
:1084100015F6BFE0B441810004C3B31015F5BFE009
:108420000606000017F5FFE017F6BFE026068018E5
:1084300017F5BFE01700801015F5BFE017F5BFE096
:108440001EF83F10060100003A88010017F5FFE012
:1084500017F6BFE02603801800532550C4FFBF0065
:108460000634000017FF7FE117F63FE1C0372850C0
:1084700017F6BFE01506001017FEBFE01E0D001036
:1084800004F9BFE0040480013A880B003A8809101F
:10849000805102500404800015FFBFE017F6BFE0D2
:1084A000170580100DF9BFE004F9BFE015F4BFE037
:1084B0000602000017FEBFE015F4BFE04402800191
:1084C00017FF7FE117F43FE1C08A295015F7BFE09D
:1084D00017F7BFE01E05001017F6BFE00403C00049
:1084E0001506C010C4FFBF00061200003A8809003C
:1084F000C07A255017F77FE117F63FE180B7295082
:1085000015F8BFE017F73FE1405D26503A880900B3
:108510000087255017F8BFE02605001017F6BFE0CA
:1085200017F8FFE01506C010C4FFBF0006010000E9
:108530003A8805003A8837E01701C0DF170000DFEE
:108540000402C0DE3A2800F804F9FFDE1506C0DF99
:10855000150500DF040500DF15FE3FE115FF7FE193
:1085600017FEBFE004F8BF103A8885103A888510DE
:1085700015FCBFE0B441810004C3B31015FBBFE09C
:108580000606000017FBFFE017FCBFE02606801878
:1085900017FBBFE01700801015FBBFE017FBBFE023
:1085A0001EF83F10060100003A88010017FBFFE0AB
:1085B00017FCBFE02603801800532550C4FFBF00FE
:1085C0000612000017FCBFE0150600103A880900EB
:1085D000C07A255017FF7FE117FC3FE140BD2950CD
:1085E00015FDBFE03A8809000087255017FDBFE060
:1085F0002605001017FCBFE017FDFFE01506C010B0
:10860000C4FFBF00060100003A8805003A8837E041
:108610001701C0DF170000DF0402C0DE3A2800F8AF
:1086200004F7FFDE1508C0DF150700DF040700DFD1
:1086300015FD3FE115FE7FE115FFBFE117FDBFE02E
:1086400004F8BF103A8885103A88851015FABFE003
:10865000B441810004C3B31015F9BFE00606000061
:1086600017F9FFE017FABFE02606801817F9BFE0F8
:108670001700801015F9BFE017F9BFE01EF83F1092
:10868000060100003A88010017F9FFE017FABFE081
:108690002603801800532550C4FFBF000670000059
:1086A00017FFBFE0170080103A880B1017FA3FE160
:1086B000C037285017FABFE01506001017FABFE0C0
:1086C000170480108C0080101E05001017FABFE000
:1086D0008405C0001506C010C4FFBF00066000007E
:1086E00017FABFE08B088010CCFFBF100C40801041
:1086F000260B001017FABFE0431E8010CC3F8010FD
:108700001C20801004E0BF101E05001017FABFE007
:10871000C402C0001506C010C4FFBF000650000010
:108720003A880900C07A25500610000017FABFE009
:108730008B088010CCFFBF100C088010260700109B
:1087400017FABFE0441CC0001506C0103A880900A3
:1087500000872550C4FFBF000641000017FABFE0A4
:10876000040980103A880910004B245017FABFE022
:10877000431E8010CC3F80101C20801004E0BF10EE
:108780001E03001017FABFE01706801026E73F10FF
:1087900017FABFE017068010260400103A88090077
:1087A00000872550C4FFBF00062D000004044001CF
:1087B000440200014034265015FBBFE017FBBFE028
:1087C0001E0700103A8809000087255017FABFE0FD
:1087D0000403C0001506C010C4FFBF00062000003F
:1087E00017FABFE0171D801015FCBFE044004001E0
:1087F00017FC3FE100F82B501E03001074410101EB
:1088000004643E2140D6235017FCBFE015FABFE0B8
:1088100017FB7FE117FA3FE1000C2A5017FEBFE07B
:108820002608001017FBBFE01703C01017FFBFE0BA
:10883000170080103A880D103A880B1817FE3FE198
:108840004027025017FB3FE1405D26503A8809005F
:108850000087255017FABFE0BAD004100408801032
:108860003A8837E01701C0DF170000DF0402C0DEDE
:108870003A2800F804F8FFDE1507C0DF150600DF10
:10888000040600DF15FD3FE115FE7FE115FFBFE1A6
:1088900017FDBFE004F8BF103A8885103A888510AC
:1088A00015FBBFE0B441810004C3B31015FABFE06B
:1088B0000606000017FAFFE017FBBFE02606801847
:1088C00017FABFE01700801015FABFE017FABFE0F3
:1088D0001EF83F10060100003A88010017FAFFE079
:1088E00017FBBFE02603801800532550C4FFBF00CC
:1088F0000676000017FF7FE117FB3FE1C0372850E5
:1089000017FBBFE08B088010CCFFBF100C4080101D
:108910002624001017FBBFE08B088010CCFFBF108F
:108920000C0180102605001017FBBFE0C41DC0001D
:108930001506C010C4FFBF000664000017FBBFE0AF
:108940008B088010CCFFBF108C0080102604001014
:1089500017FBBFE0150600103A880500065B000013
:1089600017FBBFE08B088010CCFFBF100C008810F5
:10897000260C001017FBBFE08B08C010C4FFB70027
:108980003A7084183A88071017FBBFE08D08C010B2
:1089900017FBBFE01706801026020010C4FFBF00BF
:1089A000064A000017FBBFE01506001044028001D4
:1089B00017FF7FE117FE3FE1C08A295015FCBFE099
:1089C00017FCBFE01E05001017FBBFE00403C0004A
:1089D0001506C010C4FFBF00063C00003A8809001D
:1089E000C07A255017FC7FE117FB3FE180152A5024
:1089F0003A88071017FBBFE01506C01017FBBFE051
:108A0000170680101E1B001017FBBFE08B0880109C
:108A1000CCFFBF100C408010260D001017FBBFE0EC
:108A20008B088010CCFFBF100C01801026080010AE
:108A300017FBBFE0C41DC0001506C010060E0000E5
:108A400017FBBFE0040980103A880910004B24503E
:108A500017FBBFE08B088010CCFFBF100C0180100B
:108A60002605001017FBBFE01706801026F43F1004
:108A7000060100003A88010017FBBFE017068010CE
:108A8000E01D80101E07001017FBBFE08B08C01010
:108A9000C4FEB7003A7084183A88071017FBBFE08D
:108AA0008D08C01017FC3FE1405D26503A88090050
:108AB0000087255017FBBFE0170680102602001024
:108AC000C4FFBF00060100003A8805003A8837E07D
:108AD0001701C0DF170000DF0402C0DE3A2800F8EB
:108AE00004FBFFDE1504C0DF150300DF040300DF15
:108AF00015FD3FE115FE7FE115FFBFE10404C00154
:108B000017FFBFE117FE7FE117FD3FE100BD2850D1
:108B10003A8837E01701C0DF170000DF0402C0DE2B
:108B20003A2800F804FBFFDE1504C0DF150300DF60
:108B3000040300DF15FD3FE115FE7FE115FFBFE1F6
:108B4000C403C00117FFBFE117FE7FE117FD3FE13E
:108B500000BD28503A8837E01701C0DF170000DF5A
:108B60000402C0DE3A2800F804F6FFDE1509C0DF73
:108B7000150800DF040800DF15FC3FE115FD7FE16B
:108B800015FEBFE115FFFFE117FCBFE004F8BF10C1
:108B90003A8885103A88851015F9BFE0B441810004
:108BA00004C3B31015F8BFE00606000017F8FFE095
:108BB00017F9BFE02606801817F8BFE017008010ED
:108BC00015F8BFE017F8BFE01EF83F1006010000DF
:108BD0003A88010017F8FFE017F9BFE02603801874
:108BE00000532550C4FFBF000651000017F9BFE035
:108BF0001506001017FFBFE0180480101E0A0010B1
:108C000017F9BFE08B088010CCFFBF108C008010DC
:108C10001E05001017F9BFE00420C0001506C010A3
:108C2000C4FFBF00064200003A880900C07A255000
:108C300004044001440200014034265015FABFE00C
:108C400017FABFE01E07001017F9BFE00403C000C9
:108C50001506C0103A88090000872550C4FFBF00E0
:108C60000633000017F9BFE017FFFFE01507C0103B
:108C700017F9BFE0170280101703801017FABFE141
:108C80003A880B0017F93FE13AE83E1015FBBFE0C8
:108C900017FBBFE01E19001017F9BFE01705801081
:108CA000980080101E16001017FEBFE017008010FD
:108CB000280480101E0700100053255017FA3FE1CA
:108CC000405D26503A8809000087255084058000C1
:108CD0000617000017FABFE0170380100404800194
:108CE0003A880B1017FD3FE14027025017FEBFE006
:108CF0000404C0001500C010060100003A880100FD
:108D000017FA3FE1405D26503A8809000087255058
:108D100017FBBFE02605001017F9BFE017FBFFE0C7
:108D20001506C010C4FFBF00060100003A88050008
:108D30003A8837E01701C0DF170000DF0402C0DE09
:108D40003A2800F804F7FFDE1508C0DF150700DF3A
:108D5000040700DF15FC3FE115FD7FE115FEBFE1D3
:108D600015FFFFE117FCBFE004F8BF103A8885103B
:108D70003A88851015FABFE0B441810004C3B310EE
:108D800015F9BFE00606000017F9FFE017FABFE08B
:108D90002606801817F9BFE01700801015F9BFE00C
:108DA00017F9BFE01EF83F10060100003A880100E5
:108DB00017F9FFE017FABFE026038018005325508B
:108DC000C4FFBF00064A00003A880900C07A255057
:108DD00017FABFE01506001017FDBFE06000801015
:108DE0001E0E001017FFBFE117FE7FE117FA3FE1EB
:108DF000000E2B5015FBBFE017FBBFE0263900101B
:108E000017FABFE017FBFFE01506C0103A8809000B
:108E100000872550C4FFBF000635000017FABFE0E9
:108E2000171F80101E0F0010040100018010265033
:108E30003A88071017FABFE0151FC01017FABFE0F5
:108E4000171F80101E07001017FABFE00403C000B0
:108E50001506C0103A88090000872550C4FFBF00DE
:108E60000623000017FEBFE0180180101E06001048
:108E700017FABFE0171F801017FFFFE01700C01898
:108E80004500C0100617000017FEBFE0D800801094
:108E90001E06001017FABFE0171F801017FFFFE033
:108EA0001700C0180500C010060E000017FEBFE036
:108EB000980380101E07001017FABFE0171F8010DC
:108EC00017FFFFE01700C018CC3FC0181501C010F5
:108ED000060400003A88090000872550C4FFBF003F
:108EE000060300003A880900008725503A880500EB
:108EF0003A8837E01701C0DF170000DF0402C0DE48
:108F00003A2800F804F7FFDE1508C0DF150700DF78
:108F1000040700DF15FC3FE115FD7FE115FEBFE111
:108F200015FFFFE117FCBFE004F8BF103A88851079
:108F30003A88851015FABFE0B441810004C3B3102C
:108F400015F9BFE00606000017F9FFE017FABFE0C9
:108F50002606801817F9BFE01700801015F9BFE04A
:108F600017F9BFE01EF83F10060100003A88010023
:108F700017F9FFE017FABFE02603801800532550C9
:108F8000C4FFBF00063D00003A880900C07A2550A2
:108F900017FDBFE0600080101E0E001017FFBFE13C
:108FA00017FE7FE117FA3FE100512B5015FBBFE0A0
:108FB00017FBBFE0262C001017FABFE017FBFFE0FD
:108FC0001506C0103A88090000872550C4FFBF006D
:108FD000062A000017FEBFE0180180101E0E0010C8
:108FE00017FABFE0171F80101E04001017FFBFE024
:108FF0000410C0001500C010061B000017FABFE0E7
:10900000171F801043008010CC3FC01017FFBFE037
:109010001500C0100614000017FEBFE0D800801035
:109020001E0D001017FABFE0171F80101E0300105E
:1090300017FFBFE015000010060B000017FABFE095
:10904000171F801003008010CC3FC01017FFBFE037
:109050001500C010060400003A880900008725505A
:10906000C4FFBF000605000017FABFE01506001098
:109070003A880900008725503A8805003A8837E089
:109080001701C0DF170000DF0402C0DE3A2800F835
:1090900004F6FFDE1509C0DF150800DF040800DF55
:1090A00015FC3FE115FD7FE115FEBFE115FFFFE176
:1090B00017FEBFE015F9BFE017FCBFE004F8BF10D2
:1090C0003A8885103A88851015FABFE017FABFE094
:1090D0008B088010CCFFBF108C038010A000801084
:1090E0001E05001017FABFE00408C0001506C010E6
:1090F000C4FFBF000619000017FABFE015060010F4
:109100003A880900C07A255004FEFFE017FFBFE04F
:10911000150080D83A880F1817FDBFE13A880B0078
:1091200017FA3FE100802A5015FBBFE03A8809009A
:109130000087255017FBBFE02605001017FABFE097
:1091400017FBFFE01506C010C4FFBF0006030000B8
:1091500017FEBFE017F9FFE03AC885183A8837E0F4
:109160001701C0DF170000DF0402C0DE3A2800F854
:1091700004F4FFDE150BC0DF150A00DF040A00DF70
:1091800015FC3FE115FD7FE115FEBFE115FFFFE195
:1091900015FB3FE017FEBFE015F8BFE017FCBFE08E
:1091A00004F8BF103A8885103A88851015F9BFE099
:1091B000B441810004C3B31015F7BFE006060000F8
:1091C00017F7FFE017F9BFE02606801817F7BFE092
:1091D0001700801015F7BFE017F7BFE01EF83F102B
:1091E000060100003A88010017F7FFE017F9BFE019
:1091F0002603801800532550C4FFBF000627000037
:1092000017F9BFE0150600103A880900C07A25500A
:1092100004FE3FE104FBFFE017FFBFE0150080D82C
:109220003A880F2017FDBFE13A880B1817F93FE184
:1092300000802A5015FABFE017FBBFE0260B001094
:1092400017FBBFE01703C010170380E01700801062
:109250003A880D103A880B18170200E14027025097
:1092600017FBBFE03A880910405D26503A88090094
:109270000087255017FABFE02605001017F9BFE058
:1092800017FAFFE01506C010C4FFBF000603000078
:1092900017FEBFE017F8FFE03AC885183A8837E0B4
:1092A0001701C0DF170000DF0402C0DE3A2800F813
:1092B00004F4FFDE150BC0DF150A00DF040A00DF2F
:1092C00015FC3FE115FD7FE115FEBFE115FFFFE154
:1092D00017FCBFE004F8BF103A8885103A88851063
:1092E00015F9BFE0B441810004C3B31015F8BFE025
:1092F0000606000017F8FFE017F9BFE02606801801
:1093000017F8BFE01700801015F8BFE017F8BFE0AE
:109310001EF83F10060100003A88010017F8FFE030
:1093200017F9BFE02603801800532550C4FFBF0083
:109330000657000017F9BFE01506001017F9BFE047
:1093400083098010CC3F80101C20801004E0BF10E7
:10935000A000C0101E0A0018E000C0101E0B00186C
:10936000600080102610001017FFFFE117FEBFE11C
:1093700017FD7FE117FC3FE1C05029500644000073
:109380004088405015FBBFE0060D000017F9BFE014
:10939000170480100C0088103A88091040573F507D
:1093A00015FBBFE0060600000053255017F9BFE08B
:1093B0008403C0001506C010C4FFBF0006340000BF
:1093C00017FBFFE017FEBFE00E05801817F9BFE09E
:1093D000841EC0001506C010C4FFBF00062C00008C
:1093E000170280E0260C001044028001170340E1C0
:1093F000170200E1C08A295015F7BFE017F7BFE058
:109400001E06001017F9BFE00403C0001506C010C7
:10941000C4FFBF00061E000015F73FE017FEBFE0C7
:1094200015FBBFE03A880900C07A255004FBFFE035
:1094300017FFBFE0150080D83A880F1817FDBFE16D
:1094400017F77FE117F93FE1802A2A5015FABFE0AC
:1094500017F7BFE02602001017F73FE1405D2650E6
:109460003A8809000087255017FABFE0260500104A
:1094700017F9BFE017FAFFE01506C010C4FFBF00E0
:109480000603000017FBBFE017FEFFE03AC885188F
:109490003A8837E01701C0DF170000DF0402C0DEA2
:1094A0003A2800F804F1FFDE150EC0DF150D00DFCD
:1094B000040D00DF15FC3FE115FD7FE115FEBFE166
:1094C00015FFFFE115F53FE017FCBFE004F8BF1002
:1094D0003A8885103A88851015F7BFE017F7BFE086
:1094E0008B088010CCFFBF108C038010A000801070
:1094F0001E05001017F7BFE00408C0001506C010D5
:10950000C4FFBF000663000017F7BFE01506001098
:1095100017F7BFE083098010CC3F80101C2080101B
:1095200004E0BF10600080101E080010150100D874
:10953000150000D817FFFFE117FEBFE117FD7FE11F
:1095400017FC3FE18031295006520000046D810074
:1095500015F6BFE017F7BFE017018010264800108E
:1095600017F7BFE0170180101709801015F8BFE04A
:1095700017F8BFE00B0A8010CCFFBF102640001088
:1095800017F8BFE00B0A8010CCFFBF1015F6BFE044
:10959000063B000017FEBFE017F6FFE00E03801841
:1095A00017F6BFE015FBBFE00602000017FEBFE0A4
:1095B00015FBBFE017FBBFE015F9BFE03A880900D3
:1095C000C07A255004FBFFE017FFBFE0150080D8EC
:1095D0003A880F1817FDBFE13A880B0017F73FE1F3
:1095E000802A2A5015FABFE03A88090000872550E2
:1095F00017FABFE02610001017FABFE0601A8010BB
:109600001E03001017FABFE0D80280101E050010DC
:1096100017F5BFE02603001017F7BFE0150600108E
:10962000061B000017F7BFE017FAFFE01506C01091
:10963000C4FFBF000617000017FBBFE01E13001099
:1096400017FBBFE017F9FFE03AC8851815F9BFE02E
:1096500017F9BFE017FDFFE03A88851815FDBFE058
:1096600017FEFFE017F9BFE03AC8851815FEBFE006
:1096700017F5FFE017F9BFE03A88851815F5BFE048
:1096800017FEBFE01EC33F10060100003A8801002C
:1096900017F5BFE03A8837E01701C0DF170000DF99
:1096A0000402C0DE3A2800F804F9FFDE1506C0DF28
:1096B000150500DF040500DF15FE3FE115FF7FE122
:1096C00017FEBFE004F8BF103A8885103A8885106D
:1096D00015FCBFE0B441810004C3B31015FBBFE02B
:1096E0000606000017FBFFE017FCBFE02606801807
:1096F00017FBBFE01700801015FBBFE017FBBFE0B2
:109700001EF83F10060100003A88010017FBFFE039
:1097100017FCBFE02603801800532550C4FFBF008C
:109720000612000017FCBFE0150600103A88090079
:10973000C07A255017FF7FE117FC3FE1C0F42A50A3
:1097400015FDBFE03A8809000087255017FDBFE0EE
:109750002605001017FCBFE017FDFFE01506C0103E
:10976000C4FFBF00060100003A8805003A8837E0D0
:109770001701C0DF170000DF0402C0DE3A2800F83E
:1097800004FAFFDE1505C0DF150400DF040400DF66
:1097900015FF3FE117FFBFE004F8BF103A888510BE
:1097A0003A88851015FDBFE0B441810004C3B310B1
:1097B00015FCBFE00606000017FCFFE017FDBFE048
:1097C0002606801817FCBFE01700801015FCBFE0CC
:1097D00017FCBFE01EF83F10060100003A880100A8
:1097E00017FCFFE017FDBFE026038018005325504B
:1097F000C4FFBF00060E000017FDBFE015060010F5
:109800003A880900C07A255017FD3FE140DB295016
:1098100015FEBFE03A8809000087255017FEBFE01B
:1098200026020010C4FFBF00060100003A880500B0
:109830003A8837E01701C0DF170000DF0402C0DEFE
:109840003A2800F804FAFFDE1505C0DF150400DF32
:10985000040400DF15FD3FE115FE7FE115FFBFE1C8
:109860003A880900C07A255017FE7FE117FF3FE1D3
:109870004034265015FCBFE03A8809000087255087
:1098800017FCBFE01E0200103A880500060B00001E
:1098900017FEFFE017FCBFE01502C01017FCBFE089
:1098A0001703801017FEFFE03A880D1817FD7FE1BF
:1098B0003A8809104027025017FCBFE03A8837E089
:1098C0001701C0DF170000DF0402C0DE3A2800F8ED
:1098D00004FAFFDE1505C0DF150400DF040400DF15
:1098E00015FF3FE117FFBFE004F8BF103A8885106D
:1098F0003A88851015FEBFE0041B800015FDBFE00F
:109900003A880900C07A2550B441810004C3B310DD
:1099100015FCBFE0060A000017FCFFE017FEBFE0E1
:109920001E04801817FEBFE01706801015FDBFE06B
:109930000605000017FCBFE01700801015FCBFE013
:1099400017FCBFE01EF43F103A880900008725503D
:1099500017FDBFE03A8837E01701C0DF170000DFCE
:109960000402C0DE3A2800F804F7FFDE1508C0DF65
:10997000150700DF040700DF15FD3FE115FE7FE15D
:1099800015FFBFE117FFBFE02606001017FEBFE17D
:1099900017FF7FE117FD3FE10028265015F9BFE0D2
:1099A0000604000017FE7FE117FD3FE1001F26506F
:1099B00015F9BFE017F9BFE01E0200103A88050054
:1099C000064E000017F9BFE00B008010CCFFFF101F
:1099D0001C00E0180400E01817FEBFE02602801803
:1099E0003A88050006450000042100018010265039
:1099F00015FABFE017FABFE01E0200103A88050012
:109A0000063E000017FABFE01500001017FA7FE1CC
:109A1000B441010104C33321C01E25500B36A0D030
:109A2000CCFFFF1017FABFE01504C01017FABFE013
:109A300017FDFFE01505C01017FABFE08D080010F4
:109A400017FEBFE03A88071017FABFE08509C0107B
:109A500017FABFE017F9FFE01502C01017FABFE0D0
:109A60001503001017FABFE01507001017F9BFE043
:109A70001703801017FFFFE03A880D183A880B0093
:109A800017FA3FE13AE83E1015FBBFE017FBBFE0D5
:109A90001E0A001003B6A0D0CC3F8010261600107E
:109AA00017B4A0D017FA3FE13AE83E1015FCBFE02A
:109AB00017FCBFE0260C0010060100003A880100E8
:109AC00017FABFE08B088010540080103A88071006
:109AD00017FABFE08D08C01017FA3FE140CA2950BD
:109AE0003A88050006050000C07124503A88071026
:109AF00017FABFE00520C01017FABFE03A8837E038
:109B00001701C0DF170000DF0402C0DE3A2800F8AA
:109B100004FBFFDE1504C0DF150300DF040300DFD4
:109B200015FE3FE115FF7FE117FEBFE08400C00096
:109B30001507C01017FEBFE0170280101703801032
:109B400017FFBFE13A880B0017FE3FE13AE83E10ED
:109B500015FDBFE017FDBFE03A8837E01701C0DF11
:109B6000170000DF0402C0DE3A2800F804FBFFDE25
:109B70001504C0DF150300DF040300DF15FE3FE11D
:109B800015FF7FE117FEBFE0C400C0001507C0103D
:109B900017FEBFE017028010170380103A880D00EF
:109BA0003A880B0017FE3FE13AE83E1015FDBFE092
:109BB00017FDBFE02602001017FDBFE0061A0000E7
:109BC00017FEBFE0171D80101E0B001017FEBFE030
:109BD00017FEFFE0151DC01017FEBFE017FEFFE0E7
:109BE000151CC01017FEBFE0170480109400C010B1
:109BF00017FEBFE01504C01017FFBFE00E010010F4
:109C000015FF3FE017FFBFE0880180101E02001023
:109C100017FFBFE0060100004401800017FEFFE0CF
:109C2000851E80183A8805003A8837E01701C0DFA2
:109C3000170000DF0402C0DE3A2800F804FDFFDE52
:109C40001502C0DF150100DF040100DF15FF3FE151
:109C500017FFBFE0170180101E36001017FFBFE08E
:109C60008B088010CCFFBF104C00801026310010F4
:109C700017FFBFE0171B8010260D00103A880B005D
:109C800017FF3FE100F82B501E0700104400400171
:109C900017FF3FE100F82B501E0300107441010133
:109CA00004663E2140D6235017FFBFE0151B00106D
:109CB00017FFBFE0041280103A88091040342C507E
:109CC00017FF3FE140FE2A5017FFBFE01703801047
:109CD0002604001017FFBFE0170380103A88091010
:109CE000C0A5415017FFBFE0171F801026040010C9
:109CF00017FFBFE0171F80103A880910C0132650C5
:109D000017FF7FE1B441010104C33321C02925506D
:109D100003B6A0D0CC3F80102603001017B5A0D00A
:109D200017FF3FE13AE83E1017FF3FE1C01326500E
:109D3000060100003A8801003A8837E01701C0DFC9
:109D4000170000DF0402C0DE3A2800F804F9FFDE45
:109D50001506C0DF150500DF040500DF15FF3FE134
:109D600015FB3FE0B441810004C3B310170080101D
:109D700015FCBFE00606000017FFFFE017FCBFE080
:109D80002606801817FCBFE01700801015FCBFE006
:109D900017FCBFE01EF83F10060100003A880100E2
:109DA00017FCBFE01E020010840580000691000031
:109DB00017FFBFE0170480108C00801026120010DF
:109DC0000604000017FFBFE0171C80103A88091036
:109DD00000072A5017FFBFE0171CC01017FFBFE095
:109DE0001EF8BF180604000017FFBFE0171D801003
:109DF0003A88091000072A5017FFBFE0171DC0104E
:109E000017FFBFE01EF8BF1817FFBFE083098010DF
:109E1000CC3F80101C20801004E0BF106000801038
:109E20001E0C001017FFBFE04400C0001507C01053
:109E300017FFBFE017028010170380103A880D004B
:109E40003A880B0017FF3FE13AE83E1015FBBFE0F0
:109E50000659000017FFBFE01701801026550010BB
:109E600017FFBFE08B088010CCFFBF108C00801064
:109E7000263D001017FFBFE08B088010CCFFBF10FD
:109E80000C0280101E05001017FF3FE100212A5030
:109E900015FBBFE017FBBFE01E30001017FFBFE04F
:109EA000170480100C2080102621001017FFBFE03F
:109EB0008B088010CCFFBF100C028010260500100C
:109EC00017FFBFE08B088010CCFFBF100C40801044
:109ED0001E24001017FFBFE00B088010CCFFBF103E
:109EE0001C00A0100400A0102419C0101795A0D0C9
:109EF0003A88851815FDBFE00604000017FFBFE093
:109F0000040980103A880910004B245017FFBFE065
:109F10008B088010CCFFBF108C0080102612001020
:109F20001795E0D017FDBFE036F4BF18060E00000D
:109F300017FFBFE017128010260B001017FFBFE0BD
:109F40008B088010540080103A88071017FFBFE07C
:109F50008D08C0103A880500062600003A880100E6
:109F6000060100003A88010017FFBFE017018010CA
:109F70002611001017FFBFE04400C0001507C010F5
:109F800017FFBFE017028010170380103A880D00FA
:109F90003A880B0017FF3FE13AE83E1015FEBFE09C
:109FA00017FBBFE01E04001017FEBFE015FBBFE06B
:109FB000060100003A88010017FFBFE08B088010FF
:109FC000CCFFBF104C00801026010010005325501C
:109FD00017FFBFE08B088010540080103A880710EC
:109FE00017FFBFE08D08C01017FF3FE140CA29509E
:109FF00017FBBFE03A8837E01701C0DF170000DF2A
:10A000000402C0DE3A2800F804FDFFDE1502C0DFBE
:10A01000150100DF040100DF15FF3FE117FFBFE07E
:10A020008402C0001507C01017FFBFE017028010A0
:10A03000170380103A880D003A880B0017FF3FE1A4
:10A040003AE83E103A8837E01701C0DF170000DF1A
:10A050000402C0DE3A2800F804FBFFDE1504C0DF6E
:10A06000150300DF040300DF15FE3FE115FF7FE16C
:10A0700017FEBFE08B088010CCFFBF104C00801093
:10A080001E0300107441010104683E2140D6235094
:10A0900017FEBFE08B08C01084FFBF003A70841821
:10A0A0003A88071017FEBFE08D08C01017FEBFE00A
:10A0B0004401C0001507C01017FEBFE01702801052
:10A0C0001703801017FFBFE13A880B0017FE3FE12E
:10A0D0003AE83E1015FDBFE017FDBFE03A8837E0D3
:10A0E0001701C0DF170000DF0402C0DE3A2800F8C5
:10A0F00004FBFFDE1504C0DF150300DF040300DFEF
:10A1000015FE3FE115FF7FE117FEBFE01704801049
:10A110008C00801026020010C4178000061D00006D
:10A1200017FEBFE08B088010CCFFBF108C018010A1
:10A13000260C001017FEBFE0170280100B018010E4
:10A14000CCFFBF100C0180101E03001017FE3FE172
:10A1500000212A5026030010C41F800015FDBFE017
:10A16000060B000017FEBFE00401C0001507C01079
:10A1700017FEBFE0170280101703801017FFBFE122
:10A180003A880B0017FE3FE13AE83E1015FDBFE0AC
:10A1900017FDBFE03A8837E01701C0DF170000DF86
:10A1A0000402C0DE3A2800F804FCFFDE1503C0DF1D
:10A1B000150200DF040200DF15FF3FE117FFBFE0DB
:10A1C0008B088010CCFFBF108C0080101E03001085
:10A1D0000420800015FEBFE00613000017FFBFE05B
:10A1E0008B088010CCFFBF100C02801026030010DB
:10A1F000041E800015FEBFE0060B000017FFBFE045
:10A200008401C0001507C01017FFBFE017028010BF
:10A21000170380103A880D003A880B0017FF3FE1C2
:10A220003AE83E1015FEBFE017FEBFE03A8837E07F
:10A230001701C0DF170000DF0402C0DE3A2800F873
:10A2400004F2FFDE150DC0DF150C00DF040C00DF8B
:10A2500015FC3FE115FD7FE115FEBFE115FFFFE1B4
:10A2600015F43FE015F83FE04400800015F9BFE029
:10A2700017FFBFE01700801015F7BFE017F7BFE02A
:10A280000E02001084058000063E010017FCBFE0AE
:10A29000170280100B018010CCFFBF104C00801003
:10A2A0002607001017FCBFE0171380103A8807102C
:10A2B00017F7BFE00E028018841E800006310100EF
:10A2C000170280E00C018010260C001017FCBFE084
:10A2D000170480100C0480101E08001017FCBFE04B
:10A2E000170280100B018010CCFFBF104C008010B3
:10A2F0002602001044008000060100003A88050094
:10A3000015FABFE00604000017FCBFE00419801036
:10A310003A880910004B245017FCBFE00B1980103D
:10A32000CCFFBF104C0080101EF73F1017FCBFE0A1
:10A330000B198010540080103A88071017FCBFE0FA
:10A340000D19C01017FCBFE017068010260600107C
:10A3500017FCBFE01706801015F8BFE017FCBFE040
:10A360001506001006F7000017FCBFE08B088010F0
:10A37000CCFFBF100C0480102603001004088000DE
:10A3800015F8BFE006EF000017FCBFE08B08801057
:10A39000CCFFBF108C0080101E0E001017FCBFE019
:10A3A000170280100B018010CCFFBF100C01801031
:10A3B000260300100420800015F8BFE006E100002D
:10A3C00017FDBFE01E030010441E800015F8BFE01B
:10A3D00006DC0000170280E04C008010260300100D
:10A3E0000400810015F6BFE00647000017FCBFE03F
:10A3F000171380103A88071017FCBFE0171280105F
:10A400003AC885181606001017FCBFE01713C010D5
:10A4100017FCBFE0171280103AC88518060100002B
:10A420003A88050015F6BFE017FCBFE01702801060
:10A430000B018010CCFFBF104C00801026030010D1
:10A4400017F6FFE017F7BFE01612801817F7BFE006
:10A45000105E81101E2C001017F6BFE0085E811000
:10A460001E29001017FCBFE017128010305E81100B
:10A470001E25001017FCBFE08B088010CCFFBF101A
:10A480000C4080101E200010170280E00C08801085
:10A490001E1D001017FCBFE08B088010CCFFBF1002
:10A4A0000C4080101E030010170280E00C08801082
:10A4B0002605001017F9BFE0269D0010C402800099
:10A4C00015F8BFE0069A000017FCBFE00B19C0109A
:10A4D00084FFBF003A7084183A88071017FCBFE069
:10A4E0000D19C01017FCBFE0041980103A8809103C
:10A4F0004062245017FCBFE0041280103A88091013
:10A5000040172C50067F3F0017F6BFE0165E800014
:10A5100017FCBFE08B088010CCFFBF100C408010F0
:10A520001E030010170280E00C08801026050010A2
:10A5300017F9BFE026800010C402800015F8BFE0C4
:10A54000067D000017FCBFE00B19C01084FFBF00A0
:10A550003A7084183A88071017FCBFE00D19C01034
:10A5600017FCBFE0041980103A880910406224509B
:10A5700017FCBFE0041280103A88091040172C50D5
:10A5800006603F0017F7BFE015FBBFE017FCBFE018
:10A5900083098010CC3F80101C20801004E0BF1085
:10A5A000580080101E17001017FB7FE18400000187
:10A5B0004034265015F5BFE017F5BFE01E0300102C
:10A5C000441A800015F8BFE0065E000017F5BFE0F2
:10A5D0001703801017FBFFE03A880D1817FE7FE184
:10A5E0003A8809104027025017FCBFE00B19801071
:10A5F000142080103A88071017FCBFE00D19C01016
:10A60000060700003A880B00840000014034265001
:10A6100015F5BFE017F5BFE017FEFFE01503C0100A
:10A6200017FFBFE01700C01017FBBFE03AC887183C
:10A6300017FFBFE01500C01017F7FFE017FBBFE0E2
:10A640003AC8851815F7BFE017FBBFE017FEFFE01B
:10A650003A88851815FEBFE017FBFFE017F5BFE04D
:10A660001502C01017F4BFE01E02001017F5BFE07E
:10A6700015F4BFE017F8BFE01E31001017FFBFE070
:10A68000170080100E03800017F6BFE016BDBF0054
:10A69000060100003A88010017FABFE02605001005
:10A6A00017FCBFE0170480101404C01017FCBFE0B3
:10A6B0001504C010170280E04C0080102602001024
:10A6C00084038000060100004402800017FCFFE0C4
:10A6D0001507801817FCBFE01702801017038010C1
:10A6E00017FDBFE117F47FE117FC3FE13AE83E10A8
:10A6F00015F8BFE017FABFE02606001017FCBFE010
:10A700001704C010C4FBBF003A70861817FCBFE0E6
:10A710001504C01015F43FE015F93FE017F7BFE04E
:10A720002608001017F8BFE026063F1006050000B7
:10A730003A880100060300003A8801000601000083
:10A740003A88010017FCBFE00B19C01084FFBF005E
:10A750003A7084183A88071017FCBFE00D19C01032
:10A7600017FCBFE0041980103A8809104062245099
:10A7700017F4BFE02602001017F43FE1405D2650B9
:10A7800017F8BFE03A8837E01701C0DF170000DF95
:10A790000402C0DE3A2800F804F2FFDE150DC0DF27
:10A7A000150C00DF040C00DF15FC3FE115FD7FE117
:10A7B00015FEBFE115FFFFE115F63FE017FCBFE016
:10A7C0001702801015FABFE017FDBFE02602001047
:10A7D00017FDBFE015000010170280E04C0080104C
:10A7E000264600103A880B004400000140342650F1
:10A7F00015F4BFE017F4BFE01E020010441A8000F9
:10A8000006B30100170280E08C00801015FBBFE04A
:10A8100017FCBFE04403C0001507C01017FABFE0E3
:10A820001703801017FBFFE03A880D1817F47FE13B
:10A8300017FC3FE13AE83E1015F6BFE017F6BFE01F
:10A840001E23001017FFBFE01700801015F5BFE0B2
:10A8500017F4BFE0170280103A88071017F5BFE021
:10A860000E03801817F4BFE01702801015F5BFE043
:10A8700017F4BFE01703801017F5FFE03A880D18B2
:10A880003A880B1017FE3FE14027025017F5BFE052
:10A8900017FEFFE03A88851815FEBFE017FFBFE0FE
:10A8A00017F5FFE01500C01017F43FE1C04C26502B
:10A8B00015F4BFE017FFBFE017008010260400105A
:10A8C00017F6BFE01E02001017F4BFE01EDD3F10B8
:10A8D00017F4BFE02602001017F43FE1405D265058
:10A8E00017F6BFE0067A01000604000017FCBFE07F
:10A8F000041180103A880910004B245017FCBFE067
:10A900000B118010CCFFBF104C0080101EF73F10C1
:10A9100017FCBFE00B118010540080103A8807101C
:10A9200017FCBFE00D11C01017FCBFE0170A801024
:10A930001E3A001017FCBFE0170680102606001014
:10A9400017FCBFE01706801015F6BFE017FCBFE04C
:10A95000150600100652010017FCBFE08B0880109E
:10A96000CCFFBF100C0880101E4A011017FCBFE07E
:10A970008B088010CCFFBF108C0080101E090010C7
:10A9800017FCBFE0170280100B018010CCFFBF1036
:10A990000C018010260300100420800015F6BFE093
:10A9A000063F010017FFBFE017008010263B011093
:10A9B00017FCBFE08B088010CCFFBF100C4080104C
:10A9C0001E030010170280E00C0880102603001000
:10A9D000C402800015F6BFE00631010017FCBFE09D
:10A9E0000B11C01084FFBF003A7084183A8807101A
:10A9F00017FCBFE00D11C01017FCBFE00411801060
:10AA00003A8809104062245017FCBFE0040A801005
:10AA10003A88091040172C5006B33F0017FCBFE0DE
:10AA20001710801015F4BFE017F4BFE01E030010EC
:10AA300074410101046B3E2140D6235017F4BFE05E
:10AA40001707801015F8BFE017FABFE00B01801060
:10AA5000CCFFBF108C0080102642001017F4BFE01E
:10AA600017088010600280101E09001017F4BFE064
:10AA7000170880103A880B1074410101046E3E21C2
:10AA8000407002507441010104743E2140D62350AD
:10AA9000170280E08C008010260F001017FDBFE029
:10AAA0002609001017F4BFE0170280103A880D1035
:10AAB0003A880B0017F43FE1806126503A8807106E
:10AAC00017FDBFE01500C01017F4BFE01706801097
:10AAD00015F4BFE00623000017FCBFE0170AC01002
:10AAE00017F4BFE0170280103AC8871817FCBFE0C0
:10AAF000150AC01017FDBFE0260D001017FDBFE0BE
:10AB000017F4FFE01500C01017F4BFE0170680101F
:10AB100015F4BFE017FDBFE0170080101506001008
:10AB200017FCBFE017F4FFE01510C0100608000086
:10AB300017F43FE1C04C26503A88071017FCBFE0DD
:10AB40001510C01017FCBFE01710801015F4BFE0FF
:10AB500017F4BFE02603001017F4BFE017F8FFE07A
:10AB60001507C01015F93FE015F73FE0069E0000FD
:10AB700017F4BFE017088010600080101E07001057
:10AB800017F4BFE017088010E00080101E030010CB
:10AB90007441010104773E2140D6235017FFBFE0E6
:10ABA0001700801015F5BFE017FCBFE08B08C01040
:10ABB000C4EFBF003A7084183A88071017FCBFE052
:10ABC0008D08C01017FCBFE0171A8010260C00106B
:10ABD00017FCBFE0171AC01017F7BFE03AC8851876
:10ABE0003A88071017F5BFE00E05801817FCBFE084
:10ABF000171AC01017F7BFE03AC8851815F5BFE05F
:10AC000017F4BFE01702C01017F9BFE03AC8851863
:10AC10003A88071017F5BFE00E05801817F4BFE05B
:10AC20001702C01017F9BFE03AC8851815F5BFE044
:10AC300017F4BFE01703C01017F9BFE03A88851872
:10AC400017F5FFE03A880D183A880B1017FE3FE120
:10AC50004027025017F5BFE017FEFFE03A8885183D
:10AC600015FEBFE017FFBFE01700C01017F5BFE0EB
:10AC70003AC8871817FFBFE01500C01017F4BFE0EF
:10AC80001702C01017F9BFE03AC885183A880710B4
:10AC900017F5BFE01E208018170280E08C0080109E
:10ACA0002605001017F4BFE01706801015F4BFE06A
:10ACB00015F93FE00632000017F4BFE017078010D7
:10ACC00015F8BFE017FCBFE0170AC01017F4BFE08B
:10ACD000170280103AC8871817FCBFE0150AC01089
:10ACE00017F43FE1C04C26503A88071017FCBFE02C
:10ACF0001510C01017FCBFE01710801015F4BFE04E
:10AD000017F4BFE0261E001017F4BFE017F8FFE0AD
:10AD10001507C010061A0000170280E08C00801092
:10AD20002605001017F9FFE017F5BFE03A888518EF
:10AD300015F9BFE00612000017F4BFE01703C010BA
:10AD400017F5BFE03A88871817F4BFE01503C01065
:10AD500017F4BFE01702C01017F5BFE03AC8871814
:10AD600017F4BFE01502C01017FCBFE0170AC010AF
:10AD700017F5BFE03AC8871817FCBFE0150AC010E6
:10AD800017FCBFE0171A801026170010170280E08A
:10AD90008C0080101E10001017FCBFE0171AC010A6
:10ADA00017F5BFE03AC8871817FCBFE0151AC010A6
:10ADB00017FCBFE0171A80101E0B001017FCBFE035
:10ADC0008B088010141080103A88071017FCBFE021
:10ADD0008D08C010060B000017F7FFE017F5BFE065
:10ADE0003A88851815F7BFE017F4BFE02605001074
:10ADF00017FFBFE0170080100E02800017F6BFE0BB
:10AE0000265B3F10170280E08C0080101E2400108B
:10AE100017F4BFE01E04001017FCBFE017F8FFE0B6
:10AE20001510C0100609000017FABFE00B018010D2
:10AE3000CCFFBF104C0080102604001017FCBFE0B0
:10AE4000040A80103A88091000C02C5017FABFE09D
:10AE50000B018010CCFFBF100C02801026100010D8
:10AE600017FCBFE017018010260D001017FCBFE093
:10AE70000402C0001507C01017FABFE017038010C6
:10AE80003A880D003A880B0017FC3FE13AE83E1083
:10AE9000060300003A880100060100003A8801001C
:10AEA00017FCBFE00B11C01084FFBF003A7084187C
:10AEB0003A88071017FCBFE00D11C01017FCBFE067
:10AEC000041180103A8809104062245017F6BFE040
:10AED0003A8837E01701C0DF170000DF0402C0DE48
:10AEE0003A2800F804FCFFDE1503C0DF150200DF7E
:10AEF000040200DF15FE3FE115FF7FE117FFBFE011
:10AF00004400801015FFBFE017FFBFE04C00801029
:10AF10002602001017FE3FE140FE2A5017FFBFE057
:10AF20008C008010260F001017FEBFE00412801066
:10AF30003A880910408C2C5017FEBFE0C401C000B5
:10AF40001507C01017FEBFE017028010170380100E
:10AF50003A880D003A880B0017FE3FE13AE83E10B0
:10AF6000060100003A8805003A8837E01701C0DF83
:10AF7000170000DF0402C0DE3A2800F804FBFFDE01
:10AF80001504C0DF150300DF040300DF15FF3FE1F8
:10AF900017FFBFE0040A801015FDBFE006040000A3
:10AFA00017FDBFE0040780103A880910004B2450B9
:10AFB00017FDBFE00B078010CCFFBF104C008010C6
:10AFC0001EF73F1017FDBFE00B07801054008010E4
:10AFD0003A88071017FDBFE00D07C01017FF3FE1CB
:10AFE000000E2C5017FDBFE00B07C01084FFBF0000
:10AFF0003A7084183A88071017FDBFE00D07C0109B
:10B0000017FDBFE0040780103A8809104062245001
:10B0100017FD3FE140342C50040880013A880B00B2
:10B0200017FD3FE18051025017FFBFE01706801067
:10B0300015FEBFE017FFBFE0841BC0001506C0105F
:10B0400017FFBFE0040A80103A880B1017FF3FE19A
:10B05000001E2C5017FFBFE017FEFFE01506C010C2
:10B060003A8801003A8837E01701C0DF170000DF97
:10B070000402C0DE3A2800F804F6FFDE1509C0DF3E
:10B08000150800DF040800DF15FD3FE115FE7FE134
:10B0900015FFBFE115F83FE017FEBFE02080C010AC
:10B0A0001E3B00184880C0101E1700188803C010EF
:10B0B0001E0900184802C0101E8300182001C0108D
:10B0C0001E3300182002C0101E310018A00080108E
:10B0D0001E83001006EA00002008C0101E2C001875
:10B0E0004808C0101E030018200480101E280010FD
:10B0F00006E300002020C0101E2000182040801011
:10B100001E23001006DE00002005C4101E48001893
:10B110004805C4101E0B0018A001C4101E3F0018E3
:10B12000C801C4101E040018C4FFBB10A800801082
:10B130001ED3001006280000200484101EA9001051
:10B1400006CF0000E000C8101EA600180801C810B5
:10B150001E0500186005C4101E3C0018A0058410D0
:10B160001E42001006C600002001C8101E71001803
:10B17000200090101E06001006C1000017FFBFE05F
:10B18000170180103A88071017FDBFE00D08C010A6
:10B1900017FFBFE0170080102607001017FDBFE063
:10B1A0001704C01017FEBFE03AB0861817FDBFE0C5
:10B1B0001504C01006B6000017FDBFE0170480108C
:10B1C00017FEFFE03A30C6003A70C61017FDBFE028
:10B1D0001504C01006AE000017FEBFE05800841032
:10B1E0001E03001017FDBFE00412801006020000CD
:10B1F00017FDBFE0040A801017FFFFE01700C0181A
:10B200003A880B183A880910402F2C501E9F0010C6
:10B21000441A800015F8BFE0069D000017FFBFE04C
:10B220000B00C01017FDBFE08D11C0100698000084
:10B2300017FDBFE08B088010144080103A8807107B
:10B2400017FDBFE08D08C0100691000017FDBFE09C
:10B250008B08C010C4BFBF003A7084183A8807102A
:10B2600017FDBFE08D08C0100689000017FFBFE082
:10B270001E03001084FDBF0015F8BFE00684000027
:10B2800017FFBFE0170080102607001017FDBFE072
:10B290008B088010144080103A88071017FDBFE01B
:10B2A0008D08C010067A000017FDBFE08B08C010A3
:10B2B000C4BFBF003A7084183A88071017FDBFE07A
:10B2C0008D08C0100672000017FFBFE117FD7FE177
:10B2D00017FE3FE1C038415015F8BFE0066C000092
:10B2E00017FFBFE01E03001084FDBF0015F8BFE08C
:10B2F0000667000017FFBFE0170080102606001049
:10B3000017FDBFE0170480101400C81017FDBFE040
:10B310001504C010065E000017FDBFE01704C01042
:10B32000C4FFB7003A70861817FDBFE01504C010BF
:10B330000657000017FDBFE083098010CC3F801046
:10B340001C20801004E0BF10600080101E0300105D
:10B350008405800015F8BFE0064D000017FDBFE032
:10B360001701801015F9BFE017F9BFE01709801029
:10B3700015FABFE017FABFE01E030010042080009A
:10B3800015F8BFE00642000017FFBFE01E030010E3
:10B3900084FDBF0015F8BFE0063D000017FFBFE0C9
:10B3A000170080102607001017FABFE00B0B801063
:10B3B000140180103A88071017FABFE00D0BC01077
:10B3C0000633000017FABFE00B0BC010C4FEBF002D
:10B3D0003A7084183A88071017FABFE00D0BC010B6
:10B3E000062B000017FDBFE083098010CC3F8010C2
:10B3F0001C20801004E0BF10600080101E030010AD
:10B400008405800015F8BFE00621000017FDBFE0AD
:10B410001701801015FBBFE017FBBFE01709801074
:10B4200015FCBFE017FCBFE01E03001004208000E5
:10B4300015F8BFE00616000017FCBFE017028010E9
:10B44000260300108405800015F8BFE006100000F8
:10B4500017FFBFE0170080103A88071017FCBFE005
:10B460000D0AC01017FCBFE00B0B801014008110F8
:10B470003A88071017FCBFE00D0BC010060400004F
:10B48000441B800015F8BFE0060100003A88010067
:10B4900017F8BFE03A8837E01701C0DF170000DF78
:10B4A0000402C0DE3A2800F804F5FFDE150AC0DF0A
:10B4B000150900DF040900DF15FD3FE115FE7FE1FE
:10B4C00015FFBFE115F73FE017FFBFE01E020010B8
:10B4D00084FDBF000619010017FEBFE0E000C410A4
:10B4E0001E7000180801C4101E2000182004C0108F
:10B4F0001E6400184804C0101E0C00182002C01062
:10B500001E6000184802C0101E050018A000C010E0
:10B510001ED60018200180101E5A001006040100DB
:10B52000080380101E02011006CA00002040C0104F
:10B530001E5400184840C0101E0500182008C010F6
:10B540001E500018202080101E3F001006F800003A
:10B550006000C4101E5F00188800C4101E6300182D
:10B56000208080101E47001006F100002004C41047
:10B570001E7F00184804C4101E100018A001C4103B
:10B580001E9B0018C801C4101E0500182001C4101D
:10B590001E4A0018600184101E90001006E400008E
:10B5A0002002C4101E6300181002C4101E69001887
:10B5B000600284101E93001006DD0000E004C41039
:10B5C0001E0E00180805C4101E0500186004C410E3
:10B5D0001E4C0018A00484101E50001006D4000059
:10B5E000E000C8101E6200182001C8101EAA001832
:10B5F000A00584101E8B001006CD000017FDBFE0D3
:10B600008B088010CCFFBF108C0080102607001024
:10B6100017FDBFE017018010170A8010170AC0102D
:10B6200017FFBFE01500C01006C30000B441810041
:10B6300004C2B21017008010170AC01017FFBFE035
:10B640001500C01006BC000017FFBFE015F8BFE0F2
:10B6500017FDBFE0170480100C20C01017F8BFE0E2
:10B660001500C01017FDBFE00B088010CCFFFF10C5
:10B670001C00E0180400E01817F8BFE01501C01026
:10B6800006AD000017FDBFE01704C01017FEBFE0B5
:10B690003A7084183A88071017FFBFE01500C010F1
:10B6A00006A5000017FDBFE0171680103A880710A6
:10B6B00017FFBFE01500C010069F000017FDBFE098
:10B6C000170E80103A88071017FFBFE01500C01052
:10B6D0000699000017FDBFE0171380103A88071085
:10B6E00017FFBFE01500C0100693000017FDBFE074
:10B6F000170B80103A88071017FFBFE01500C01025
:10B70000068D000017FDBFE0170A80103A88071069
:10B7100017FFBFE01500C0100687000017FDBFE04F
:10B72000171280103A88071017FFBFE01500C010ED
:10B730000681000017FDBFE083098010CC3FC010D8
:10B740001C20C01804E0FF1817FFBFE01500C01050
:10B750000679000017FDBFE01706C01017FFBFE015
:10B760001500C01017FDBFE015060010067200009E
:10B7700017FDBFE083098010CC3F80101C20801093
:10B7800004E0BF10600080101E03001084058000DC
:10B7900015F7BFE00668000017FDBFE01701801035
:10B7A00015F9BFE017F9BFE01709801015FABFE0DF
:10B7B00017FABFE01E0300100420800015F7BFE059
:10B7C000065D000017FABFE00B0A8010CCFFFF10E7
:10B7D00017FFBFE01500C0100657000017FDBFE0BF
:10B7E0008B19C01017FFBFE00D00C01006520000FB
:10B7F00017FDBFE08B11C01017FFBFE00D00C01098
:10B80000064D000017FDBFE0C3098010CC3FC010FB
:10B810001C20C01804E0FF1817FFBFE01500C0107F
:10B820000645000017FDBFE08B088010CCFFBF105D
:10B830000C4080102604001017FFBFE04400C00039
:10B840001500C010063C000017FFBFE015000010F7
:10B850000639000017FFBFE117FD7FE117FE3FE14A
:10B860004095415015F7BFE00633000017FDBFE0DB
:10B87000170480100C0088102604001017FFBFE08A
:10B880004400C0001500C010062B000017FFBFE0E9
:10B89000150000100628000017FDBFE08309801086
:10B8A000CC3F80101C20801004E0BF10600080108E
:10B8B0001E0300108405800015F7BFE0061E00007F
:10B8C00017FDBFE01701801015FBBFE017FBBFE0BD
:10B8D0001709801015FCBFE017FCBFE01E03001025
:10B8E0000420800015F7BFE00613000017FFBFE03B
:10B8F0001E03001084FDBF0015F7BFE0060E000018
:10B9000017FCBFE00B0B8010CCFFBF100C018010A8
:10B910002604001017FFBFE04400C0001500C0104F
:10B920000605000017FFBFE015000010060200002A
:10B93000441B80000601000017F7BFE03A8837E09B
:10B940001701C0DF170000DF0402C0DE3A2800F84C
:10B9500004FDFFDE1502C0DF150100DF040100DF7A
:10B9600015FF3FE117FFBFE04436C0001506C010C9
:10B9700017FFBFE0040A80103A880B1017FF3FE161
:10B98000001E2C503A8801003A8837E01701C0DFCA
:10B99000170000DF0402C0DE3A2800F804FDFFDED5
:10B9A0001502C0DF150100DF040100DF15FF3FE1D4
:10B9B00017FFBFE08B08C01044FDBF003A70841829
:10B9C0003A88071017FFBFE08D08C01017FFBFE0CF
:10B9D0008B088010140180103A88071017FFBFE011
:10B9E0008D08C01017FFBFE0040980103A880910C5
:10B9F000406224503A8801003A8837E01701C0DFDE
:10BA0000170000DF0402C0DE3A2800F804FCFFDE65
:10BA10001503C0DF150200DF040200DF15FF3FE160
:10BA200017FFBFE0171B801015FEBFE017FEBFE039
:10BA3000261400103A880B0017FF3FE100F82B5046
:10BA40001E03001074410101047A3E2140D62350A8
:10BA50004400800117FF7FE117FE3FE140ED2B50CE
:10BA600017FEBFE0040A80103A880B1017FE3FE172
:10BA7000001E2C5017FEBFE0040980103A88091000
:10BA80004062245017FFBFE08B08C010C4FCBF0009
:10BA90003A7084183A88071017FFBFE08D08C0106D
:10BAA00017FFBFE08B088010940080103A880710C1
:10BAB00017FFBFE08D08C01017FFBFE0150600108C
:10BAC00017FFBFE0040980103A8809104062245033
:10BAD00017FFBFE0040A80103A880B1017FF3FE100
:10BAE000001E2C5017FFBFE0041280103A880B1084
:10BAF00017FF3FE1001E2C503A8801003A8837E0DA
:10BB00001701C0DF170000DF0402C0DE3A2800F88A
:10BB100004FDFFDE1502C0DF150100DF040100DFB8
:10BB200015FF3FE117FFBFE08B08C010C4FEBF0048
:10BB30003A7084183A88071017FFBFE08D08C010CC
:10BB400017FFBFE08B088010140E80103A88071092
:10BB500017FFBFE08D08C01017FFBFE00409801079
:10BB60003A8809104062245017FFBFE00412801089
:10BB70003A880B1017FF3FE1001E2C5017FFBFE063
:10BB8000040A80103A880B1017FF3FE1001E2C506A
:10BB90003A8801003A8837E01701C0DF170000DF5C
:10BBA0000402C0DE3A2800F804FDFFDE1502C0DF03
:10BBB000150100DF040100DF15FF3FE117FFBFE0C3
:10BBC0008B088010CCFFBF100C01801026060010DF
:10BBD00017FFBFE08B088010140088103A88071008
:10BBE00017FFBFE08D08C01017FFBFE08B08C01023
:10BBF00044FCBF003A7084183A88071017FFBFE072
:10BC00008D08C01017FFBFE08B088010140C801047
:10BC10003A88071017FFBFE08D08C01017FFBFE07C
:10BC2000040980103A8809104062245017FFBFE0D1
:10BC3000041280103A880B1017FF3FE1001E2C50B1
:10BC400017FFBFE0040A80103A880B1017FF3FE18E
:10BC5000001E2C503A8801003A8837E01701C0DFF7
:10BC6000170000DF0402C0DE3A2800F804FBFFDE04
:10BC70001504C0DF150300DF040300DF15FF3FE1FB
:10BC800017FFBFE0431E8010CC3FC0101C20C0181F
:10BC900004E0FF1817FFBFE0031E8010CC3F8010A8
:10BCA0001C20801004E0BF103A88891817FFBFE0FD
:10BCB000831E8010CC3FC0101C20C01804E0FF1869
:10BCC0003A8805183A8885103A88C510FAD70610C0
:10BCD0003A8885187AD00510165B001104210001FE
:10BCE0008010265015FDBFE017FDBFE0265800105C
:10BCF00017FDBFE01500001017FD7FE1B441010101
:10BD000004C33321C01E255017FFBFE08309C010B4
:10BD100017FDBFE08509C01017FFBFE01704C01072
:10BD200044FFBF003A70861817FDBFE01504C0102D
:10BD300017FFBFE00B08C01017FDBFE00D08C010D3
:10BD400017FFBFE08B088010540080103A8807105E
:10BD500017FDBFE08D08C01017FFBFE01702C0102D
:10BD600017FDBFE01502C01017FFBFE00B09C010A0
:10BD700017FDBFE00D09C010173BE0D017FDBFE075
:10BD8000150BC010173AE0D017FDBFE01513C01017
:10BD90003A880D0017FD7FE117FF3FE140ED2B5082
:10BDA00017FDBFE01507001017FFBFE01705C01013
:10BDB00017FDBFE01505C01017FDBFE0170280108A
:10BDC000170380103A880D003A880B0017FD3FE1F9
:10BDD0003AE83E101E0F001003B6A0D0CC3F8010F2
:10BDE000260A001017B4A0D017FD3FE13AE83E1034
:10BDF00015FEBFE017FEBFE01E08001017FFBFE0F2
:10BE00000320C01017FDBFE00520C01017FDBFE0E4
:10BE1000061100003A880100060100003A8801007E
:10BE20003A880B0017FD3FE100F82B5017FD7FE12A
:10BE3000B441010104C33321C029255017FD3FE15E
:10BE4000C0132650060300003A88010006010000D6
:10BE50003A8801003A8805003A8837E01701C0DFC8
:10BE6000170000DF0402C0DE3A2800F804FCFFDE01
:10BE7000150300DF040300DF15FD3FE115FE7FE140
:10BE800015FFBFE117FEBFE017FDFFE0151BC01057
:10BE900017FFBFE01E0E001017FDBFE0031E80104D
:10BEA000440080103A88071017FDBFE0051EC0103F
:10BEB00017FDBFE0171CC01017FEBFE0151CC01017
:10BEC00017FDBFE017FEFFE0151CC010060D0000B7
:10BED00017FDBFE0431E8010440080103A88071011
:10BEE00017FDBFE0451EC01017FDBFE0171DC010B5
:10BEF00017FEBFE0151DC01017FDBFE017FEFFE0E5
:10BF0000151DC0103A8801003A8837E0170000DF9D
:10BF10000401C0DE3A2800F804FAFFDE150500DF50
:10BF2000040500DF15FE3FE115FF7FE117FEBFE0CE
:10BF3000171B801015FCBFE017FCBFE015FBBFE02E
:10BF400017FFBFE02603001017FBBFE0171D80108E
:10BF50000602000017FBBFE0171C801015FDBFE0B4
:10BF600017FDFFE017FEBFE02608801817FDFFE071
:10BF700017FCBFE01E0280183A8805000624000066
:10BF800017FDBFE015FBBFE006ED3F003A8801005A
:10BF900017FFBFE01E0B001017FDBFE0171CC010FD
:10BFA00017FBBFE0151CC01017FCBFE0031E80107C
:10BFB000C4FFBF103A88071017FCBFE0051EC01071
:10BFC000060A000017FDBFE0171DC01017FBBFE0F9
:10BFD000151DC01017FCBFE0431E8010C4FFBF102A
:10BFE0003A88071017FCBFE0451EC01017FDBFE0E0
:10BFF000151D001017FDBFE0171DC01017FDBFE095
:10C00000151CC01017FDBFE0151B00104400800078
:10C010003A8837E0170000DF0401C0DE3A2800F854
:10C0200004FDFFDE1502C0DF150100DF040100DFA3
:10C0300015FF3FE117FFBFE08B088010140480104C
:10C040003A88071017FFBFE08D08C01017FFBFE048
:10C05000041280103A880B1017FF3FE1001E2C508D
:10C060003A8801003A8837E01701C0DF170000DF87
:10C070000402C0DE3A2800F804FDFFDE1502C0DF2E
:10C08000150100DF040100DF15FF3FE117FFBFE0EE
:10C090008B088010140880103A88071017FFBFE043
:10C0A0008D08C01017FFBFE0040A80103A880B10FB
:10C0B00017FF3FE1001E2C503A8801003A8837E014
:10C0C0001701C0DF170000DF0402C0DE3A2800F8C5
:10C0D00004FEFFDE150100DF040100DF15FF3FE174
:10C0E00017FFBFE00B078010140280103A8807107A
:10C0F00017FFBFE00D07C0103A8801003A8837E00B
:10C10000170000DF0401C0DE3A2800F804FDFFDE5E
:10C110001502C0DF150100DF040100DF15FF3FE15C
:10C1200017FFBFE00B078010140180103A8807103A
:10C1300017FFBFE00D07C01017FFBFE03A880910D6
:10C14000004B245017FFBFE00B07C010C4FEBF0018
:10C150003A7084183A88071017FFBFE00D07C01027
:10C160003A8801003A8837E01701C0DF170000DF86
:10C170000402C0DE3A2800F804FCFFDE1503C0DF2D
:10C18000150200DF040200DF15FE3FE115FF7FE12D
:10C1900017FFBFE00B078010CCFFBF100C02801010
:10C1A000260A00100D9D20D0049D20D1406224500D
:10C1B00017FFBFE00B07C010C4FDBF003A70841822
:10C1C0003A88071017FFBFE00D07C01017FFBFE048
:10C1D0000B078010CCFFBF100C018010260300104D
:10C1E00017FFBFE03A880910406224503A880100E6
:10C1F0003A8837E01701C0DF170000DF0402C0DE15
:10C200003A2800F804FBFFDE1504C0DF150300DF49
:10C21000040300DF15FD3FE115FE7FE115FFBFE1DF
:10C2200017FDBFE00412801017FE7FE13A88091065
:10C23000402F2C50260E001017FDBFE0040A80107E
:10C2400017FF7FE13A880910402F2C50260200107A
:10C250003A880500060800003A88010017FDBFE093
:10C26000041280103A88091040342C500601000056
:10C270003A880100441A80003A8837E01701C0DF8D
:10C28000170000DF0402C0DE3A2800F804FDFFDEDC
:10C29000150200DF040200DF15FE3FE115FF7FE11C
:10C2A00017FEBFE017FFFFE01501C01017FFBFE04A
:10C2B0003A8885107000D0101E010018040090000C
:10C2C00017FEFFE015038018440080003A8837E02D
:10C2D000170000DF0401C0DE3A2800F804FDFFDE8D
:10C2E0001502C0DF150100DF040100DF15FF3FE18B
:10C2F00017FF3FE1408C2C5017FFBFE015030010E3
:10C3000017FFBFE01703C01017FFBFE01501C010F3
:10C310003A8801003A8837E01701C0DF170000DFD4
:10C320000402C0DE3A2800F804FBFFDE1504C0DF7B
:10C33000150300DF040300DF15FE3FE115FF7FE179
:10C3400017FFBFE0261A00108070255017FEBFE0CF
:10C350001706801015FDBFE017FDBFE0260E001088
:10C360000603000017FDBFE01707801015FDBFE0B2
:10C3700017FDBFE0170780101EFA3F1006030000EC
:10C3800017FDBFE01706801015FDBFE017FDBFE0E9
:10C39000170680101EFA3F1017FDBFE117FF7FE15F
:10C3A00017FE3FE1406E2C508076255006010000BC
:10C3B0003A8801003A8837E01701C0DF170000DF34
:10C3C0000402C0DE3A2800F804FBFFDE1504C0DFDB
:10C3D000150300DF040300DF15FE3FE115FF7FE1D9
:10C3E00017FFBFE0262800108070255017FEBFE021
:10C3F0001706801015FDBFE017FDBFE026070010EF
:10C400000603000017FDBFE01707801015FDBFE011
:10C4100017FDBFE0170780101EFA3F1017FEBFE0A0
:10C420001700C01017FFBFE0170280103A88871866
:10C4300017FEBFE01500C01017FDBFE02604001076
:10C4400017FDBFE017FFFFE01507C010060300004F
:10C4500017FEBFE017FFFFE01506C01017FFBFE093
:10C460001706801015FDBFE017FFBFE0150600108E
:10C4700017FFBFE117FD7FE117FE3FE1406E2C5033
:10C4800080762550060100003A8801003A8837E09E
:10C490001701C0DF170000DF0402C0DE3A2800F8F1
:10C4A00004F8FFDE1507C0DF150600DF040600DF15
:10C4B00015FD3FE115FE7FE115FFBFE1040480009B
:10C4C00015FCBFE08070255017FFBFE015FABFE0F4
:10C4D0000608000017FABFE01702C01017FCBFE003
:10C4E0003A88851815FCBFE017FABFE017068010E0
:10C4F00015FABFE017FABFE01EF63F1017FDBFE0C8
:10C50000170180103A88071017FDBFE01700801050
:10C510003AC885181607001017FDBFE01701C010B4
:10C5200017FDBFE0170080103AC885183A88071039
:10C53000060100003A88070017FCBFE00E038018D0
:10C54000807625503A880500064700000404400123
:10C55000440200014034265015FABFE017FABFE04C
:10C560001E030010807625503A880500063E000024
:10C5700017FABFE01703801017FEFFE00B00001949
:10C580000D0000118B0000198D0000110B01001926
:10C590000D0100118B0100198D0100110B02001912
:10C5A0000D0200118B0200198D0200110B030019FE
:10C5B0000D0300118B03C0188D03C01017FABFE0E4
:10C5C0000404C0001502C01017FDBFE01700C01022
:10C5D00017FABFE0170280103A88871817FDBFE0EE
:10C5E0001500C01017FDBFE01706801015FBBFE057
:10C5F00017FBBFE0260B00100603000017FBBFE08F
:10C600001707801015FBBFE017FBBFE0170780106E
:10C610001EFA3F1017FBBFE017FAFFE01507C01026
:10C620000603000017FDBFE017FAFFE01506C01073
:10C6300017FABFE0170680102603001017FABFE0B4
:10C640001706801015FABFE017FFBFE026040010A0
:10C6500017FABFE117FF7FE117FD3FE1406E2C5055
:10C6600080762550440080003A8837E01701C0DF0B
:10C67000170000DF0402C0DE3A2800F804FBFFDEEA
:10C680001504C0DF150300DF040300DF15FD3FE1E3
:10C6900015FE7FE115FFBFE10668000017FEBFE051
:10C6A000170280101E04001017FE3FE1C04C2650F8
:10C6B00015FEBFE00661000017FEBFE017088010FE
:10C6C000600080101E11001017FEBFE017088010D8
:10C6D000A00080101E0D001017FEBFE0170880108C
:10C6E000600280101E09001017FEBFE017088010BE
:10C6F0003A880B1074410101047E3E2140700250C3
:10C700007441010104833E2140D6235017FFBFE04E
:10C710002633001017FDBFE00B078010CCFFBF10C1
:10C720000C208010262E001017FFBFE01702C0104B
:10C7300017FEBFE0170280103A88871817FFBFE086
:10C740001705801017FF3FE1170300213A880B20DF
:10C7500017FF3FE1170400213AC809293AC805111B
:10C760002E1F801817FFBFE01703C01017FFBFE090
:10C77000170280103A88871817FEBFE017030011D0
:10C7800017FEBFE0170280103A880D103A880B2080
:10C790003A8809184027025017FDBFE01700C01063
:10C7A00017FEBFE0170280103A88871817FDBFE018
:10C7B0001500C01017FFBFE01702C01017FEBFE042
:10C7C000170280103A88871817FFBFE01502C010C3
:10C7D00017FE3FE1C04C265015FEBFE006170000D3
:10C7E00017FDBFE01700C01017FEBFE01702801052
:10C7F0003A88871817FDBFE01500C01017FFBFE08B
:10C800002604001017FFBFE017FEFFE01506C0105A
:10C810000603000017FDBFE017FEFFE01506C0107D
:10C8200017FEBFE015FFBFE017FEBFE01706801040
:10C8300015FEBFE017FFBFE01506001017FEBFE0B2
:10C840001E963F103A8801003A8837E01701C0DF92
:10C85000170000DF0402C0DE3A2800F804FDFFDE06
:10C860001502C0DF150100DF040100DF15FF3FE105
:10C870008070255017FFBFE00B078010CCFFBF1062
:10C880004C008010260900107441010104863E21ED
:10C8900040D623500605000017FFBFE017008010A8
:10C8A0003A880B1017FF3FE180942C5017FFBFE030
:10C8B000170280101EF83F1017FFBFE0170080100E
:10C8C0001EF53F10807625503A8801003A8837E0FF
:10C8D0001701C0DF170000DF0402C0DE3A2800F8AD
:10C8E00004F9FFDE1506C0DF150500DF040500DFD3
:10C8F00015FE3FE115FF7FE18070255017FEBFE078
:10C900001706801015FBBFE017FBBFE026040010E0
:10C9100017FBBFE01707801015FCBFE006370000CB
:10C9200015FC3FE00635000017FBBFE01E0B0010B2
:10C9300017FCBFE01E0300107441010104883E2172
:10C9400040D6235017FCBFE015FBBFE017FBBFE04C
:10C950001707801015FCBFE00628000017FBBFE09A
:10C960001702801017FFFFE02E13801817FBBFE09F
:10C970001702C01017FFBFE03AC8871817FBBFE0C7
:10C980001502C01017FBBFE01703C01017FFBFE070
:10C990003A88871817FBBFE01503C01017FEBFE0E9
:10C9A0001700C01017FFBFE03AC8871817FEBFE096
:10C9B0001500C0100613000017FFFFE017FBBFE0D3
:10C9C000170280103AC8851815FFBFE017FEBFE0B8
:10C9D0001700C01017FBBFE0170280103AC8871875
:10C9E00017FEBFE01500C01017FB3FE1C04C2650FA
:10C9F00015FDBFE017FDBFE015FBBFE017FFBFE06F
:10CA000016C9BF00060C000017FEBFE01700C010DB
:10CA100017FBBFE0170280103AC8871817FEBFE067
:10CA20001500C01017FB3FE1C04C265015FDBFE0BC
:10CA300017FDBFE015FBBFE017FBBFE026030010AA
:10CA400017FBBFE01702801026EF3F1017FBBFE077
:10CA50002607001017FEBFE017FBFFE01506C01009
:10CA600017FBBFE017FCFFE01507C010060300002E
:10CA700017FEBFE017FCFFE01506C01080762550BA
:10CA80003A8801003A8837E01701C0DF170000DF5D
:10CA90000402C0DE3A2800F804F9FFDE1506C0DF04
:10CAA000150500DF040500DF15FE3FE115FF7FE1FE
:10CAB0008070255017FF3FE1C0AC265015FDBFE048
:10CAC00017FDBFE00E07800017FEBFE01706C0107D
:10CAD00017FDBFE03AC885003A880B103A8809185C
:10CAE000C090265017FEBFE01706801015FBBFE070
:10CAF00015FC3FE017FEBFE01706801017028010FC
:10CB00001E08001017FEBFE0150600100605000005
:10CB100017FBBFE015FCBFE017FBBFE01706801056
:10CB200015FBBFE017FBBFE02603001017FBBFE0BB
:10CB3000170280101EF63F1017FBBFE026090010F9
:10CB400017FBBFE0170280101E06001017FCBFE0A5
:10CB50002602001017FCBFE01506001017FB3FE18E
:10CB6000405D265017FEBFE01700C01017FDBFE064
:10CB70003AC8871817FEBFE01500C0108076255010
:10CB80003A8801003A8837E01701C0DF170000DF5C
:10CB90000402C0DE3A2800F804FBFFDE1504C0DF03
:10CBA000150300DF040300DF15FF3FE1807025500F
:10CBB00017FFBFE01706801015FDBFE017FDBFE0AF
:10CBC0002612001017FDBFE01707C01017FFBFE0C7
:10CBD0001506C01017FFBFE01700C01017FDBFE01B
:10CBE000170280103AC8871817FFBFE01500C01061
:10CBF00017FD3FE1C04C265015FEBFE017FEBFE019
:10CC000015FDBFE017FDBFE01EF23F1080762550F6
:10CC10003A8801003A8837E01701C0DF170000DFCB
:10CC20000402C0DE3A2800F80472FEDE158DC1DF72
:10CC3000158C01DF048C01DF15FC3FE115FD7FE160
:10CC400015FEBFE115FFFFE115743EE00476BEE07E
:10CC500004C380013A880B003A88091080510250C1
:10CC60000439BFE004C380013A880B003A880910F8
:10CC70008051025017FCBFE0260500100439BFE0C8
:10CC80000441800117FC7FE13A88091040270250D7
:10CC900017FDBFE0260600100439BFE004418010F4
:10CCA0000441800117FD7FE13A88091040270250B6
:10CCB00017FEBFE0260600100439BFE00482801092
:10CCC0000441800117FE7FE13A8809104027025095
:10CCD0001795E0D017FFBFE03A8885181575BEE0BC
:10CCE0001739BFE01E0C0010177ABFE01E0A0010B3
:10CCF00017BBBFE01E08001017FFBFE00E1F80002B
:10CD000017FFBFE044008010CCFFBF103A88091025
:10CD1000C0A31A50061900003A880900C07A2550AD
:10CD2000060A000017FFBFE0E0FFBF101E0300105F
:10CD30001795E0D01775BEE02E0D801844008000D6
:10CD40000D9DA0D0049D20D1004B24500476FEE020
:10CD50000439BFE03A880B183A88091000E62C50D5
:10CD60001574BEE01774BEE026EE3F100601000009
:10CD70003A8801003A880900008725501774BEE000
:10CD80001617001017FCBFE0260500100476BEE061
:10CD9000044180013A880B1017FC3FE14027025004
:10CDA00017FDBFE0260600100476BEE004418010A7
:10CDB000044180013A880B1017FD3FE140270250E3
:10CDC00017FEBFE0260600100476BEE00482801045
:10CDD000044180013A880B1017FE3FE140270250C2
:10CDE0001774BEE03A8837E01701C0DF170000DF94
:10CDF0000402C0DE3A2800F804F6FFDE1509C0DFA1
:10CE0000150800DF040800DF15FE3FE115FF7FE194
:10CE100015FA3FE015FB3FE015F83FE0063D000046
:10CE200017F8BFE06000C0101E060018A000C01078
:10CE30001E0700181E0800104400800015FABFE00D
:10CE4000060500008400800015FABFE0060200001D
:10CE500015FA3FE03A88010017F8BFE0244180103E
:10CE600017FEFFE03A88851815FCBFE017F8BFE011
:10CE70002441801017FFFFE03A88851815FDBFE0B8
:10CE800015F93FE0061B000017FCFFE017F9BFE0B3
:10CE9000440080103A8885103A8885103A888518B1
:10CEA0001700801017FA7FE13A88091000FA2C5019
:10CEB000260D001017FCFFE017F9BFE044008010BA
:10CEC0003A8885103A8885103A88851817008010AE
:10CED00017FD7FE13A880910803B2D5017FBBFE01A
:10CEE0004400801015FBBFE017F9BFE0440080103C
:10CEF00015F9BFE017FCBFE0170080103A88071053
:10CF000017F9BFE016E0FF1017F8BFE044008010EB
:10CF100015F8BFE017F8BFE0D00080101EC03F102A
:10CF200017FBBFE03A8837E01701C0DF170000DFCA
:10CF30000402C0DE3A2800F804FAFFDE1505C0DF5F
:10CF4000150400DF040400DF15FE3FE115FF7FE15B
:10CF500015FC3FE017FEBFE004F8BF103A888510CB
:10CF60003A88851015FDBFE017FFBFE06000C010D4
:10CF70001E040018A000C0101E2000182643001038
:10CF80000660000017FDBFE0170A8010260300109E
:10CF90004400800015FCBFE0065A000017FDBFE00A
:10CFA0008B088010CCFFBF100C08801026030010E7
:10CFB0004400800015FCBFE00652000017FDBFE0F2
:10CFC000431E8010CC3F80101C20801004E0BF1056
:10CFD000260300104400800015FCBFE00649000055
:10CFE00017FDBFE00B118010140280103A88071063
:10CFF00017FDBFE00D11C0100642000017FDBFE095
:10D00000171380103A88071017FDBFE01712801021
:10D010003AC885181618001017FDBFE01713C01086
:10D0200017FDBFE0171280102613801817FDBFE010
:10D030008B088010CCFFBF108C0080101E0B0010DE
:10D0400017FDBFE0170280100B018010CCFFBF104E
:10D050000C0180102605001017FDBFE08B08801022
:10D06000CCFFBF100C048010260300104400800089
:10D0700015FCBFE00623000017FDBFE0041280107E
:10D080003A88091080132C50061E000017FDBFE0DF
:10D09000171A80101E05001017FDBFE08B088010C6
:10D0A000CCFFBF100C10801026030010440080003D
:10D0B00015FCBFE00613000017FDBFE01706801047
:10D0C000260B001017FDBFE017068010E01D801032
:10D0D0001E07001017FDBFE017068010E002801049
:10D0E0001E0300104400800015FCBFE00605000090
:10D0F00017FDBFE0040A80103A88091080132C50F5
:10D100003A88010017FCBFE03A8837E01701C0DF1A
:10D11000170000DF0402C0DE3A2800F804F8FFDE42
:10D120001507C0DF150600DF040600DF15FC3FE130
:10D1300015FD7FE115FEBFE115FFFFE117FCBFE024
:10D140001700801015FABFE0061C000017FABFE0B8
:10D150001703C01017FDBFE0170080101E038018D2
:10D1600017FABFE0170880101E04001017FABFE07E
:10D170001700801015FABFE00610000017FEBFE090
:10D180002604001017FABFE01708801017FEFFE012
:10D190001506C01017FABFE015FBBFE017FABFE095
:10D1A0001700801015FABFE017FFBFE0260300103C
:10D1B00017FFBFE017FB3FE13AE83E1017FAFFE028
:10D1C00017FCBFE01EE1BF183A8801003A8837E03B
:10D1D0001701C0DF170000DF0402C0DE3A2800F8A4
:10D1E00004FDFFDE1502C0DF150100DF040100DFD2
:10D1F00015FF3FE117FFBFE01708801004098010FA
:10D200003A8809104062245017FFBFE01708C01089
:10D2100017FFBFE017088010040A80103A880B102F
:10D220003A880918001E2C5017FFBFE01708C010DD
:10D2300017FFBFE017088010041280103A880B1007
:10D240003A880918001E2C503A8801003A8837E0C5
:10D250001701C0DF170000DF0402C0DE3A2800F823
:10D2600004FBFFDE1504C0DF150300DF040300DF4D
:10D2700015FE3FE115FF7FE115FD3FE0062A0000A6
:10D2800017FFFFE017FDBFE0440080103A888510CB
:10D290003A8885103A8885181700C01017FEBFE03D
:10D2A0001E1E80180612000017FDBFE0440080100B
:10D2B00017FFFFE0440080103A8885103A888510F7
:10D2C0003A8885181700C01017FF3FE117FDBFE02F
:10D2D000440080103A8885103A8885103A88852065
:10D2E0001500C01017FDBFE04400801015FDBFE021
:10D2F00017FDBFE04400C01017FFBFE0170080100B
:10D3000036E9BF1817FFBFE017008010C4FFFF10F9
:10D3100017FFBFE01500C0100608000017FDBFE0B2
:10D320004400801015FDBFE017FFBFE0170080101C
:10D3300017FDFFE036D2BF18005325503A8837E07A
:10D340001701C0DF170000DF0402C0DE3A2800F832
:10D3500004FCFFDE1503C0DF150200DF040200DF5E
:10D3600015FE3FE115FF7FE117FFBFE017008010BA
:10D37000281080101E0D001017FFBFE0170080104E
:10D380004400001117FFFFE01500001917FFFFE030
:10D39000440080103A8885103A8885103A888518AC
:10D3A00017FEFFE01500C0100601000000532550D5
:10D3B0003A8801003A8837E01701C0DF170000DF24
:10D3C0000402C0DE3A2800F804FCFFDE150300DF8B
:10D3D000040300DF15FE3FE115FF7FE115FD3FE08F
:10D3E000060E000017FFFFE017FDBFE044008010AD
:10D3F0003A8885103A8885103A8885181700C01039
:10D4000017FEBFE01E0280184400800006080000DE
:10D4100017FDBFE04400801015FDBFE017FFBFE01F
:10D420001700801017FDFFE036EEBF183A880500A0
:10D430003A8837E0170000DF0401C0DE3A2800F820
:10D4400004FCFFDE1503C0DF150200DF040200DF6D
:10D4500015FE3FE115FF7FE117FFBFE017008010C9
:10D4600017FEFFE02E08801817FFFFE017FEBFE051
:10D47000440080103A8885103A8885103A888518CB
:10D48000170080100602000000532550C4FFBF00A3
:10D490003A8837E01701C0DF170000DF0402C0DE62
:10D4A0003A2800F804F5FFDE150AC0DF150900DF91
:10D4B000040900DF15FD3FE115FE7FE115FFBFE127
:10D4C00017FDBFE0170D80101708801015F8BFE09A
:10D4D00017FEBFE026A4001017FDBFE01700801064
:10D4E00015F7BFE00609000017F7BFE01706C010E8
:10D4F00017FEBFE0170680103AC88518160780008F
:10D5000017F7BFE01700801015F7BFE017F7FFE02F
:10D5100017FDBFE01EF4BF18060100003A880100A5
:10D5200017F7BFE01701C01017FDBFE0263F8018B6
:10D5300017F7BFE01701801015F7BFE017F7BFE03E
:10D540001706C01017F7BFE08B028010CCFFBF108A
:10D550003A88871817FEBFE0170680103AC885186A
:10D5600015F9BFE017F9BFE00E2D800017FEBFE0F0
:10D570008B028010CCFFBF1017F9FFE0161880183F
:10D58000B441810004F6B310171F80104400C0108E
:10D59000B441810004F6B310151FC010B4418100DE
:10D5A00004F6B3101720C01017FEBFE08B028010E6
:10D5B000CCFFBF103A888718B441810004F6B3103D
:10D5C0001520C010C4258000159FA0D03A88010006
:10D5D00017FF3FE1405D26503A88050006B0000085
:10D5E00017F97FE117FF3FE1C090265017FEBFE01B
:10D5F0008B02801017F9FFE03AC8C5103A8807106F
:10D6000017FEBFE08D02C01017FEBFE01706C01066
:10D6100017F9BFE03A88871817FEBFE01506C0105B
:10D6200017F7BFE01700801015F7BFE0B441810085
:10D6300004F6B310172380104400C010B4418100D9
:10D6400004F6B3101523C010B441810004F6B310E2
:10D650001724C01017FEBFE08B028010CCFFBF1054
:10D660003A888718B441810004F6B3101524C0101D
:10D670000632000017FEBFE01706C01017FEBFE01D
:10D680008B028010CCFFBF103A88871817F7BFE0D5
:10D69000170680103AC8851815FABFE017FABFE0E0
:10D6A0000E2A800017F7BFE08B028010CCFFBF105E
:10D6B00017FAFFE00E13801817F7BFE01706C01027
:10D6C00017FABFE03A88871817F7BFE01506C010B1
:10D6D00017F7BFE08B02801017FAFFE03AC8C510B9
:10D6E0003A88071017F7BFE08D02C01017F73FE127
:10D6F00000B2265017FA7FE13A880910C0902650F0
:10D700000613000017F7BFE01700801015F7BFE001
:10D7100017F7BFE0170180103A88091000B22650B1
:10D7200015FBBFE017F7BFE0170180103A8809101A
:10D73000C0BB265017FB3FE1405D265017F7FFE0C6
:10D7400017FDBFE01ECBBF18060100003A8801009C
:10D7500017F7BFE0170180103A880B1017FE3FE162
:10D76000C0C22650060100003A88010017FDBFE044
:10D7700017028010C80080101E0200103A880500B1
:10D780000647000017FDBFE01700801015FEBFE040
:10D7900017FEFFE017FDBFE02605801817FEBFE06B
:10D7A0001706C01017FDBFE017168010260280185C
:10D7B0003A880500063A000017FDBFE01702801006
:10D7C000D80080101E06001017FEBFE08B028010EC
:10D7D000CCFFBF10260200103A880500063000007A
:10D7E00017FDBFE01716C01017FEBFE08B028010B8
:10D7F000CCFFBF103A88871817FDBFE01516C01080
:10D8000017FEBFE043088010CC3F80104C00801012
:10D8100015FCBFE017FE3FE1C0BB265017FE3FE1FD
:10D8200000B2265015FBBFE017FEBFE017008010C6
:10D8300015FEBFE017F8BFE08B088010CCFFBF10CB
:10D840000C0880102603001017FB3FE1405D2650B6
:10D850000605000017F8BFE0040A801017FB7FE1FF
:10D860003A88091000392C5017FEFFE017FDBFE081
:10D870002605801817FEBFE01706C01017FDBFE091
:10D880001716801026D6BF1817F8BFE0040A8010BC
:10D890003A880B1017F83FE1001E2C5017FCBFE030
:10D8A0003A8837E01701C0DF170000DF0402C0DE4E
:10D8B0003A2800F804DFFFDE1520C0DF151F00DF67
:10D8C000041F00DF15FE3FE115FF7FE115E53FE096
:10D8D00015E63FE015E83FE015EB3FE015EC3FE0D3
:10D8E00015ED3FE0B441810004F6B3101719801024
:10D8F0004400C010B441810004F6B3101519C010E3
:10D90000B441810004C8B310170980104400C0104E
:10D91000B441810004C8B3101509C01017FEBFE060
:10D920001703801015E3BFE017E3BFE0030080108A
:10D93000CC3F8010B01180101E06001017FE7FE152
:10D9400017E33FE18055275017FEBFE01703801013
:10D9500015E3BFE017FEBFE017028010280A801011
:10D960001E080010B441810004F6B310171E801089
:10D970004400C010B441810004F6B310151EC0105D
:10D980000693080017E3BFE08B008010CCFFBF10A8
:10D9900015F1BFE017FEBFE01703801015F2BFE0DE
:10D9A00017FEBFE0170180101701801017F2FFE08B
:10D9B0002E03801874410101048A3E2140D6235071
:10D9C00017F2BFE003088010CC3F80103AD104105A
:10D9D000CC3F80103A8885103A88851015F3BFE057
:10D9E00017F3BFE0300580101E03001017F3BFE0EF
:10D9F00017F1FFE00E118018B441810004F6B31056
:10DA0000171D80104400C010B441810004F6B3100B
:10DA1000151DC010B441810004C8B310170D80104B
:10DA20004400C010B441810004C8B310150DC010EB
:10DA300084578000159FA0D00650080017F1FFE022
:10DA400017F3BFE03AC8851815F1BFE017F1BFE042
:10DA50003A88071017F2BFE08D02C01017F3BFE03D
:10DA6000700580101E33001017F3BFE004FBBF10D9
:10DA700015F4BFE017F47FE1440000014034265064
:10DA800015E5BFE017E5BFE01E030010845A8000D3
:10DA9000159FA0D00639080017F4FFE017E5BFE096
:10DAA0001502C01017FEBFE0170180100B08801090
:10DAB000CCFFFF109461B7001E05801817FEBFE071
:10DAC000170380100405801015EEBFE00604000067
:10DAD00017FEBFE017038010040A801015EEBFE0A8
:10DAE00017E5BFE01703801017F4FFE03A880D1820
:10DAF00017EE7FE13A8809104027025017FEBFE079
:10DB00001703C01017E5BFE0170280103A88871886
:10DB100017FEBFE01503C01017FEBFE01702C010CC
:10DB200017E5BFE0170280103AC8871817FEBFE05C
:10DB30001502C01017F2BFE043088010CC3F8010E0
:10DB400015E7BFE017F2BFE0170680103AD60610BF
:10DB500017F2BFE0170680103AD204100CC0BF10B5
:10DB60003AB0861817F2BFE0170680100CC0BF103D
:10DB70003A9204103AB0861817F2BFE017068010E8
:10DB80003A9604103AB0861817F2BFE01506C01096
:10DB900017F2BFE0170780103AD6061017F2BFE061
:10DBA000170780103AD204100CC0BF103AB0861884
:10DBB00017F2BFE0170780100CC0BF103A92041094
:10DBC0003AB0861817F2BFE0170780103A96041093
:10DBD0003AB0861817F2BFE01507C01017F2BFE081
:10DBE0008B098010CCFFBF103AD204103A8807107E
:10DBF00017F2BFE08B098010CCFFBF103A920410DF
:10DC00003AB084183A88071017F2BFE08D09C010A7
:10DC100017FEBFE0170180100B088010CCFFBF106B
:10DC2000200280102622001017FEBFE0170380108C
:10DC3000040AC01017FEBFE01503C01017FEBFE0B6
:10DC40001702801004F6FF1017FEBFE01502C01087
:10DC500017F2BFE01703001117F2BFE00B058010A9
:10DC6000CCFF7F1117F2BFE01704801117F2BFE05D
:10DC70008B058010CCFFBF104400C0001501C0D838
:10DC8000150080D83A880F303A880D283A880B2042
:10DC9000B441010104EB3321809A465015E4BFE002
:10DCA0003A88010017E4BFE01E06001006020000DB
:10DCB0000053255006C60700046B8000159FA0D0B6
:10DCC000066D070017E4BFE01709801015E6BFE0F6
:10DCD00017E6BFE01E030010C46B8000159FA0D0A4
:10DCE0000665070017E6BFE0170280101E0300104C
:10DCF000446C8000159FA0D006A0070017E4BFE089
:10DD00001708801015E8BFE017F2BFE08B088010FD
:10DD1000CCFFBF103AD20410CCFFBF10CC3FC010D4
:10DD200017F2BFE08B088010CCFFBF103A920410AE
:10DD3000CCFFBF103AB0841815F5BFE017E8BFE07C
:10DD4000170480108C008010262C001017E83FE18B
:10DD500040CD2B5015E8BFE017E8BFE01E030010D0
:10DD600044738000159FA0D00684070017ECBFE025
:10DD70004400801015ECBFE017E8BFE017018010E9
:10DD800015E4BFE017E4BFE017FFFFE0150AC0107D
:10DD900017E8BFE017058010A0008010260D0010C6
:10DDA00017E4BFE017F2FFE01704C0181504C01015
:10DDB00017FFBFE01709C01017FFBFE0170880105A
:10DDC000040A80103AC8871817E4BFE01506C0108F
:10DDD0003A88010017F2BFE08B05C01017E4BFE0DE
:10DDE0008D07C01017E4BFE01709801015E6BFE0EB
:10DDF00017E6BFE04400C0001502C01017E6BFE000
:10DE0000151D00101738E0D017E6BFE01505C0104B
:10DE100017E5BFE02609001017E6BFE017028010E3
:10DE2000600080101E05001017F2BFE117E57FE1CA
:10DE300017E63FE1C0C42F5015E53FE017F2BFE001
:10DE40001707C01017E6BFE0170E80103AC88518F4
:10DE500015F6BFE017E8BFE0170B80103A880710EF
:10DE600017E8BFE0170A80103AC885181606001098
:10DE700017E8BFE0170BC01017E8BFE0170A8010C3
:10DE80003AC88518060100003A88050015EFBFE082
:10DE900017EFBFE00E01001015EF3FE017E6BFE0FF
:10DEA0001719C01017E6BFE0171680103AC885187A
:10DEB00017EFFFE02E01C0103A88051817E6FFE0C3
:10DEC0001515801817E6BFE01702801018018010A2
:10DED0001E02011017E7BFE0CC0D8010180480105F
:10DEE0001EFE001017F2BFE01706C01017E6BFE0D5
:10DEF000171680101EF9801817F5BFE026F70010DE
:10DF000017E6BFE01714C01017F5BFE01EF3801826
:10DF100017E6BFE0170FC01017E6BFE0171A801012
:10DF20001EEE801817F2BFE08B028010CCFFBF10EE
:10DF30001E61001017F2BFE01707C01017E6BFE020
:10DF4000170E80103AC885180EE4800017F2BFE063
:10DF50001707C01017E6BFE0171A80103AC88518D7
:10DF600016DE800017E6BFE0171BC01017E6BFE003
:10DF70001714801036D98018B441810004F6B3100C
:10DF8000173580104400C010B441810004F6B3106E
:10DF90001535C01017E6BFE0171E801026080010C8
:10DFA00017F2BFE01707C01017E6BFE0171F801079
:10DFB0003AC885180E02800017E63FE100F02F50A6
:10DFC000B441810004F6B310172B80104400C01038
:10DFD000B441810004F6B310152BC010B441810088
:10DFE00004F6B310172CC01017F6BFE03A88871854
:10DFF000B441810004F6B310152CC01017E8BFE03F
:10E000000412801017F67FE13A88091080942C5092
:10E0100017F2BFE01707C01017E6BFE0150EC010DB
:10E0200017FE3FE1405D265017E6BFE0170EC01017
:10E0300017E6BFE0171A80101E03801817E6BFE02E
:10E04000150300100607000017E6BFE01704801054
:10E050001E04001017E6BFE01708C01017E6BFE067
:10E060001503C01017E8BFE00B198010CCFFBF10DC
:10E070000C0380102605001017E8BFE00412801082
:10E080003A880B1017E83FE1001E2C5017E8BFE05C
:10E090001712801017E6FFE0170F001917E6FFE0D0
:10E0A000170EC0183AC8C7202EC0861817E63FE1E1
:10E0B000C028305006BD060017F2BFE01707C01099
:10E0C00017E6BFE0170E80101E84801817E6BFE029
:10E0D0001700C01017E6BFE01E80801817F2BFE0DF
:10E0E0008B028010CCFFFF1017E8BFE0170B8010E9
:10E0F0003A88091017E8BFE0170A80103AC885204F
:10E100001606001017E8BFE0170B001117E8BFE074
:10E11000170A80103AC88520060100003A880500D9
:10E12000366EC01017E6BFE0171580101E0C0010E9
:10E13000B441810004F6B310172880104400C010C9
:10E14000B441810004F6B3101528C01017FE3FE15A
:10E15000405D265017E63FE1C0283050069C06007F
:10E16000B441810004F6B310173680104400C0108B
:10E17000B441810004F6B3101536C01017E6BFE0B5
:10E180001716C01017F2BFE08B028010CCFFBF1033
:10E190003A88871817E6BFE01516C010B441810011
:10E1A00004F6B310171A80104400C010B441810067
:10E1B00004F6B310151AC010B441810004F6B31070
:10E1C000171BC01017F2BFE08B028010CCFFBF10EE
:10E1D0003A888718B441810004F6B310151BC010AB
:10E1E00017E8BFE0040A801017FE7FE13A880910A3
:10E1F00000392C5017E8BFE0040A80103A880B1051
:10E2000017E83FE1001E2C5017E7BFE00C0280101A
:10E210002607001017E6BFE00B0B8010540080109B
:10E220003A88071017E6BFE00D0BC0100606000085
:10E2300017E6BFE00B0B8010940080103A8807109F
:10E2400017E6BFE00D0BC01017E6BFE01715C010B2
:10E2500017E6BFE01716001117E6BFE01719801088
:10E260003AC885203A88851815F7BFE017E6BFE061
:10E270000B0A8010CCFFBF103A8885103A8807102F
:10E2800017F7BFE00E05C01017E6BFE00B0B8010BC
:10E29000CCFFBF104C0080102646061017E6BFE0EA
:10E2A0000B0B8010540080103A88071017E6BFE06F
:10E2B0000D0BC01017E6BFE00B0BC01044FFBF00F2
:10E2C0003A7084183A88071017E6BFE00D0BC010AB
:10E2D00017E63FE1C02830500636060017E6BFE0DB
:10E2E000170280106000C0101E030018A0008010EC
:10E2F0001EAA0010067E010017E7BFE00C01801087
:10E3000026030010C4BE8000159FA0D0061B060087
:10E3100017E7BFE00C0480102603001044BF800004
:10E32000159FA0D006D4050017E7BFE08C00801031
:10E330001E030010C4BF8000159FA0D0060F06006A
:10E3400017F2BFE0170480103A88091000522750D6
:10E350002603001044C08000159FA0D006070600C9
:10E3600004044001440200014034265015FABFE085
:10E3700017FABFE01E03001004C18000159FA0D053
:10E3800006FE050017E4BFE017088010170580108F
:10E39000980080101E2C001017FABFE00404C00083
:10E3A0001502C01017FABFE01703801015FBBFE07D
:10E3B00017FBBFE08400C0000D00C01017FBBFE0DA
:10E3C00017F2FFE01703C0181501C01017F2BFE0E5
:10E3D0000B05C01017FBBFE08D00C01017E4BFE0B5
:10E3E0001704801015FDBFE017E4BFE0170480108C
:10E3F0001E04001017E4BFE017F2FFE01704C01876
:10E400001504C01017FA7FE117E43FE1406646505B
:10E410002608001017E4BFE017FDFFE01504C01048
:10E4200017FA3FE1C04C265084C68000159FA0D04B
:10E4300006D2050017E4BFE017FFFFE0150AC01081
:10E4400017FA3FE1C04C265017E63FE1C04A315071
:10E450003A88071017E6BFE0150CC01017E6BFE0BA
:10E46000170C80101E070010441A400117E63FE108
:10E4700000AC315015EC3FE0C4D18000159FA0D016
:10E4800006BE050017E5BFE02605001017F2BFE144
:10E4900017E57FE117E63FE1C0C42F5015E53FE0E7
:10E4A00017EDBFE02604001017EDFFE017E6BFE010
:10E4B0001513C0100603000017A2E0D017E6BFE056
:10E4C0001513C01017A2E0D0D49FBE003A8885185B
:10E4D00015A2A0D017F2BFE01706C01017E6BFE0E4
:10E4E0001518C01017E6BFE01713C01017E6BFE0FD
:10E4F0001510C01017E6BFE01710C01017E6BFE0F8
:10E50000151AC01017E6BFE0171AC01017E6BFE0D3
:10E51000150FC01017E6BFE0170FC01017E6BFE0D9
:10E52000150EC01017E6BFE0171880104400C01089
:10E5300017E6BFE01516C01017E6BFE01716C010AB
:10E5400017E6BFE01519C01017E6BFE00B0B8010EF
:10E55000540080103A88071017E6BFE00D0BC0107A
:10E5600017E6BFE0C400C0001502C01017E6BFE008
:10E570008425C0001505C01015EC3FE0B4418100B2
:10E5800004F6B310170180104400C010B44181009C
:10E5900004F6B3101501C0100690000017E4BFE0A8
:10E5A00017FFFFE0150AC01017E7BFE00C0480104A
:10E5B000260F001017F2BFE01707C01017E6BFE0E4
:10E5C000171380103AC885180E06800017F2BFE0B6
:10E5D0001707C01017E6BFE0171A80103AC8851851
:10E5E0000E03800004DC8000159FA0D006220500E9
:10E5F00017E7BFE00C0180102609001017E7BFE005
:10E600000C04801026030010C41B400117E63FE1F4
:10E6100000AC315084DD8000159FA0D00657050066
:10E6200017E7BFE08C0080101E03001044DE80005E
:10E63000159FA0D00651050017E7BFE00C0480101D
:10E64000260E001017F2BFE01707C01017E6BFE054
:10E65000150EC01017E6BFE0170FC01017E6BFE099
:10E66000170E80103AC885180E04001017E6BFE098
:10E67000170EC01017E6BFE0150FC01017E6BFE079
:10E680001503001017F2BFE01706C01017E6BFE031
:10E690001518C01017E6BFE0171880104400C0100E
:10E6A00017E6BFE01516C01017E6BFE01716C0103A
:10E6B00017E6BFE01519C01017E4BFE01704C0103B
:10E6C00017F2BFE0170480102617801817FEBFE06E
:10E6D00017018010170680102613001017FEBFE0E8
:10E6E0001701801017068010170AC01017F2BFE03C
:10E6F000170480101E0C801817E4BFE017F2FFE02B
:10E700001704C0181504C01017E6BFE0170C8010DE
:10E710002605001017E6BFE0170C801017F2FFE087
:10E720001704C0181503C01017E6BFE00B0B8010CC
:10E73000540080103A88071017E6BFE00D0BC01098
:10E7400017E7BFE00C0480102621001017E6BFE099
:10E75000170EC01017E6BFE0171380103AC88518CF
:10E760000E1B8000B441810004F6B3101702801024
:10E770004400C010B441810004F6B3101502C0106B
:10E7800017E6BFE00401C0001502C01017E83FE122
:10E7900040A72B5017E83FE1401930503A88071046
:10E7A00017E6BFE00D0AC01017FEBFE13A880B0064
:10E7B00017E63FE1C0502D5017E6BFE0171E80104E
:10E7C0002606001017E63FE100F02F500603000078
:10E7D00017E6BFE0C400C0001502C01017F2BFE08A
:10E7E000170680104400C01017F2BFE01506C010D5
:10E7F00017F2BFE08B028010CCFFBF1017E6FFE0DE
:10E800001715C0182E30801817F2BFE08B02801049
:10E81000CCFFFF1017E6BFE017158010CCFFBF102C
:10E820003AC8851815E9BFE017FEBFE0170280104F
:10E830002606001017E9BFE03AC885003A880B1099
:10E8400017FE3FE1C09026500607000017FEBFE00C
:10E850001706C01017E9BFE03AC885003A880B10C8
:10E860003A880918C090265017E6BFE017158010A7
:10E870003A88071017F2BFE08D02C01017E7FFE0DB
:10E8800084FFBF003A70841815E7BFE0B4418100EF
:10E8900004F6B310172580104400C010B441810065
:10E8A00004F6B3101525C010B441810004F6B3106E
:10E8B0001726C01017E9BFE03A888718B4418100D5
:10E8C00004F6B3101526C01017F2BFE0170680102B
:10E8D000C4FFFF1017E6BFE01511C01017F2BFE02C
:10E8E0001706C01017E6BFE01517C01006EE0200AD
:10E8F00017E6BFE01716C01017F2BFE0170680102A
:10E900003AC8851815E9BFE017E9BFE00E9180000D
:10E9100017E7BFE08C008010261C001017E7FFE00F
:10E9200044FFBF003A70841815E7BFE017F2BFE05C
:10E93000170680104400C01017F2BFE01506C01083
:10E9400017F2BFE08B098010CCFFBF10B000801021
:10E950001E07001017F2BFE08B098010C4FFBF1024
:10E960003A88071017F2BFE08D09C01006040000B6
:10E9700017E7FFE0C4F7BF003A70841815E7BFE05F
:10E9800017E9BFE0C4FFBF1015E9BFE017F2BFE011
:10E990008B028010CCFFFF1017E9BFE0160880182B
:10E9A00017F2BFE08B028010CCFFFF1017E9BFE029
:10E9B0001E35801817E7BFE04C0080101E32001093
:10E9C000B441810004F6B310171F80104400C0103A
:10E9D000B441810004F6B310151FC010B44181008A
:10E9E00004F6B3101720C01017F2BFE08B0280109E
:10E9F000CCFFBF103A888718B441810004F6B310E9
:10EA00001520C01017E7BFE04C008010260600104C
:10EA100017F2BFE08B028010CCFFBF104400C01083
:10EA200017E9BFE02609801817E7BFE00C01801046
:10EA30002600041017F2BFE01706C01017E6BFE06B
:10EA400017168010C4FFBF101EFA831817F2BFE01C
:10EA50008B028010CCFFBF1015E9BFE017E7FFE085
:10EA600084FFBF003A70841815E7BFE017E6BFE0E7
:10EA70000B0B8010540080103A88071017E6BFE097
:10EA80000D0BC010060F0000B441810004F6B31056
:10EA9000172180104400C010B441810004F6B31067
:10EAA0001521C010B441810004F6B3101722C01024
:10EAB00017E9BFE03A888718B441810004F6B31023
:10EAC0001522C01017E97FE117FE3FE1C0902650E4
:10EAD00017F2BFE01706C01017E9BFE03A888718A1
:10EAE00017F2BFE01506C01017F2BFE08B028010CE
:10EAF00017E9FFE03AC8C5103A88071017F2BFE0DF
:10EB00008D02C01017F2BFE08B098010CCFFBF1040
:10EB100017E9FFE0CCFFFF180E08801817F2BFE0DE
:10EB20008B09801017E9FFE03AC8C5103A88071032
:10EB300017F2BFE08D09C0100606000017E7FFE0DE
:10EB4000C4F7BF003A70841815E7BFE017F2BFE0C2
:10EB50008D09001017E8BFE08B088010CCFFBF10B4
:10EB60004C0080102615001017E6BFE01702801039
:10EB7000900180101E11001017F2BFE08B02801070
:10EB8000CCFFBF10260D001017E63FE1C0B6315094
:10EB900015E6BFE0B441810004F6B31017278010DA
:10EBA0004400C010B441810004F6B3101527C01012
:10EBB00044048100159FA0D006AF030017F2BFE008
:10EBC0001706C01017F2BFE08B028010CCFFBF10F9
:10EBD0001C00A0100400A0103A88871817E6BFE0B8
:10EBE0001716001117E6BFE0171580103A88852028
:10EBF0003AC8851815E9BFE017E9BFE00E69800043
:10EC0000B441810004F6B310172580104400C010F1
:10EC1000B441810004F6B3101525C01017F2BFE00F
:10EC20008B028010CCFFBF1017E9FFE0163A801866
:10EC3000B441810004F6B3101726C01017F2BFE0EC
:10EC40008B028010CCFFBF103A888718B441810036
:10EC500004F6B3101526C01017E7BFE08C00801033
:10EC60002617001017E6BFE01702801098028010E8
:10EC70001E13001017F2BFE01706C01017E6BFE022
:10EC8000171680103AC885180E0D800017E6BFE0F1
:10EC90001716C010B4008000C43FBD103A88851814
:10ECA00015EDBFE017EDBFE02CC0BF10260100102E
:10ECB00015ED3FE017E63FE1C0B6315006D43B000A
:10ECC00017E6BFE0171580101E5A031017F2BFE0B9
:10ECD0001706C01017E6BFE0171680101E558318E0
:10ECE00017E6BFE00B0B8010540080103A88071025
:10ECF00017E6BFE00D0BC010B441810004F6B3105D
:10ED0000172880104400C010B441810004F6B310ED
:10ED10001528C01006080000B441810004F6B310A5
:10ED20001726C01017E9BFE03A888718B441810060
:10ED300004F6B3101526C01017FEBFE017028010AE
:10ED40002606001017E9BFE03AC885003A880B1084
:10ED500017FE3FE1C09026500607000017FEBFE0F7
:10ED60001706C01017E9BFE03AC885003A880B10B3
:10ED70003A880918C090265017F2BFE08B02801025
:10ED800017E9FFE03AC8C5103A88071017F2BFE04C
:10ED90008D02C01017E7FFE084FDBF003A708418B1
:10EDA00015E7BFE017E7BFE00C0180102634001024
:10EDB00017E6BFE01702801044FFBF102802C01002
:10EDC0001E2F0018BA900610F44081000491BB1069
:10EDD0003A888518170080103A68001064EE020522
:10EDE00074EE020590EE020590EE0205D4EE0205E7
:10EDF000D4EE020590EE0205D4EE020517E8BFE05E
:10EE0000C41BC0001506C010060A0000B4418100F2
:10EE100004C8B310170780104400C010B44181002B
:10EE200004C8B3101507C01017E8BFE0041AC000EB
:10EE30001506C01017E6BFE015020010B4418100AE
:10EE400004F6B310170380104400C010B4418100D1
:10EE500004F6B3101503C01017E63FE1C0B63150F9
:10EE600004228100159FA0D00644030017E63FE16D
:10EE7000C0B6315084238100159FA0D0063F030007
:10EE800017E7BFE08C00801026070010041A40012D
:10EE900017E63FE100AC315015E6BFE0042B8100DE
:10EEA000159FA0D006F4020017E7BFE00C04801005
:10EEB0001E030010042D8100159FA0D0062F030013
:10EEC00017E6BFE017028010E000C0101E05001812
:10EED000D000C0101E740118C80280101E720110EC
:10EEE0000630000017E6BFE0170EC01017F2BFE0B3
:10EEF000170780103AC885181606800017F2BFE081
:10EF00001707C01017E6BFE0171A80103AC8851817
:10EF10000E0A8000B441810004C8B31017078010A6
:10EF20004400C010B441810004C8B3101507C010DC
:10EF300084318100159FA0D006CF0200B44181002A
:10EF400004F6B310170280104400C010B4418100D1
:10EF500004F6B3101502C01017E6BFE00401C000AC
:10EF60001502C01017E83FE140A72B5017E83FE11A
:10EF7000401930503A88071017E6BFE00D0AC0105C
:10EF800017FEBFE13A880B0017E63FE1C0502D5055
:10EF900017F2BFE017068010C4FFFF1017E6BFE0AE
:10EFA0001511C01017F2BFE01707C01017E6BFE039
:10EFB000170E80103AC885181663800017F2BFE05C
:10EFC0008B028010CCFFBF101E5A001017E6BFE066
:10EFD0001714C01017F5BFE01E568018B441810009
:10EFE00004F6B310172980104400C010B44181000A
:10EFF00004F6B3101529C01017E6BFE01703801000
:10F000002605001017F2BFE01707C01017E6BFE093
:10F01000170E80102603801817E6BFE015090010B0
:10F020000647000017E6BFE0170980104400C01033
:10F0300017E6BFE01509C01017E6BFE01709C010BA
:10F040008336A0D0CC3F80101C20801004E0BF107D
:10F050001E3B801817E6BFE0170F801015F8BFE0C1
:10F0600017E6BFE01714001117E6BFE0171BC0102A
:10F070003A8805202E0180183A8805187AD00610A3
:10F0800017E6BFE00B0A8010CCFFBF103A880B10C8
:10F090003A880918408E10500DF0BFE00BF0BFE029
:10F0A000A80080101E020010840080000DF0BFE058
:10F0B00017E6BFE00B0AC0100BF0BFE03A38851826
:10F0C000CCFFFF1017E6BFE0151CC01017E6BFE02D
:10F0D0001503001017E6BFE0151E001017F2BFE081
:10F0E0001707C01017E6BFE0150FC01017E6BFE006
:10F0F0000B0A8010CCFFFF1017E6BFE0151BC010F5
:10F1000017E63FE1C028305017E6BFE0170F801028
:10F1100017F8FFE03AC885180E03800017E6BFE035
:10F1200017F8FFE0150FC01044458100159FA0D0CF
:10F130000692020017E6BFE01509001006DA00008B
:10F140003A88010006D8000017E6BFE01509001054
:10F1500017F2BFE01707C01017E6BFE0171A8010BC
:10F160003AC885180E088000B441810004F6B31037
:10F17000172A80104400C010B441810004F6B31077
:10F18000152AC010062B020017F2BFE01707C010A7
:10F1900017E6BFE0170E80103AC8851815F6BFE0D5
:10F1A000B441810004F6B310172B80104400C01046
:10F1B000B441810004F6B310152BC010B441810096
:10F1C00004F6B310172CC01017F6BFE03A88871862
:10F1D000B441810004F6B310152CC01017E6BFE04F
:10F1E000171E80102608001017F2BFE01707C01086
:10F1F00017E6BFE0171F80103AC885180E0280007E
:10F2000017E63FE100F02F5017F2BFE01707C010DC
:10F2100017E6BFE0171A80101E05801817E6BFE03A
:10F22000150300104400800015EBBFE00607000046
:10F2300017E6BFE0170480101E04001017E6BFE0B9
:10F240001708C01017E6BFE01503C01017E6BFE0AF
:10F25000171B801015F9BFE017E6BFE00B0A8010FE
:10F260008DF0BFE017E6BFE0171CC01017F9BFE034
:10F270002E0A80188BF0FFE08BF0BFE03A3885183B
:10F2800017F97FE13A880910408E10502804C01009
:10F290001E010018040480008DF0BFE08BF0FFE039
:10F2A00017F9BFE03A8885187000D8101E010018C1
:10F2B0000400980017E6FFE0151B801817E8BFE070
:10F2C000171280103A88071017F6BFE00E12801848
:10F2D00017E6BFE01714C01017E8BFE01712801040
:10F2E000CCFFBF103AC8871817E6BFE01514C0104E
:10F2F00017E8BFE00412C01017E8BFE01712801033
:10F300003A880B103A88091880942C5044008000E9
:10F3100015EABFE0060D000017E8BFE004128010F8
:10F3200017F67FE13A88091080942C5017E6BFE069
:10F330001714C01017F6BFE0CCFFBF103AC88718EB
:10F3400017E6BFE01514C01015EA3FE017E8BFE06C
:10F350000B198010CCFFBF100C0380102605001085
:10F3600017E8BFE0041280103A880B1017E83FE15D
:10F37000001E2C5017F2BFE01707C01017E6BFE0C1
:10F38000150EC01017E6BFE0170FC01017E6BFE05C
:10F39000170E80103AC885180E04001017E6BFE05B
:10F3A000170EC01017E6BFE0150FC01017E6BFE03C
:10F3B00017028010E001C0101E1A00180802C010C9
:10F3C0001E030018A00180101E0600100636000063
:10F3D0002002C0101E220018A00280101E2700105C
:10F3E0000631000017EABFE0262A001017E8BFE048
:10F3F0008B088010CCFFBF100C0880102605001071
:10F4000017E83FE100C12B5017A1E0D017E6BFE09D
:10F410001506C01017E6BFE04402C0001502C01078
:10F42000061C000017EABFE0261C001017E6BFE02C
:10F430008402C0001502C01017E63FE140003250C0
:10F440001735A0D03A8885103A88071017E6BFE034
:10F450001506C01017E83FE100C12B50060F000051
:10F4600017EABFE0260F001017E63FE1C0B63150A3
:10F4700044668100159FA0D006C001001735A0D0BA
:10F480003A8885103A88071017E6BFE01506C010C5
:10F49000066801003A880100060300003A8801006E
:10F4A000060100003A88010017E7BFE00C04801055
:10F4B0002644001017E6BFE01711C01017F2BFE096
:10F4C000170680103AC885181614001017E6BFE01A
:10F4D0001711C01017F2BFE0170680101E398018F0
:10F4E00017E6BFE01712C01017F2BFE01707801031
:10F4F0003AC885181609001017E6BFE01712C010A9
:10F5000017F2BFE0170780101E2E801817E6BFE025
:10F510001714C01017F5BFE02E2A801817F2BFE0AD
:10F520008B028010CCFFBF101E10001017E6BFE04A
:10F530001712C01017F2BFE0170780101E0B8018BB
:10F5400017E6BFE01714C01017F5BFE02E078018AC
:10F55000B441810004F6B310172D80104400C01090
:10F56000B441810004F6B310152DC01017E6BFE0BA
:10F5700017F5FFE01514C01017F2BFE01706C01012
:10F5800017E6BFE01511C01017F2BFE01707C01053
:10F5900017E6BFE01512C01017E6BFE01714801081
:10F5A00017E6FFE01723C0182E04801817E6BFE007
:10F5B0001714C01017E6BFE01523C01044008000E8
:10F5C00015EBBFE017E7BFE00C08801026560010CF
:10F5D00017F2BFE08B098010CCFFBF10265200103D
:10F5E00017E6BFE017028010880280101E4E001040
:10F5F00017F2BFE08B098010CCFFFF1017E8BFE0C7
:10F60000170A80103A888518700090101E070010A5
:10F6100017F2BFE08D09001017E7FFE0C4F7BF0045
:10F620003A70841815E7BFE0064B000017F2BFE000
:10F630001706C01017F2BFE08B098010CCFFBF1077
:10F640003A88871817E6BFE0171780103AC8851860
:10F650000E25800017F2BFE01706C01017F2BFE0BA
:10F660008B098010CCFFBF103A88871817E6BFE0DF
:10F670001517C01017E8BFE0170AC01017E6BFE063
:10F680001717001117E6BFE0171680103AC885203B
:10F690003A888518C4FFFF1017E8BFE0151AC0109C
:10F6A00017E8BFE0171A80101E06001017E8BFE029
:10F6B0008B088010141080103A88071017E8BFE0FC
:10F6C0008D08C01017E83FE1809B2B5017E6BFE084
:10F6D0000324C01004FFBF003A7084183A88071052
:10F6E00017E6BFE00524C01017F2BFE08B09001138
:10F6F00017F2BFE08B02C010CCFFBF20CCFFFF1879
:10F700003614801817E8BFE0170480100C408010F2
:10F710001E10001017FEBFE117F27FE117E83FE16E
:10F7200040DD2F50060B000017E6BFE01716C01093
:10F7300017E6BFE0171780103AC885180E0680003C
:10F7400017E6BFE01716C01017E6BFE01517C01088
:10F75000060100003A88010017F2BFE08B0280101A
:10F76000CCFFBF101E03001017E7BFE04C00801055
:10F77000265E001017E6BFE0170280108802801096
:10F780001E5A001017F2BFE01706C01017E6BFE0C0
:10F79000171680101E37801817E6BFE01700C0103C
:10F7A00017E6BFE01E33801817E6BFE0170280108F
:10F7B000180180101E2F001017E6BFE00B0B801001
:10F7C000540080103A88071017E6BFE00D0BC010F8
:10F7D00017E6BFE01716C01017F2BFE08B028010CB
:10F7E000CCFFBF103A88871817E6BFE01516C01087
:10F7F00017F2BFE043088010CC3F80104C0080100F
:10F8000015E7BFE0B441810004F6B310171A801069
:10F810004400C010B441810004F6B310151AC010A2
:10F82000B441810004F6B310171BC01017F2BFE0FB
:10F830008B028010CCFFBF103A888718B44181003A
:10F8400004F6B310151BC01017E8BFE0040A8010BF
:10F8500017FE7FE13A88091000392C5017E8BFE005
:10F86000040A80103A880B1017E83FE1001E2C5064
:10F87000060B000017FEBFE117F27FE117E63FE13C
:10F88000C0502D5015E7BFE017E6BFE00B0B80100E
:10F89000540080103A88071017E6BFE00D0BC01027
:10F8A00017E8BFE0170BC01017E6BFE017160011EE
:10F8B00017E6BFE0171980103AC885203A888518E6
:10F8C00015FCBFE017E6BFE0172280103A8807104A
:10F8D00017FCBFE00E0B801817FCBFE0CCFFFF1039
:10F8E00017E6BFE01522C0100606000017FE3FE134
:10F8F000405D265017E7FFE084FFBF003A70841890
:10F9000015E7BFE017E7BFE04C008010263F00106E
:10F9100017E6BFE017028010880280101E0D00104D
:10F9200017E83FE1000E2C5017E6BFE00B0B8010EC
:10F93000540080103A88071017E6BFE00D0BC01086
:10F9400017E6BFE0171680104400C01017E6BFE0AE
:10F950001516C01017E6BFE01702801044FFBF1055
:10F960002802C0101E290018BA900610F440810029
:10F97000047ABE103A888518170080103A68001083
:10F9800008FA020508FA020574FA020518FA0205D7
:10F9900074FA020574FA020528FA02055CFA0205F7
:10F9A00017E6BFE04401C0001502C01006170000B2
:10F9B00017E6BFE0C401C0001502C0100613000026
:10F9C00017E6BFE08402C0001502C01017E63FE151
:10F9D000400032501735A0D03A8885103A88071079
:10F9E00017E6BFE01506C01017E83FE100C12B5035
:10F9F000060600001735A0D03A8885103A8807100F
:10FA000017E6BFE01506C0103A88010017EBBFE00B
:10FA10001E05001017E6BFE00B0B8010CCFFBF10D7
:10FA20004C0080102665001017E63FE1C0283050DA
:10FA30000662000017E7BFE00C01801026030010EB
:10FA400004A98100159FA0D0064C000017FE3FE1DD
:10FA5000405D265017E6BFE00B0B8010540080106D
:10FA60003A88071017E6BFE00D0BC01017E63FE11C
:10FA7000C028305006560000B441810004C8B310BD
:10FA8000170D80104400C010B441810004C8B310A9
:10FA9000150DC01017E5BFE02603001017E53FE184
:10FAA000C04C265015E53FE017E7BFE00C01801081
:10FAB0002603001004AD8100159FA0D0062F000082
:10FAC00017F2BFE0170480103A880910005227503F
:10FAD0002603001044AF8100159FA0D00627000028
:10FAE00017E7BFE00C048010260C001017F2BFE0EF
:10FAF0001707C01017FEBFE0150180D80401800071
:10FB0000150080D83A880F183A880D0017F27FE167
:10FB100017E63FE1405B31500613000017E7BFE0F6
:10FB20008C0080102605001017F2BFE01706801029
:10FB30004400C01017F2BFE01506C01017F2BFE076
:10FB40001706C01017FEBFE0150180D8040580001D
:10FB5000150080D83A880F003A880D1817F27FE117
:10FB600017E63FE1405B315017ECBFE0261500106F
:10FB700017E83FE100072A500612000017E5BFE032
:10FB80002602001017E53FE1C04C265017FE3FE16A
:10FB9000405D265017ECBFE0260C001017E83FE14F
:10FBA00000072A503A880100060800003A88010040
:10FBB000060700003A880100060500003A880100A7
:10FBC000060300003A880100060100003A8801009F
:10FBD0003A8837E01701C0DF170000DF0402C0DEFB
:10FBE0003A2800F804F4FFDE150BC0DF150A00DF29
:10FBF000150900DC040A00DF15FC3FE115FD7FE17B
:10FC000015FEBFE117FCBFE0170D8010170880102C
:10FC100015F9BFE017FDBFE01703801015F6BFE030
:10FC200017FDBFE01702801015F8BFE00640000086
:10FC300017F6BFE003008010CC3F801015FABFE03C
:10FC400017FABFE0263D001017FABFE058008010F9
:10FC50001E0300104400800015F7BFE006070000F7
:10FC600017F6BFE04400801003008010CC3F8010E6
:10FC700015F7BFE017F7BFE00E32800017FABFE0BC
:10FC8000A00080101E0100100621000017F7BFE041
:10FC900020018010261B001017FEBFE043088010D3
:10FCA000CC3F80108C0080102618001017F6BFE0A3
:10FCB0008B0080100DFBBFE00BFBBFE03AD20410BD
:10FCC0003A8807100BFBBFE03A9204103AB0841850
:10FCD0000DFBBFE00BFB3FE417F93FE1401930504B
:10FCE000CCFFBF100E03001417F93FE1401930504C
:10FCF000060100000BFBBFE017FCFFE00D0A8018B7
:10FD0000060300003A880100060100003A8801005D
:10FD100017F8FFE017F7BFE03AC8851815F8BFE0FD
:10FD200017F7BFE017F6FFE03A88851815F6BFE031
:10FD300017F8BFE016BEBF00060300003A880100B6
:10FD4000060100003A88010017FD3FE1C04C265033
:10FD50003A88010004FFFFE61702C0DF170100DF49
:10FD6000170000DC0403C0DE3A2800F804F8FFDEC8
:10FD70001507C0DF150600DF040600DF15FD3FE1B3
:10FD800015FE7FE115FFBFE117FEBFE08B09801074
:10FD9000CCFFBF10C4FFBF1015FABFE00632000051
:10FDA00017FFBFE01702801017FAFFE02E2480181B
:10FDB00017FFBFE01703C01017FABFE03A88851895
:10FDC00015FBBFE017FDBFE0170180101709801079
:10FDD00015FCBFE017FBBFE00300C01017FCBFE03D
:10FDE0004524C01017FCBFE003248010540080108D
:10FDF0003A88071017FCBFE00524C01017FBBFE0CE
:10FE00004400001117FFBFE01702C01017FABFE04F
:10FE10003AC88518C4FFBF103A880D103A880B20E5
:10FE200017FB3FE14027025017FFBFE01702801089
:10FE3000C4FFFF1017FFBFE01502C010061100003D
:10FE400017FAFFE017FFBFE0170280103AC88518C5
:10FE500015FABFE017FFBFE01706801015FFBFE0DF
:10FE600017FFBFE02603001017FABFE00ECC3F10CB
:10FE7000060100003A88010074410101048D3E2111
:10FE800040D623503A8837E01701C0DF170000DF63
:10FE90000402C0DE3A2800F804FBFFDE1504C0DFD0
:10FEA000150300DF040300DF15FF3FE117FFBFE08C
:10FEB000171E80101E0200100053255006840000FB
:10FEC000B441810004F6B310170780104400C0103D
:10FED000B441810004F6B3101507C0101795E0D0A7
:10FEE00017FFBFE0171E80103AC88518840C400128
:10FEF0003A880910408E105015FEBFE017FFBFE092
:10FF0000172080102646001017FEBFE01E130010B9
:10FF100017FFBFE017208010900080101E05001012
:10FF200017FFBFE017208010C4FFFF1017FFBFE0CE
:10FF30001520C01017FFBFE017218010900080101F
:10FF40001E44001017FFBFE017218010C4FFFF10F0
:10FF500017FFBFE01521C010063E000017FEBFE0EE
:10FF6000C4FFBF103A8885103A8885103A88071078
:10FF700017FFBFE017208010FAD005103AC8851887
:10FF800015FDBFE017FFBFE01720C01017FDBFE051
:10FF90003A88871817FFBFE01520C01017FFBFE091
:10FFA000172080101603800017FFBFE04400C00038
:10FFB0001520C01017FDBFE00E03001017FDBFE0B5
:10FFC0003AC8850015FDBFE017FFBFE0172180107C
:10FFD0007AD00510CCFFBF101C00A0100400A010A8
:10FFE00017FDFFE03AC8851815FDBFE017FFBFE019
:10FFF0001721C01017FDBFE03A88871817FFBFE030
:020000040033C7
:100000001521C01017FFBFE01721801016118000C6
:1000100017FFBFE04400C0001521C010060D00000E
:1000200017FEBFE0160280004400800015FEBFE00E
:1000300017FEBFE0FA90061017FFBFE01520C010B2
:1000400017FEBFE03A8885103A88071017FFBFE017
:100050001521C01017FFBFE0151E001017FFBFE0ED
:100060001507001017FFBFE017208010BAD0071047
:1000700017FFBFE0172180103A8885187AD0051045
:10008000CCFFFF101C00E0180400E01817FFBFE0D1
:100090001508C01017FFBFE01708801088008010F7
:1000A0001E04001017FFBFE08400C0001508C01038
:1000B0000607000017FFBFE01708801050208010CF
:1000C0001E03001017FFBFE00420C0001508C01079
:1000D0003A8837E01701C0DF170000DF0402C0DEF6
:1000E0003A2800F804FDFFDE150200DF040200DFFD
:1000F00015FF3FE117FFBFE017018010170A8010BE
:1001000015FEBFE017FEBFE01709C01017FEBFE0E5
:1001100017088010040A80103AC885183A8837E01A
:10012000170000DF0401C0DE3A2800F804FAFFDE01
:100130001505C0DF150400DF040400DF15FF3FE1F3
:1001400017FFBFE02607001017FFBFE01701801060
:100150002604001017FFBFE017018010170A801057
:100160001E06001017FFBFE01705801098008010D2
:100170001E020010046D81000625000017FF3FE1FC
:10018000C014305015FCBFE017FCBFE0506D81106B
:100190001E020010046D810015FCBFE017FFBFE0D8
:1001A0001701801015FDBFE017FDBFE01709801093
:1001B00015FEBFE017FEBFE00B0B8010CCFFBF1099
:1001C0000C0081102604001017FEBFE00B0A8010FF
:1001D000CCFFBF10060E000017FEBFE00B0A801018
:1001E000CCFFBF102609001017FEBFE00B0A8010DD
:1001F000CCFFFF1017FCBFE00E04801817FEBFE015
:100200000B0A8010CCFFBF1015FCBFE017FCBFE04D
:100210003A8837E01701C0DF170000DF0402C0DEB4
:100220003A2800F804E8FFDE1517C0DF151600DFD6
:10023000041600DF15FF3FE117FFBFE0170D801028
:100240001708801015F2BFE015EE3FE017FFBFE082
:10025000171AC01017FFBFE0170E80103A0085185C
:10026000CC3F801015F3BFE015EF3FE017FFBFE074
:10027000170FC01017FFBFE0170E80103AC885187F
:1002800015F4BFE017FFBFE01714801015EBBFE0B7
:1002900017FFBFE0171B80103A88071017EBBFE06D
:1002A0000E06801817FFBFE0171B80103A88071052
:1002B00004FFBF003A70841815EBBFE017FFBFE0E2
:1002C000830A8010CC3F80101C20801004E0BF10F7
:1002D0002609001017EBBFE01E0300104400800049
:1002E00015EBBFE00604000017FFBFE01504001087
:1002F00017FFBFE01507001017F2BFE017128010BC
:1003000017EBFFE02E0180183A8805183A8807108D
:1003100017F4BFE03AC8851815EABFE017FFBFE041
:100320001702C01074418100040D91103A88C51065
:1003300003008010CC3F801015ECBFE017ECBFE04D
:100340008C0080102609001017EEFFE004A0A0D05A
:100350003A88851817F2FFE117ECBFE13A880B10D5
:1003600017FF3FE10039315015EEBFE017EABFE05B
:100370000E09001015EA3FE017EBBFE01E06001063
:1003800017FFBFE01503001017FFBFE0170EC010E6
:1003900017FFBFE0150FC01017FFBFE00B0A80105A
:1003A000CCFFFF1017EABFE00E06801817FFBFE072
:1003B0000B0A8010CCFFBF1015EABFE0440080009C
:1003C00015EFBFE017FFBFE0170FC01017EABFE03F
:1003D0003A88871817FFBFE0170E001117F2BFE029
:1003E000171280103A8885203AC885180E0400102C
:1003F00017ECFFE084FFBF003A70841815ECBFE0F3
:1004000017F2BFE0170B80103A88071017F2BFE011
:10041000170A80103AC885181606001017F2BFE0B8
:10042000170BC01017F2BFE0170A80103AC88518E2
:10043000060100003A88050015EBBFE017ECBFE0AD
:100440004C008010260D001017F2BFE0171280102C
:100450001E0A001017FFBFE00B0B8010CCFFBF106F
:100460000C0480102679001017FFBFE0170FC01092
:1004700017FFBFE0170E80102674801817FFBFE02B
:100480000B0B8010CCFFBF104C0080101E5C0010C6
:1004900017ECBFE08C0180101E5B001017FFBFE05F
:1004A0001710C01017FFBFE0170E80103AC885184C
:1004B0001657800017EABFE02624001017FFBFE0A0
:1004C0000B0A8010CCFFFF1017EABFE026528018FD
:1004D00017F3BFE01E05001017FFBFE00B0B8010E5
:1004E000CCFFBF100C0180102606001017EAFFE0B9
:1004F00017F4BFE03A88851817F2FFE01712C0180A
:100500000E47C01017FFBFE0830A8010CC3F801059
:100510001C20801004E0BF101E43001017FFBFE036
:10052000172380107AD004103A88071017EABFE02A
:100530000E3FC01017FFBFE0170FC01017FFBFE03E
:10054000171A80103AC88518163B001017EBBFE049
:100550000E1C800017FFBFE01716C01017FFBFE08A
:10056000171980103AC885183A88071017EBBFE0B2
:100570003A88851815FDBFE017F2BFE0170A801012
:100580001E07001017FFBFE00B0A8010CCFFBF1042
:100590003A8885103A88071017FDBFE00E28C01072
:1005A00017FDBFE02419C01017F2BFE0170B801031
:1005B0003A880B103A880918408E1050F0088010C5
:1005C0002621001017F2BFE017128010260A001033
:1005D00017FFBFE0170380101E07001017FFBFE0D2
:1005E000170480101E04001017FFBFE0150700104D
:1005F00017FF3FE1002931503A8805000605030046
:100600003A880100061100003A880100060F000038
:100610003A880100060D00003A880100060B000030
:100620003A880100060900003A8801000607000028
:100630003A880100060500003A8801000603000020
:100640003A880100060100003A88010080702550B8
:1006500017F4BFE015F1BFE017F2BFE017188010E4
:1006600015F0BFE017EABFE026550010060A0000AB
:1006700017F1FFE017F0BFE0170280103AC88518A5
:1006800015F1BFE017F1BFE01606001017F0BFE04C
:100690001706801015F0BFE017F0BFE01EF43F1002
:1006A000060100003A88010017F0BFE01E010010AB
:1006B0000053255017F0BFE01702C01017F1BFE03C
:1006C0003A88851815F1BFE017F0BFE017068010D3
:1006D000260B001017F0BFE0170280103A880710B1
:1006E00017EABFE00E06801817ECFFE084FFBF009A
:1006F0003A70841815ECBFE04400800015EFBFE0AD
:1007000017ECBFE04C0080102608001017F2BFE085
:100710001712801017EAFFE02E04801817ECFFE094
:1007200084FFBF003A70841815ECBFE017F0BFE0FB
:100730001702801017EAFFE00E0180183A880518AA
:1007400015EABFE017F1BFE01E08001017F0BFE088
:10075000170380103A88071017F0BFE017048010C5
:100760003AC88518CC0080102615001017F0BFE09D
:100770001702C01017F1BFE03AC8851817EAFFE06A
:100780000E0180183A88051815EABFE01731A0D08D
:1007900004F2BF103A88071017EABFE00E0880186D
:1007A000B4418100042DB31017028010880080101E
:1007B0001E0300101731A0D004F2BF1015EABFE0ED
:1007C00017EABFE02636001017F1BFE01E34001014
:1007D00017F0BFE017018010170980105800801033
:1007E0001E2F001017F0BFE0170380103A88071083
:1007F00017F0BFE0170480103AC88518CC008010AD
:100800001E27001017EEBFE01E2500103A880B00CF
:10081000840000014034265015EDBFE017EDBFE025
:100820001E03001080762550441A800006790200CD
:1008300017F0BFE01701C01017EDBFE01501C010A1
:1008400017EDBFE0170180101709C0104400C01851
:100850001509C01017F0BFE01704C01017EDBFE076
:100860001504C01017F0BFE01705C01017EDBFE06A
:100870001505C01017EABFE0040A80103A88071077
:1008800017EDBFE01502C01017F0BFE0170380108E
:1008900004F6FF1017EDBFE01503C0100627000097
:1008A0001780A0D0040A80103A880B10C400000101
:1008B0004034265015EDBFE017EDBFE01E030010D9
:1008C00080762550441A80000652020017EDBFE0E2
:1008D000040AC0001502C01017EDBFE01703801016
:1008E0001780E0D03A88C71017EDBFE01503C0109D
:1008F00017EABFE02611001017F2BFE017188010AA
:1009000017EABFE117F47FE13A88091080612650A9
:100910003A88071017EDBFE01506C01017EDBFE0CD
:10092000170680101E05001017ED3FE1405D2650B0
:1009300080762550441A80000636020080762550C5
:1009400017EABFE02637001017FFBFE0830A8010C8
:10095000CC3F80101C20801004E0BF10260B00103C
:1009600017EABFE0580080101E080010B441810053
:1009700004F6B310171580104400C010B441810074
:1009800004F6B3101515C0100653000017FFBFE0A2
:10099000170FC01017FFBFE0171A80103AC885184C
:1009A0000E100010B441810004F6B310171280102D
:1009B0004400C010B441810004F6B3101512C010F9
:1009C000B441810004F6B3101713C01017EABFE05A
:1009D0003A888718B441810004F6B3101513C0108B
:1009E000063D0000B441810004F6B31017108010DA
:1009F0004400C010B441810004F6B3101510C010BB
:100A0000B441810004F6B3101711C01017EABFE01B
:100A10003A888718B441810004F6B3101511C0104C
:100A2000062D000017FFBFE00B0B8010CCFFBF109E
:100A30004C00801026080010B441810004F6B31069
:100A4000171480104400C010B441810004F6B310A4
:100A50001514C0100620000017ECBFE0CC01801078
:100A600026080010B441810004F6B3101718801056
:100A70004400C010B441810004F6B3101518C01032
:100A80000615000017FFBFE01710C01017FFBFE0EA
:100A9000170E80103AC885180E088000B4418100F6
:100AA00004F6B310171680104400C010B441810042
:100AB00004F6B3101516C01006070000B4418100FB
:100AC00004F6B310171780104400C010B441810021
:100AD00004F6B3101517C01017EDBFE01703801010
:100AE00015F5BFE017EDBFE017018010170180106A
:100AF00017F5FFE02E0380187441010104923E2196
:100B000040D6235017EDBFE015F6BFE017FFBFE05A
:100B1000170C80101E03001074410101049A3E213D
:100B200040D6235017FFBFE0170C8010040A800145
:100B30003A880B1017F53FE14027025017ECBFE051
:100B40004C008010260F001017FFBFE00B0B801029
:100B5000CCFFBF100C048010260A001017FFBFE066
:100B6000170FC01017FFBFE0171A80101E0580185E
:100B700017FFBFE0170F8010C4FFFF1017FFBFE083
:100B8000150FC01017FFBFE0170F80103AD60610E0
:100B900017FFBFE0170F80103AD204100CC0BF102F
:100BA0003AB0861817FFBFE0170F80100CC0BF10B7
:100BB0003A9204103AB0861817FFBFE0170F801062
:100BC0003A9604103AB0861817F5BFE01506C01023
:100BD00017FFBFE0171680103AD6061017FFBFE0C8
:100BE000171680103AD204100CC0BF103AB0861805
:100BF00017FFBFE0171680100CC0BF103A92041008
:100C00003AB0861817FFBFE0171680103A96041006
:100C10003AB0861817F5BFE01507C01017ECBFE013
:100C20008C0080102624001017F2BFE017018010FE
:100C300015F7BFE017F2BFE017058010A000801085
:100C4000261A001017ECBFE00C0480101E190010CB
:100C500017F5BFE01704801004FEFFE03A880B1878
:100C60003A88091040D03D5015F8BFE017F8BFE0B2
:100C70002609001017F8BFE01709C01017F8BFE0E9
:100C800017088010040A80103AC8871817F7BFE0C9
:100C90001506C0100607000017F7BFE00491C0005A
:100CA0001506C0103A8801000602000000532550C6
:100CB000060100003A88010017EEBFE0262B001065
:100CC00004404001840000014034265015F9BFE083
:100CD00017F9BFE01E04001017ED3FE1405D2650FC
:100CE000441A8000064B010017F6BFE01706C0103B
:100CF00017F9BFE01506C01017F6BFE017F9FFE0BF
:100D00001506C0100606000017EEBFE04400C01034
:100D100015EEFFE004A0E0D03A88C51005000010F1
:100D200017EEBFE0CC0080101EF73F1017F9BFE0B0
:100D30001703801017EEBFE104A060D13A880910B4
:100D40004027025017F9BFE017EEFFE01502C01070
:100D500017EEBFE004058010BAD004103A910410D9
:100D60003A88071017F5BFE00508C01017ECBFE080
:100D70003A88071017F5BFE04508C01017F2BFE02A
:100D8000170B8010BAD004103A88071017EBBFE099
:100D90000E06C01017FFBFE00B0A8010CCFFBF107B
:100DA00017EBFFE00E01801815EB3FE017FFBFE0E7
:100DB0001719C01017FFBFE0171680103AC8851822
:100DC0003A88071017EBBFE00E06C01017FFBFE010
:100DD0001719C01017FFBFE0171680103AC8851802
:100DE00015EBBFE0B4418100042DB3101702801051
:100DF0001E02001015EB3FE006100000B441810018
:100E0000042DB31017028010C4FFBF101733E0D0B9
:100E10003A38C71017EBBFE00E088018B4418100C4
:100E2000042DB31017028010C4FFBF103A880710BA
:100E30001733A0D03A38851815EBBFE017EBBFE0A9
:100E4000CCFFBF103AD20510CC3F80103A88071073
:100E500017EBBFE0CCFFBF103A9204103AB08418F1
:100E60003A88071017F5BFE08D08C01017FFBFE0E4
:100E70001710C01017FFBFE0170F80103AC8851871
:100E80000E1C800017FFBFE0171080103A88071073
:100E900017FFBFE0170F80103AC88518CCFFBF10AE
:100EA0003AD204103A88071017FFBFE017108010DD
:100EB0003A88091017FFBFE0170F80103AC8852045
:100EC000CCFFBF103A9204103AB084183A88071049
:100ED00017F5BFE08D09C01017F5BFE0430880107B
:100EE000140880103A88071017F5BFE04508C010B5
:100EF0000604000017FFBFE0170EC01017FFBFE089
:100F00001510C01017EABFE0260C001017F4FFE020
:100F100017EABFE03A88851817F2FFE01712C018E9
:100F20001E06C01017F5BFE04308801014028010A1
:100F30003A88071017F5BFE04508C01017FFBFE05B
:100F4000830A8010CC3F80101C20801004E0BF106A
:100F50002603001017FFBFE0170480101E4D00107D
:100F600017FFBFE0170F801015FABFE017ECBFE0C6
:100F70008C0080102605001017FFBFE0170F8010AF
:100F80004400C01017FFBFE0150FC01017ECBFE002
:100F90004C008010260B001017FFBFE0170F8010C9
:100FA0004400C01017FFBFE0150FC01017FFBFE0CF
:100FB0000B0B8010140480103A88071017FFBFE055
:100FC0000D0BC01017FFBFE0170FC01017EABFE0EE
:100FD0003A88871817FFBFE0150FC01017FFBFE052
:100FE000170FC01017FFBFE0171A80103AC88518F6
:100FF0000E14800017FFBFE0170FC01017FFBFE0EF
:10100000151AC01017FFBFE0171E80101E0D00102C
:101010001795E0D017FFBFE0151EC01017FFBFE007
:1010200017FAFFE0151FC010B441810004F6B31099
:10103000170680104400C010B441810004F6B310BC
:101040001506C01017FFBFE0170380101E20001008
:1010500017FFBFE0170FC01017FFBFE0170E80107B
:10106000261B801817FFBFE01708C01017FFBFE04E
:101070001503C01017FFBFE01704801026140010DE
:1010800017FFBFE01504001017FFBFE015070010A1
:10109000060F000017FFBFE0170FC01017EABFE0F0
:1010A0003A88871817FFBFE0171A80103AC88518CA
:1010B0000E08800017FFBFE0170FC01017EABFE04F
:1010C0003A88871817FFBFE0151AC0100601000004
:1010D0003A88010015FB3FE017EDBFE017038010D1
:1010E00015FCBFE017EEBFE03A88071017EABFE033
:1010F0003A888518040A80103A88071017FCBFE068
:101100008D00C01017F2BFE0171F80103A880B1037
:1011100017ED3FE100F7265015FBBFE017FBBFE0DE
:101120002613001017FBBFE0581A80101E0E001087
:1011300017EDBFE0170880101E03001017EDBFE089
:101140001706801015EDBFE017ED3FE1405D26501A
:1011500017FFBFE0170D80103A880910C0C5315045
:1011600017FBBFE0062B000017FBBFE006290000BD
:10117000B441810004C8B310170A80104400C010A5
:10118000B441810004C8B310150AC010B4418100F5
:1011900004F6B310170F80104400C010B441810052
:1011A00004F6B310150FC01017EBBFE00E0E800051
:1011B00017FFBFE01716C01017EBBFE03A8887187B
:1011C00017FFBFE0171980103AC885180E06800077
:1011D00017FFBFE01716C01017EBBFE03A8887185B
:1011E00017FFBFE01519C01017FFBFE00B0BC010B1
:1011F00004EFBF003A7084183A88071017FFBFE069
:101200000D0BC01017EFBFE02601001006163C00C2
:101210003A8805003A8837E01701C0DF170000DF81
:101220000402C0DE3A2800F804FCFFDE1503C0DF2C
:10123000150200DF040200DF15FF3FE117FFBFE0EA
:1012400017208010BAD0071017FFBFE017218010B9
:101250003A8885187AD0051015FEBFE017FFBFE069
:10126000170380102603001074410101049D3E21E4
:1012700040D6235017FEBFE03A88091017FFBFE0A1
:101280001707C01074418100C40F91103A88C5102F
:1012900003008010CC3F80103A388520CCFFFF102F
:1012A0001C00E0180400E01817FFBFE01504C01090
:1012B00017FFBFE017048010880280101E04001082
:1012C00017FFBFE08402C0001504C010060700002D
:1012D00017FFBFE017048010501E80101E0300107F
:1012E00017FFBFE0041EC0001504C01017FFBFE0C9
:1012F00017078010080380101E05001017FFBFE0BD
:10130000170780104400C01017FFBFE01507C0107A
:101310003A8801003A8837E01701C0DF170000DF84
:101320000402C0DE3A2800F804F8FFDE1507C0DF2B
:10133000150600DF040600DF15FC3FE115FD7FE127
:1013400015FEBFE115FFFFE117FCBFE00B0B80109E
:10135000CCFFBF100C028010260200103A88050056
:10136000061E000017FEBFE08C008010261900103A
:1013700017FF3FE1401930500DFBBFE017FDBFE004
:101380008400C0000500C01017FDBFE044008010BD
:101390000401C0000500C01017FDBFE084008010EC
:1013A0000BFBFFE03AD206180500C01017FDBFE0A6
:1013B000C40080100BFBFFE00500C010040180009A
:1013C00015FABFE017FDBFE00401801015FDBFE076
:1013D0000601000015FA3FE017FABFE03A8837E04F
:1013E0001701C0DF170000DF0402C0DE3A2800F852
:1013F00004FFFFDE150000DF3A8839D84400800082
:1014000015A2A0D0B441810004EBB310B441C100D7
:1014100004EBF3181501C010B441810004EBB310C4
:101420001701C010B441810004EBB3101500C010C7
:101430003A8801003A8837E0170000DF0401C0DE77
:101440003A2800F804FBFFDE1504C0DF150300DFB7
:10145000040300DF15FF3FE117FFBFE0170D801009
:1014600015FEBFE017FFBFE0170C801015FDBFE0B1
:1014700017FDBFE01E070010040A0001801026506F
:1014800015FDBFE017FDBFE01E0200103A88050001
:101490000629000017FDBFE01501001017FDBFE091
:1014A0001701C01017FDBFE01500C01017FDBFE009
:1014B0000400C5008D02C01017FDBFE017FEFFE05D
:1014C0001704C0181503C01017FDBFE017FEFFE09A
:1014D0001703C0181504C01017FEBFE08B07C0101B
:1014E00017FDBFE00D05C01017FEBFE00B07C010D1
:1014F00017FDBFE08D05C01017FDBFE015060010F9
:1015000017FDBFE01507001017FDBFE00414C00071
:101510000508C01017FDBFE04508001017FDBFE02B
:101520008D08001017FDBFE00D09001017FDBFE08A
:101530008D09001017FDBFE03A8837E01701C0DFC2
:10154000170000DF0402C0DE3A2800F804F2FFDED4
:10155000150DC0DF150C00DF040C00DF15FC3FE1AA
:1015600015FD7FE115FEBFE115FFFFE115F63FE038
:1015700017FCBFE02617001017FCBFE0170D801006
:1015800017088010170B80103A88071017FCBFE06F
:10159000170D801017088010170A80103AC8851898
:1015A000160A001017FCBFE0170D801017088010F6
:1015B000170BC01017FCBFE0170D80101708801024
:1015C000170A80103AC88518060100003A880500FD
:1015D00015F6BFE0170280E01E260010041040013F
:1015E000C40000014034265015F7BFE017F7BFE0F4
:1015F00026D000104400800015F4BFE017F4BFE0CF
:10160000040A80103A88071017F7BFE01502C010CF
:1016100017F7BFE01703801015F8BFE017F7BFE01A
:10162000170180101701801017F8FFE02E038018B3
:101630007441010104A23E2140D62350040A8001D6
:1016400017FD7FE117F83FE14027025017F8BFE090
:1016500015FDBFE004048000150280E017FCBFE028
:10166000170D8010170880101705801015F5BFE0C2
:10167000063B0000170380E015F7BFE017F7BFE057
:10168000170180100B088010CCFFBF1018028010CB
:101690001E0300108400800015F5BFE00602000064
:1016A000C400800015F5BFE017F7BFE017068010F3
:1016B0003A880910405D265017F7BFE01506001064
:1016C00015F43FE017F7BFE0040AC0001502C01090
:1016D00017FDBFE08B0580100DF9BFE017FDBFE0DF
:1016E0000B05C01017FDBFE08D05C01017FDBFE052
:1016F0000BF9FFE00D05C01017F7BFE017018010D0
:101700000B088010CCFFBF10180280101E0A0010BA
:1017100017FDBFE01704801015FABFE017FDBFE00A
:101720001703C01017FDBFE01504C01017FDBFE080
:1017300017FAFFE01503C010170280E00C018010BB
:1017400026070010B441810004C8B310170E8010A2
:101750004400C010B441810004C8B310150EC0107D
:1017600017FFBFE03AD6061017FFBFE03AD20410C9
:101770000CC0BF103AB0861817FFBFE00CC0BF10F6
:101780003A9204103AB0861817FFBFE03A96041058
:101790003AB0861817FDBFE01506C01017FEBFE06F
:1017A0003AD6061017FEBFE03AD204100CC0BF10A4
:1017B0003AB0861817FEBFE00CC0BF103A92041072
:1017C0003AB0861817FEBFE03A9604103AB0861871
:1017D00017FDBFE01507C01017FDBFE00414C000DF
:1017E0000508C010170280E03A88071017FDBFE017
:1017F0004508C01017F6BFE0CCFFBF103AD2051065
:10180000CC3F80103A88071017F6BFE0CCFFBF101E
:101810003A9204103AB084183A88071017FDBFE0D6
:101820008D08C01017FDBFE08D09001017F5BFE04F
:10183000A0008010263B001017FDBFE015FBBFE0A5
:1018400017F4BFE0040A80103A88071017FBBFE0C6
:101850008D00C01017F7BFE017018010170180102E
:101860001780E0D03A88C51017FBFFE036048018D7
:1018700017F7BFE017FBFFE01503C01006110000CB
:1018800017F7BFE01701801017F7FFE01701C01826
:101890001701C018178020D13A8807191503C01006
:1018A0001703C01017F7BFE01503C01017F7BFE00C
:1018B00017038010040A800117FB7FE13A880910A2
:1018C000C03B025017FCBFE01E03001017F73FE1BA
:1018D000405D26500615000017FCBFE0170D801074
:1018E000260C001017FCBFE0170D801017088010A1
:1018F0002608001017FCBFE0170D80101708801095
:10190000171F80103A880B1017F73FE100F7265099
:10191000060600003A880B0017F73FE100F7265053
:1019200006020000005325503A8801003A88010061
:10193000060100003A8801003A8837E01701C0DF4D
:10194000170000DF0402C0DE3A2800F804FBFFDEC7
:101950001504C0DF150300DF040300DF15FF3FE1BE
:10196000042500018010265015FDBFE017FDBFE0E3
:101970001E0200103A8805000632000017FDBFE085
:1019800017FDFFE01501C01017FDBFE01701C010E3
:1019900017FDBFE01500C01017FDBFE0046DC100CA
:1019A0000D0AC01017FDBFE00D0B001017FDBFE0C2
:1019B00017FFFFE0150DC01017FDBFE01520001048
:1019C00017FDBFE00406C0001521C010040380000D
:1019D0000DFEBFE00FFEFFE017FDBFE01508C010D1
:1019E00017FDBFE017088010880080101E0400104B
:1019F00017FDBFE08400C0001508C01006070000F6
:101A000017FDBFE017088010502080101E03001043
:101A100017FDBFE00420C0001508C01017FDBFE08F
:101A200004DAC200151BC01017FDBFE0D4FFFF0091
:101A3000151CC01017FFBFE017FDFFE01509C0100F
:101A400017FDBFE03A8837E01701C0DF170000DF5D
:101A50000402C0DE3A2800F804FBFFDE1504C0DFF4
:101A6000150300DF040300DF15FE3FE115FF7FE1F2
:101A700017FEBFE0170D80101708801015FDBFE09E
:101A800017FEBFE017028010D00080101E0C00105F
:101A900017FEBFE01502001017FE3FE1C0283050CE
:101AA000B441810004F6B310170380104400C01045
:101AB000B441810004F6B3101503C01006070000FE
:101AC000B441810004F6B310170480104400C01024
:101AD000B441810004F6B3101504C01017FDBFE037
:101AE00017FFFFE01506C01017FE3FE1C0B63150EA
:101AF0003A8837E01701C0DF170000DF0402C0DEBC
:101B00003A2800F804F9FFDE1506C0DF150500DFEE
:101B1000040500DF15FF3FE117FFBFE0170D801040
:101B200015FCBFE017FCBFE01708801015FDBFE0F3
:101B300017FFBFE01700801015FBBFE0060E000086
:101B400017FBBFE01700801015FBBFE017FBBFE0DD
:101B5000170180103A88091000B2265015FEBFE028
:101B600017FBBFE0170180103A880910C0BB265050
:101B700017FE3FE1405D265017FBFFE017FFBFE077
:101B80001EEFBF1817FFBFE0170C801026040010CF
:101B900017FFBFE0170C80103A880910C0132650B9
:101BA00017FF3FE1C013265017FCBFE015090010D6
:101BB00017FD3FE100C12B5017FC3FE1C03F4650ED
:101BC000B441810004F6B310170580104400C01022
:101BD000B441810004F6B3101505C0103A88050021
:101BE0003A8837E01701C0DF170000DF0402C0DECB
:101BF0003A2800F804FDFFDE150200DF040200DFD2
:101C000015FF3FE117FFBFE01709801015FEBFE089
:101C100017FEBFE02605001017FEBFE00B0A80107C
:101C2000CCFFFF1017FEBFE0151BC0103A88010063
:101C30003A8837E0170000DF0401C0DE3A2800F8D8
:101C400004FCFFDE150300DF040300DF15FE3FE1A7
:101C500015FF7FE117FEBFE0C400801015FEBFE056
:101C600015FD3FE0060B000017FEBFE0C4FFFF10AC
:101C700015FEFFE017FFFFE00500C01017FFBFE0F3
:101C80003AD2041015FFBFE017FDBFE044008010FA
:101C900015FDBFE017FDBFE0100180101EF23F10E0
:101CA00017FEBFE0440180103A8837E0170000DFDC
:101CB0000401C0DE3A2800F804FCFFDE150300DF53
:101CC000040300DF15FF3FE115FE3FE015FD3FE097
:101CD000060E000017FEBFE03A92041015FEBFE0AA
:101CE00017FFBFE04400C01015FFFFE003008010A5
:101CF000CC3F801017FEFFE03A88851815FEBFE044
:101D000017FDBFE04400801015FDBFE017FDBFE0E8
:101D1000100180101EEF3F1017FEBFE03A8837E039
:101D2000170000DF0401C0DE3A2800F804F7FFDEE8
:101D30001508C0DF150700DF040700DF1739A0D042
:101D4000FA90041015A1A0D0B441810004C3B310CF
:101D50001700801015FABFE00680000017FABFE0F8
:101D60001700801015FBBFE017FABFE08309801051
:101D7000CC3F80101C20801004E0BF105800801061
:101D80001E46001017FABFE01701801015FCBFE0D7
:101D900017FCBFE0266A001017FCBFE01700801098
:101DA00015FDBFE017FABFE017018010170980107A
:101DB00015FEBFE017FEBFE02663001015F93FE0F7
:101DC000062E000017FEFFE017F9BFE0C4008010E8
:101DD0003A8885103A8885103A888518170080104F
:101DE0002623001017FEFFE017F9BFE0C4008010A3
:101DF0003A8885103A8885103A888518170080102F
:101E0000C4FFFF1017FE3FE117F9BFE0C4008010C8
:101E10003A8885103A8885103A8885201500C010C8
:101E200017FEFFE017F9BFE0C40080103A88851064
:101E30003A8885103A888518170080101E0C00100B
:101E400017FABFE0C404C0001507C01017F9BFE0BF
:101E50003A880D103A880B0017FA3FE1404E325095
:101E600017FDBFE01701C01017FCBFE01E38801837
:101E700017F9BFE04400801015F9BFE017F9BFE083
:101E8000100180101ECF3F1017FEBFE0171D8010FD
:101E90004400C01017FEBFE0151DC01017FABFE0C8
:101EA000040A801015FFBFE017FFBFE00B0780108A
:101EB000CCFFBF100C028010260A00100D9D20D010
:101EC000049D20D14062245017FFBFE00B07C010D3
:101ED000C4FDBF003A7084183A88071017FFBFE0AE
:101EE0000D07C01017FABFE00412801015FFBFE005
:101EF00017FFBFE00B078010CCFFBF100C02801053
:101F0000260A00100D9D20D0049D20D1406224504F
:101F100017FFBFE00B07C010C4FDBF003A70841864
:101F20003A88071017FFBFE00D07C01017FABFE08F
:101F3000040980103A880910406224500605000008
:101F40003A880100060300003A88010006010000FB
:101F50003A88010017FBBFE015FABFE017FABFE0AF
:101F60001E7E3F1017A2E0D0D49FBE003A8885188D
:101F700015A2A0D017A2A0D02CC0BF10260100101F
:101F800015A220D03A8801003A8837E01701C0DF57
:101F9000170000DF0402C0DE3A2800F804FDFFDE6F
:101FA000150200DF040200DF15FF3FE115FE3FE0F0
:101FB000060A000017FFFFE017FEBFE0C400801014
:101FC0003A8885103A8885103A88851815000010DF
:101FD00017FEBFE04400801015FEBFE017FEBFE013
:101FE000100180101EF33F103A8801003A8837E054
:101FF000170000DF0401C0DE3A2800F804F8FFDE15
:102000001507C0DF150600DF040600DF15FE3FE1FF
:1020100015FF7FE117FFBFE06000C0101EB200187F
:102020008800C0101E02001826180010060D0100BE
:10203000A000C0101EBD0018E0008010260901108D
:1020400017FEBFE017028010A00280101E0B0010C8
:1020500017FEBFE0171D801017A1E0D016078018EB
:102060001739A0D0CCFFFF101C00E0180400E018C6
:1020700017FEBFE01506C01006FA000017FE3FE18C
:10208000C0B6315015FEBFE006F60000B441810035
:1020900004C8B310170B80104400C010B441810075
:1020A00004C8B310150BC01017FEBFE0170780104F
:1020B0004400C01017FEBFE01507C01017FEBFE0B8
:1020C00017078010500380101E0F001017FEBFE08E
:1020D0000403C0001507C010B441810004F6B3101A
:1020E000170980104400C010B441810004F6B310F9
:1020F0001509C010041D400117FE3FE100AC31502E
:1021000015FEBFE006D70000B441810004F6B3100D
:10211000170A80104400C010B441810004F6B310C7
:10212000150AC01017FEBFE017208010BAD00710A4
:1021300017FEBFE0172180103A8885187AD0051065
:1021400015FDBFE017FEBFE01707C0107441810006
:10215000C40F91103A88C51003008010CC3F801046
:1021600017FDFFE03A38851815FDBFE017FDBFE009
:10217000CCFFFF101C00E0180400E01817FEBFE0C1
:102180001508C01017FEBFE01708801088008010E7
:102190001E04001017FEBFE08400C0001508C01028
:1021A0000607000017FEBFE01708801050208010BF
:1021B0001E03001017FEBFE00420C0001508C01069
:1021C00017FEBFE01708C01017FEBFE01503C010D0
:1021D00017FEBFE017078010100180101E0F0010BF
:1021E00017FEBFE00B0B8010CCFFBF100C4080101F
:1021F0001E0A001017FEBFE01721C01017FEBFE037
:1022000017208010BAD005103A88871817FEBFE053
:102210001521C01017FEBFE01520001017FEBFE00B
:10222000170EC01017FEBFE0150FC01017FEBFE05D
:10223000151E001017FEBFE0170D80101708801044
:10224000170480100C0090101E24001017FEBFE031
:102250001714001117FEBFE0171BC0103A880520A5
:102260002E0180183A88051815FCBFE017FCBFE066
:102270007AD0061017FEBFE00B0A8010CCFFBF100B
:102280003A880B103A880918408E105015FCBFE0B0
:1022900017FCBFE0A80080101E0200108400800020
:1022A00015FCBFE017FEBFE00B0A8010CCFFFF104B
:1022B00017FEBFE0151BC01017FCBFE0CCFFFF10DE
:1022C00017FEBFE00B0A8010CCFFBF103A3885180C
:1022D0003A88071017FEBFE0151CC01017FE3FE13B
:1022E000C0283050065F0000B441810004F6B310EE
:1022F000170B80104400C010B441810004F6B310E5
:10230000150BC01017FE3FE10029315017FEBFE04A
:102310004400C000850AC01017FE3FE1C0283050BD
:1023200017FEBFE0850A0010064E0000B441810090
:1023300004F6B310170C80104400C010B4418100A3
:1023400004F6B310150CC01017FEBFE01702801082
:10235000080180102634001017FEBFE0170D801012
:1023600017088010170480100C0280102627001018
:1023700017FEBFE017028010880180101E23001096
:1023800017FEBFE0171DC010173820D117A1A0D02D
:102390003A8885200E268018B441810004F6B310D7
:1023A000170D80104400C010B441810004F6B31032
:1023B000150DC01017FEBFE0170CC01017FEBFE0D0
:1023C00017168010C4FF3F1117FEBFE0170E8010D4
:1023D000C4FFBF10150100D8150000D83A880F10AF
:1023E0003A880D203A880B1817FE3FE1405B3150C8
:1023F0001739A0D0CCFFFF101C00E0180400E01833
:1024000017FEBFE01505C010061600001738A0D053
:10241000CCFFFF101C00E0180400E01817FEBFE01E
:102420001505C010060F00003A88010006010000E3
:102430003A880100B441810004F6B310170E8010F1
:102440004400C010B441810004F6B310150EC01052
:10245000041D400117FE3FE100AC315015FEBFE006
:102460003A88010017FEBFE03A8837E01701C0DF65
:10247000170000DF0402C0DE3A2800F804F6FFDE91
:102480001509C0DF150800DF040800DF15FD3FE176
:1024900015FE7FE115FFBFE115F93FE017FDBFE035
:1024A0001707801015FABFE017FDBFE01701801075
:1024B00015FBBFE017FBBFE01E04001017FABFE0DA
:1024C0002602001084058000069C010017FBBFE077
:1024D0002604001017FBBFE01709801015F8BFE0B5
:1024E0000607000017FABFE01E02001015F83FE0D3
:1024F000060300000053255084058000068F01006C
:1025000017FABFE0280580101E76011017FABFE009
:10251000BA900610F4408100046489103A88851846
:10252000170080103A680010E025030540260305D7
:1025300068260305A0260305D826030530280305D1
:1025400024280305E02803050C29030518290305A1
:10255000742903054C2B03058429030590290305E1
:10256000482A0305182B0305282B03051828030503
:102570004C2B0305382B030517FBBFE02603001087
:10258000C41F800015F9BFE0066B010017FD3FE195
:1025900080BB325015F9BFE017F9BFE01E5501109E
:1025A00017FDBFE0170480100C2080102653011087
:1025B00017FDBFE00B088010CCFFBF101C00A0105F
:1025C0000400A0101E4D011017FDBFE0041EC00046
:1025D0000D08C0100649010017F8BFE0170280106F
:1025E000900080101E03001017F83FE100CD32501C
:1025F0000651010017F83FE1C0B63150064E010008
:1026000017FBBFE017088010170580109800801096
:102610001E05001017FF7FE117FB3FE140454650C4
:1026200015F9BFE0064401000053255084058000E1
:1026300015F9BFE00640010017FBBFE08B078010D3
:10264000CCFFBF101E0400103A880B0017FB3FE1BF
:102650004045465015F9BFE017F9BFE01E290110AB
:1026600017F8BFE04400C0001502C01006250100A5
:1026700017FBBFE08B078010CCFFBF101E060010B9
:102680003A880B0017FB3FE14045465015F9BFE083
:1026900017F9BFE01E1D011017FF7FE117FB3FE197
:1026A0004066465015F9BFE017F9BFE01E1901104A
:1026B00017F83FE1C04A31503A88071017F8BFE0D9
:1026C000150CC01017F8BFE0170C80101E05001085
:1026D00017FB3FE140844650441A800015F9BFE0E3
:1026E0000615010017FD3FE140A02B50B4418100C9
:1026F00004F6B310170080104400C010B4418100EC
:1027000004F6B3101500C01017F8BFE08400C00035
:102710001502C01017F8BFE08425C0001505C010D1
:1027200017A2E0D017F8BFE01513C01017A2E0D031
:10273000D49FBE003A88851815A2A0D017F8BFE034
:102740001713C01017F8BFE01510C01017F8BFE03E
:102750001710C01017F8BFE0151AC01017F8BFE027
:10276000171AC01017F8BFE0150FC01017F8BFE018
:10277000170FC01017F8BFE0150EC01017F83FE193
:10278000C028305015F9BFE017F9BFE01EE3001074
:10279000B441810004C8B310170480104400C01075
:1027A000B441810004C8B3101504C01006DB00005A
:1027B000C417800015F9BFE006DF000017F83FE1FD
:1027C00000CD325006DC000017FFBFE01703801079
:1027D00015FCBFE017FDBFE01705801098008010C2
:1027E0001E0E001017FFBFE00404C0001502C01049
:1027F00017FCBFE08400C0000D00C01017FBBFE055
:102800000B07C01017FCBFE08D00C01017FCBFE025
:1028100017FBFFE01703C0181501C01017FDBFE03C
:1028200017058010A00080101E0B001017FDBFE0E0
:1028300017058010E00080101E07001017FDBFE094
:10284000170580103A880B107441010104AB3E213A
:102850004070025000532550B441810004C8B310A9
:10286000170580104400C010B441810004C8B310A3
:102870001505C01006B0000017FD3FE180082C5080
:1028800017F83FE1C0D9325015F8BFE017F8BFE0A4
:1028900026A4001017F83FE1C028305015F9BFE01A
:1028A00006A0000017F83FE1C028305006A2000043
:1028B00017FDBFE0170180101E0300100408800000
:1028C00015F9BFE0069C000017FDBFE00412801060
:1028D00017FE7FE13A88091000392C5017F83FE1C4
:1028E000C028305015F9BFE017F9BFE0581A801022
:1028F0001E8E001017FDBFE00412801017FE7FE14E
:102900003A88091000B02C5006880000441C400191
:1029100017F83FE100AC3150068700000053255006
:102920003A8805000685000017FDBFE0171A8010E1
:102930001E05001017FDBFE08B088010CCFFBF10F4
:102940000C1080102609001017FDBFE0170480103E
:102950000C4080101E05001017F8BFE00324801003
:10296000CC3F80108C00801026030010840580006E
:1029700015F9BFE00670000017F8BFE003248010CF
:10298000CC3F80104C0080101E030010C402800059
:1029900015F9BFE00668000017FEBFE04400C00064
:1029A0001502C01017FEBFE01703801017F8FFE0F4
:1029B0004324C0180500C01017FFBFE08C00801032
:1029C0001E5C001017F8BFE003248010DC008010AC
:1029D0003A88071017F8BFE00524C010065500001C
:1029E00017FDBFE0170180101E03001004088000CF
:1029F00015F9BFE00650000017FDBFE01713801067
:102A00003A88071017FDBFE0171280103AC88518E2
:102A10001605001017FDBFE01713C01017FDBFE02B
:102A2000171280101E05801817FE3FE1405D2650EA
:102A3000441A800015F9BFE0063F000017FDBFE013
:102A40000412801017FE7FE13A88091000392C50DB
:102A500017F8BFE0170EC01017FDBFE01712801067
:102A60003A88871817F8BFE01510C01017F8BFE0B4
:102A70004400C000850AC01017F83FE1C02830505C
:102A800015F9BFE017F9BFE0581A80101E050010B5
:102A900017FDBFE00412801017FE7FE13A8809108D
:102AA00000B02C5017F8BFE0850A00100622000085
:102AB00017FF7FE117FB3FE1008A4650061E00002A
:102AC00017FF7FE117FB3FE140924650061A0000D6
:102AD00017FFBFE03A880B1017F83FE1400632506D
:102AE000061500007441010104B33E2140D6235075
:102AF000061100003A880100060F00003A88010024
:102B0000060D00003A880100060B00003A8801001B
:102B1000060900003A880100060700003A88010013
:102B2000060500003A880100060300003A8801000B
:102B3000060100003A88010017F9BFE03A8837E043
:102B40001701C0DF170000DF0402C0DE3A2800F8DA
:102B500004F9FFDE1506C0DF150500DF040500DF00
:102B600015FF3FE117FFBFE0171380102603001089
:102B700017FFBFE0170B80101E0B0010173AA0D0F4
:102B8000173BE0D03A880D183A880B1017FF3FE149
:102B9000C0262C5015FBBFE017FBBFE0260200103B
:102BA00017FBBFE0062B0000B441410104EB732981
:102BB00017FF3FE14037465015FBBFE017FBBFE072
:102BC0002602001017FBBFE00622000017FFBFE03F
:102BD0001701801015FCBFE017FC3FE1409B31500E
:102BE00015FDBFE017FDBFE01E17001017FFBFE087
:102BF0008B088010CCFFBF104C00801015FEBFE08A
:102C000017FFBFE08B08C01084FFBF003A70841824
:102C10003A88071017FFBFE08D08C01017FC3FE18E
:102C2000C03F465017FFBFE08B08801017FEFFE043
:102C30003AB0C4103A88071017FFBFE08D08C010E3
:102C4000441A80000603000017FDBFE015020010C3
:102C50003A8805003A8837E01701C0DF170000DF27
:102C60000402C0DE3A2800F804FCFFDE1503C0DFD2
:102C7000150200DF040200DF15FF3FE117FFBFE090
:102C8000170D80101708801015FEBFE017FFBFE07A
:102C900017028010080180101E04001017FF3FE18A
:102CA000C0B6315015FFBFE0061C000017FEBFE0A4
:102CB000170480100C208010260B001017FEBFE0B8
:102CC0000B088010CCFFBF101C00A0100400A01047
:102CD0001E0500103A880B0017FF3FE100AC315091
:102CE00015FFBFE0060D000017FE3FE180B72B5037
:102CF00017FEBFE0040A80103A880910408C2C505F
:102D000017FF3FE1C0D9325015FFBFE017FFBFE00A
:102D10002602001017FF3FE1C028305017FFBFE028
:102D20003A8837E01701C0DF170000DF0402C0DE79
:102D30003A2800F804FDFFDE1502C0DF150100DFB0
:102D4000040100DF15FF3FE117FFBFE0170280100D
:102D5000A801C0101E1A0018BA900610F440810095
:102D600004768B103A888518170080103A68001096
:102D7000F02D0305F02D0305F02D0305082E0305A6
:102D8000082E0305182E030517FFBFE015020010DB
:102D900017FF3FE1C0B6315015FFBFE00608000045
:102DA00017FFBFE08401C0001502C0100604000038
:102DB00017FFBFE00402C0001502C0103A880100EE
:102DC00017FFBFE02609001017FFBFE017028010B1
:102DD000500280101E05001017FFBFE0170D801075
:102DE000170880103A88091000C12B5017FFBFE068
:102DF0003A8837E01701C0DF170000DF0402C0DEA9
:102E00003A2800F804FDFFDE1502C0DF150100DFDF
:102E1000040100DF80CA265015FFBFE017FFBFE0A6
:102E20002602001017FFBFE0060100003A880500E7
:102E30003A8837E01701C0DF170000DF0402C0DE68
:102E40003A2800F804FDFFDE150200DF040200DF6F
:102E500015FF3FE117CBA0D015FEBFE0060900002B
:102E600017FEBFE01706C01017FFBFE01E02801854
:102E700017FEBFE00606000017FEBFE01700801037
:102E800015FEBFE017FEBFE01EF53F103A880500B3
:102E90003A8837E0170000DF0401C0DE3A2800F866
:102EA00004F5FFDE150AC0DF150900DF040900DFA5
:102EB00015FE3FE115FF7FE117FFBFE015F7BFE00B
:102EC0003A880900C07A255017F7BFE0170AC010EA
:102ED00017FEBFE0170480103A88871817F7BFE085
:102EE000170B8010360480183A8809000087255097
:102EF000441A8000064D00003A880B00440000018F
:102F00004034265015F8BFE017F8BFE01E0400104B
:102F10003A88090000872550441A800006430000C3
:102F200017F8BFE017FEFFE01501C01017FEBFE065
:102F30001703C01017F8BFE01503C01017FEBFE05D
:102F40001704C01017F8BFE01502C01017FEBFE04D
:102F50001701C01017F8BFE01504C01017FEBFE03E
:102F60001702C01017F8BFE01505C01017FEBFE02C
:102F70001707801015FBBFE017FEBFE01703801096
:102F800004FEBF1015F9BFE017F9BFE00B00801079
:102F9000CCFFBF103AD204103A88071017F9BFE0EF
:102FA0000B008010CCFFBF103A9204103AB0841886
:102FB0008DFABFE0840080000DFABFE017F7BFE094
:102FC000040A801004FAFFE017F8BFE13A880B18F2
:102FD0003A88091080502C501E08001017F8BFE0E6
:102FE0001501001017F83FE1C04C26503A8809003F
:102FF00000872550441A8000060C000017F7BFE038
:10300000040A80103A8809104062245017F7BFE084
:10301000040A80103A880B1017F73FE1001E2C506D
:103020003A880900008725503A8805003A8837E039
:103030001701C0DF170000DF0402C0DE3A2800F8E5
:1030400004F8FFDE1507C0DF150600DF040600DF09
:1030500015FD3FE115FE7FE115FFBFE115FB3FE0E8
:1030600017FDBFE01707801015FCBFE017FCBFE09D
:10307000680480101E7B001017FCBFE0BA90061099
:10308000F4408100043F8C103A88851817008010A6
:103090003A68001040310305C431030500320305CE
:1030A000CC32030500320305CC320305C0320305E0
:1030B000CC320305C032030540320305CC32030590
:1030C000CC320305CC320305CC320305CC320305E8
:1030D0008032030580320305408840503A8807104B
:1030E00017FDBFE01513C01017FDBFE01713C01088
:1030F00017FDBFE0150BC01017FDBFE017058010CE
:10310000980080101E0F00103A8809000087255093
:1031100080714050CCFFFF1017FDBFE0150080D834
:10312000F440C10104C2CB393A880D183A880B002B
:103130003A880900000A465015FBBFE03A880900AA
:10314000C07A255017FBBFE01E02001084058000E6
:10315000064500003A8805000643000017FD3FE1E0
:10316000C0EA325015FBBFE017FBBFE01E020010A3
:1031700084058000063C00003A880900008725503D
:1031800017FB3FE1C02946503A880900C07A255014
:103190003A8805000634000017FFBFE01E02001049
:1031A000840580000630000017FDBFE01705801081
:1031B000980080101E05001017FCBFE117FF7FE18B
:1031C00017FD3FE1402E33500627000000532550E5
:1031D000840580000624000017FEBFE01E020010D8
:1031E000840580000620000017FDBFE01705801051
:1031F000980080101E05001017FFBFE117FE7FE149
:1032000017FD3FE1805B3350061700000053255047
:10321000840580000614000017FFBFE01E020010A6
:10322000840580000610000017FDBFE01705801020
:10323000980080101E05001017FCBFE117FF7FE10A
:1032400017FD3FE1809333500607000000532550DF
:103250008405800006040000005325503A880500CC
:1032600006010000C41780003A8837E01701C0DF6C
:10327000170000DF0402C0DE3A2800F804F3FFDE86
:10328000150CC0DF150B00DF040B00DF15FD3FE15F
:1032900015FE7FE115FFBFE117FEBFE017038010A9
:1032A00015FABFE017FABFE01E0200108405800087
:1032B00006A2000017FEBFE0170280102004801055
:1032C0001E02001084058000069C000017FD3FE1EF
:1032D000C0EA325015FBBFE017FBBFE01E02001032
:1032E000840580000695000017FFBFE0980080105D
:1032F0001E53001017FABFE08B008010CCFFBF10E8
:103300001E0B001017FBBFE08B018010CCFFBF101D
:103310002604001017FBBFE08B0180100DF6BFE004
:10332000060E0000807140500DF6BFE0060B000055
:1033300017FABFE08B008010CCFFBF103AD2041008
:103340003A88071017FABFE08B008010CCFFBF103F
:103350003A9204103AB084180DF6BFE017FABFE0B5
:10336000170180101E02001015F83FE0061700003C
:1033700017FABFE01701801015F8BFE0B4418100D3
:1033800004BAB4101700801015F9BFE0060700005A
:1033900017F9BFE0170AC01017F8BFE0260680181B
:1033A00017F9BFE01700801015F9BFE017F9BFE06B
:1033B0001EF73F10060100003A88010017F9BFE030
:1033C0001E020010441F8000065C000017FDBFE0D5
:1033D000170480100C0180101E12001017CBA0D013
:1033E00015F5BFE0060D000017F5BFE08B0180105A
:1033F000CCFFFF100BF6BFE01E05801817F5FFE0AD
:1034000017FBBFE026028018041C8000064B00005A
:1034100017F5BFE01700801015F5BFE017F5BFE006
:103420001EF13F1017FBBFE00BF6FFE08D01C0104F
:1034300017FBBFE017F8FFE01503C010063E0000C1
:1034400017FABFE08B008010CCFFBF103AD20410F7
:103450003A88071017FABFE08B008010CCFFBF102E
:103460003A9204103AB084180DFCBFE017FABFE09E
:10347000170180101E02001015F73FE00603000040
:1034800017FABFE01701801015F7BFE017F73FE10B
:10349000809B3D5015F8BFE017F8BFE01E020010FA
:1034A000841C80000625000017FBBFE08B01801004
:1034B0000DF6BFE00BF6BFE01E0200108071405019
:1034C0000DF6BFE017FBBFE017F8FFE01503C010D3
:1034D00017FBBFE00BF6FFE08D01C01017FBBFE04C
:1034E00017F7FFE01504C01017FBBFE00BFCFFE06F
:1034F0000D02C01017FDBFE08B08C010C4FCBF0058
:103500003A7084183A88071017FDBFE08D08C01084
:1035100017FDBFE08B088010940080103A880710D8
:1035200017FDBFE08D08C01017FDBFE0040A801032
:103530003A880910408C2C503A8805003A8837E0C8
:103540001701C0DF170000DF0402C0DE3A2800F8D0
:1035500004F3FFDE150CC0DF150B00DF150A00DCDD
:10356000040B00DF15FC3FE115FD7FE115FEBFE117
:1035700017FC3FE1C0EA325015F8BFE017F8BFE092
:103580001E04001017FD3FE1C04C2650C41B8000F4
:1035900006C9000017FEBFE01E0E001017FCBFE0BA
:1035A0008B088010CCFFBF108C0080102607001005
:1035B00017F8BFE00B0280100DF5BFE017F8BFE071
:1035C0001704801015F6BFE006280000840580006F
:1035D00006B9000017FEBFE017028010200480101B
:1035E0001E030010005325508405800006B2000021
:1035F00017FEBFE01703801015F9BFE017F9BFE011
:103600001701801015F6BFE017F9BFE08B0080109E
:10361000CCFFBF10260C001017F9BFE08B00801004
:10362000CCFFBF103AD204103A88071017F9BFE058
:103630008B008010CCFFBF103A9204103AB084186F
:103640000DF5BFE00609000017F8BFE00B0280107F
:10365000CCFFBF101E0200108405800006960000FB
:1036600017F8BFE00B0280100DF5BFE017FDBFE0BB
:1036700017020014408840502E03001400532550B8
:10368000841E8000068C000017FDBFE0170280102A
:103690003A880B003A880910807C405015FABFE048
:1036A00017FABFE01E04001017FD3FE1C04C265082
:1036B000441A80000680000017FABFE01703C0100C
:1036C00017FDBFE01703001117FDBFE017028010C0
:1036D0003A880D103A880B203A8809184027025082
:1036E00017FDBFE01702C01017FABFE01504C010A5
:1036F00017FD3FE1C04C265017FABFE017F6FFE078
:103700001507C01017F6BFE0D8FFBF101E4A001003
:1037100017F8BFE01703801026100010B441810095
:1037200004BAB4101700801015F7BFE006080000B7
:1037300017F7BFE0170AC01017F8BFE01703801093
:10374000261D801817F7BFE01700801015F7BFE09F
:1037500017F7BFE01EF63F10061A0000B4418100C3
:1037600004BAB4101700801015F7BFE0060F000070
:1037700017F7BFE0172A80104C00801026080010B1
:1037800017F7BFE0172780102605001017F7BFE0D6
:103790001727801017068010580080102608001088
:1037A00017F7BFE01700801015F7BFE017F7BFE06D
:1037B0001EEF3F10060300003A88010006010000DA
:1037C0003A88010017F7BFE01E180010B4418100CD
:1037D00004BAB4101700801015F7BFE0060B000004
:1037E00017F7BFE0172780102605001017F7BFE076
:1037F000172780101706801058008010260600102A
:1038000017F7BFE01700801015F7BFE017F7BFE00C
:103810001EF33F10060100003A88010017F7BFE0D1
:103820001E020010441F80000623000017FABFE0AC
:1038300017F7FFE01506C01017FCBFE01703801054
:103840002604001017FCBFE01703C01017FABFE0F2
:10385000150BC01017FCBFE0171F801026040010C6
:1038600017FCBFE0171FC01017FABFE0150CC010FF
:103870003A880900008725500BF5FFE017F8BFE0F4
:103880008B018010CCFFBF1017FABFE13A880B10F4
:103890003A880918C038405015FBBFE03A88090043
:1038A000C07A255017FBBFE00E02001017FBBFE0E7
:1038B000060100003A88050004FFFFE61702C0DF9A
:1038C000170100DF170000DC0403C0DE3A2800F80F
:1038D00004F9FFDE1506C0DF150500DF040500DF73
:1038E00015FD3FE115FE7FE115FFBFE117FEBFE0CB
:1038F0001703801015FBBFE017FBBFE01E0200108E
:10390000840580000637000017FD3FE1C0EA325011
:1039100015FCBFE017FCBFE01E020010840580000C
:103920000630000017FEBFE00404C0001502C010FE
:1039300017FFBFE0D80380101E15001017FBBFE073
:103940008400C0000D00C01017FCBFE08B01801088
:10395000CCFFBF103AD204103A88071017FCBFE022
:103960008B018010CCFFBF103A9204103AB084183B
:103970003A88071017FBBFE08D00C01017FCBFE0AE
:103980001703C01017FBBFE01501C010061400009C
:1039900017FBBFE08400C0000D00C01017FCBFE0A3
:1039A0000B028010CCFFBF103AD204103A880710E7
:1039B00017FCBFE00B028010CCFFBF103A9204103E
:1039C0003AB084183A88071017FBBFE08D00C0108A
:1039D00017FCBFE01704C01017FBBFE01501C010B3
:1039E0003A8805003A8837E01701C0DF170000DF8A
:1039F0000402C0DE3A2800F804F5FFDE150A00DFF5
:103A0000040A00DF15FC3FE115FD7FE115FEBFE173
:103A100015FFFFE115F63FE017A5A0D0263C0010EA
:103A200017FCBFE02638001017FCBFE017FEFFE0D0
:103A30001503C01017FCBFE017FFFFE01505C0100D
:103A40003A30050015F9BFE017F9FFE084FFBF0029
:103A50003A7084183A70011017F9BFE015F8BFE00A
:103A600017A6A0D015F6BFE017FDFFE017F6BFE0E0
:103A70003A8885184400C01017FCBFE01502C0103A
:103A800017FCBFE01702C01017F6BFE02E04801825
:103A900017FCBFE04400C0000504C010060200008F
:103AA00017FCBFE00504001017FCBFE00445E0D0A0
:103AB00015FAFFE015FBBFE017FBBFE017FAFFE0C8
:103AC0001501C01017FABFE01700C01017FBBFE0C8
:103AD0001500C01017FABFE01700801017FBFFE0B9
:103AE0001501C01017FABFE017FBFFE01500C0106A
:103AF00017F8BFE015F7BFE017F7BFE03A70011005
:103B00003A8805000603000084FABF0006010000A1
:103B100084DEBF003A8837E0170000DF0401C0DE12
:103B20003A2800F804FAFFDE1505C0DF150400DFAF
:103B3000040400DF15FF3FE1C400800015FDBFE075
:103B400017FDFFE0F4038000049090103A388518C8
:103B50003A880B10341E010104301A21408E105097
:103B60003A880B1034002001C4FF3F21408E1050D2
:103B70003A880B1017FF3FE1408E105015FEBFE052
:103B800017FEBFE0262A001015FC3FE006170000D4
:103B90003400A000C4FFBF10C4FFBF101EFE3F10C2
:103BA00017FDFFE0F4038000049090103A38851868
:103BB0003A880B10341E010104301A21408E105037
:103BC0003A880B1034002001C4FF3F21408E105072
:103BD0003A88071017FFBFE03AC8C51015FFBFE0CD
:103BE00017FCBFE04400801015FCBFE017FCFFE0AD
:103BF00017FEBFE016E6BF1817FDFFE0F4038000D4
:103C0000049090103A3885183A880B10341E010140
:103C100004301A21408E10503A88071017FFBFE079
:103C20003A388518C4FFBF101EFE3F10060D000075
:103C300017FDFFE0F4038000049090103A388518D7
:103C40003A880B10341E010104301A21408E1050A6
:103C50003A88071017FFBFE03A388518C4FFBF1035
:103C600016FEBF003A8805003A8837E01701C0DF2A
:103C7000170000DF0402C0DE3A2800F804FEFFDE71
:103C80001501C0DF150000DF3A8839D81741A0D0F0
:103C9000260300101741A0D03AE83E1006010000AC
:103CA0000463A0D03A8837E01701C0DF170000DFB7
:103CB0000402C0DE3A2800F804FBFFDE1504C0DF72
:103CC000150300DF040300DF15FF3FE117FFBFE02E
:103CD0001606001017FFBFE02403C01074418100D6
:103CE000041D91103A888518060100003A880500E5
:103CF00015FDBFE017FDBFE02619001017FDBFE05E
:103D000017008010170480102606001017FDBFE072
:103D1000170080101704801017FD3FE13AE83E10AD
:103D2000060100003A88050015FEBFE017FF3FE1DD
:103D300040B5345017FEBFE00E07001040CE3350A0
:103D40003A88071017FEBFE03AC8850015008018B2
:103D5000C4FFBF00060700003A8805000605000002
:103D600040CE33503A880710441480001500801864
:103D7000C4FFBF003A8837E01701C0DF170000DF3B
:103D80000402C0DE3A2800F804FBFFDE150400DF61
:103D9000040400DF15FE3FE115FF7FE117FEFFE0A1
:103DA00017FFBFE03A88851815FDBFE017FEBFE09A
:103DB00015FCBFE00605000017FCBFE01B0000106B
:103DC00017FCBFE00408801015FCBFE017FCFFE003
:103DD00017FDBFE036F8BF1817FEBFE0CC07801014
:103DE0002602001017FCBFE01B0000103A880100FB
:103DF0003A8837E0170000DF0401C0DE3A2800F8F7
:103E000004FCFFDE150300DF040300DF15FD3FE1C6
:103E100015FE7FE115FFBFE117FFBFE03A8837E0ED
:103E2000170000DF0401C0DE3A2800F804FEFFDEC0
:103E30001501C0DF150000DF3A8839D81741A0D03E
:103E4000260300101741A0D03AE83E1006010000FA
:103E50000463A0D03A8837E01701C0DF170000DF05
:103E60000402C0DE3A2800F804FAFFDE1505C0DFC0
:103E7000150400DF040400DF15FE3FE115FF7FE1BC
:103E800017FEBFE02603001017FEBFE017028010E8
:103E90001E06001040E933503A8807108405800060
:103EA0001500801884FABF000613000017FEBFE05B
:103EB00017FFFFE015FCFFE015FDBFE017FDBFE0B9
:103EC00017FCFFE01501C01017FCBFE01700C01081
:103ED00017FDBFE01500C01017FCBFE017008010F1
:103EE00017FDFFE01501C01017FCBFE017FDFFE054
:103EF0001500C0103A8805003A8837E01701C0DF86
:103F0000170000DF0402C0DE3A2800F804FDFFDEDF
:103F10001502C0DF150100DF040100DF74418100DC
:103F200004B3B11015FFBFE00606000017FFBFE0A5
:103F3000170080103AE83E1017FFBFE004FFBF10E3
:103F400015FFBFE017FFFFE07441810004B4B1101A
:103F50002EF6BF183A8801003A8837E01701C0DF13
:103F6000170000DF0402C0DE3A2800F804FDFFDE7F
:103F70001502C0DF150100DF040100DF744181007C
:103F800004B3B11015FFBFE00606000017FFBFE045
:103F9000170080103AE83E1017FFBFE004FFBF1083
:103FA00015FFBFE017FFFFE07441810004B4B110BA
:103FB0002EF6BF183A8801003A8837E01701C0DFB3
:103FC000170000DF0402C0DE3A2800F804FAFFDE22
:103FD0001505C0DF150400DF040400DF15FE3FE116
:103FE00015FF7FE117FFBFE01700801015FCBFE051
:103FF00017FE3FE1402C03504400801015FDBFE048
:10400000060D000017FCBFE01702801017FDFFE04F
:104010003A880D1817FE7FE13A88091080E34B506B
:104020001E02001017FCBFE00607000017FCBFE0EF
:104030001700801015FCBFE017FCFFE017FFBFE082
:104040001EF0BF183A8805003A8837E01701C0DF34
:10405000170000DF0402C0DE3A2800F804FCFFDE8F
:104060001503C0DF150200DF040200DF15FF3FE18A
:10407000044260D117FF3FE14003345015FEBFE01A
:1040800017FEBFE02609001017FEBFE017038010DF
:104090002606001017FEBFE01703801017FF7FE110
:1040A00017FE3FE13AE83E100601000017FEBFE0B0
:1040B0003A8837E01701C0DF170000DF0402C0DED6
:1040C0003A2800F804FDFFDE1502C0DF150100DF0D
:1040D000040100DF15FF3FE117FFBFE026080010D5
:1040E00017FFBFE0170480102605001017FFBFE080
:1040F0001704801017FF3FE13AE83E103A880100AC
:104100003A8801003A8837E01701C0DF170000DF66
:104110000402C0DE3A2800F804F9FFDE1506C0DF0D
:10412000150500DF040500DF15FC3FE115FD7FE10B
:1041300015FEBFE115FFFFE1170280E0150080D8F2
:1041400017FFFFE117FEBFE117FD7FE117FC3FE11D
:10415000003334503A8837E01701C0DF170000DF22
:104160000402C0DE3A2800F804F9FFDE150600DF7D
:10417000040600DF15FE3FE115FF7FE117FFBFE0FA
:1041800015FABFE03A30050015FBBFE017FBFFE072
:1041900084FFBF003A7084183A70011017FBBFE02B
:1041A00015FCBFE04400C00017FABFE03A9884183D
:1041B0003A88071017A4A0D03AB0841815A4A0D04C
:1041C00017A4A0D0FA70011017FCBFE015FDBFE0E6
:1041D00017FDBFE03A7001103A8805003A880100E7
:1041E0003A8837E0170000DF0401C0DE3A2800F803
:1041F00004F9FFDE150600DF040600DF15FE3FE1CF
:1042000015FF7FE117FFBFE015FABFE03A30050068
:1042100015FBBFE017FBFFE084FFBF003A70841876
:104220003A70011017FBBFE015FCBFE04400C0006E
:1042300017FABFE03A9884183A3084003A88071099
:1042400017A4A0D03A70841815A4A0D017A4A0D0A9
:10425000FA70011017FCBFE015FDBFE017FDBFE0CD
:104260003A7001103A8805003A8801003A8837E030
:10427000170000DF0401C0DE3A2800F804FCFFDE6E
:10428000150300DF040300DF15FE3FE115FF7FE1AA
:10429000FA30050015FDBFE04400C00017FFBFE085
:1042A0003A9884183A88071017FDBFE03A708418CE
:1042B0003AC00410CC3F80103A8837E0170000DF86
:1042C0000401C0DE3A2800F804F5FFDE150AC0DF5D
:1042D000150900DF040900DF15FC3FE115FD7FE152
:1042E00015FEBFE115FFFFE184FABF0015F7BFE03F
:1042F00017FDBFE015F8BFE017F8BFE00808801011
:104300001E2700103A30050015FBBFE017FBFFE049
:1043100084FFBF003A7084183A70011017FBBFE0A9
:1043200015FABFE0B4418100042EB41017F8FFE085
:10433000FA9006183A88C51017FEFFE01500C01065
:10434000B4418100042EB41017F8FFE0FA9006186B
:104350003A88C5100401801017FFFFE01500C01057
:1043600017FEBFE02605001017F8BFE03A880B10D3
:1043700017FC3FE1001D34500604000017F8BFE0B1
:104380003A880B1017FC3FE18025345015F7BFE049
:1043900017FABFE015F9BFE017F9BFE03A70011056
:1043A00017F7BFE03A8837E01701C0DF170000DFDA
:1043B0000402C0DE3A2800F804F9FFDE1506C0DF6B
:1043C000150500DF040500DF15FC3FE115FD7FE169
:1043D00015FEBFE115FFFFE117FFBFE117FE7FE10B
:1043E00017FD3FE10066345015FBBFE017FBBFE04F
:1043F000161C001074418100041D911017FBFFE092
:104400002403C0183A88C5101700C01017FCBFE07D
:104410001500C01074418100041D911017FBFFE0CE
:104420002403C0183A88C510040180101700C0107A
:1044300017FCBFE01501C01074418100041D9110EC
:1044400017FBFFE02403C0183A88C510040280104F
:104450001700C01017FCBFE01502C01017FB3FE1AA
:1044600040B534503A8801003A8837E01701C0DF80
:10447000170000DF0402C0DE3A2800F804FBFFDE6C
:104480001504C0DF150300DF040300DF15FD3FE165
:1044900015FE7FE115FFBFE1C47FC001440080012C
:1044A00017FD7FE1744101010420112100423450C5
:1044B000C47FC0013A880D0017FE7FE174410101FD
:1044C000041D112100423450C47FC001440080010A
:1044D00017FF7FE174410101042311210042345090
:1044E0003A8801003A8837E01701C0DF170000DF83
:1044F0000402C0DE3A2800F804FEFFDE1501C0DF2A
:10450000150000DF3A8839D81741A0D026030010E3
:104510001741A0D03AE83E10060100000463A0D085
:104520003A8837E01701C0DF170000DF0402C0DE61
:104530003A2800F804FDFFDE150200DF040200DF68
:1045400015FF3FE117FFBFE0170280103400D010C5
:1045500017FFBFE01502C01015FE3FE0061D00006A
:1045600074418100041D911017FEFFE02403C01860
:104570003A88C5101700C01017FFBFE01700801061
:104580001E11801874418100041D911017FEFFE078
:104590002403C0183A88C510040280101700801048
:1045A0000E09001017FEBFE02403C0107441810003
:1045B000041D91103A88871817FFBFE02602801863
:1045C000C4FCBF000608000017FEBFE044008010D6
:1045D00015FEBFE01740A0D03A88071017FEBFE0D5
:1045E0002EDFBF183A8805003A8837E0170000DF51
:1045F0000401C0DE3A2800F804F6FFDE1509C0DF2A
:10460000150800DF040800DF15FD3FE115FE7FE11E
:1046100015FFBFE1C4FFBF0015F9BFE044FBBF00B9
:1046200015FABFE015FB3FE0043E60D117FD3FE106
:104630004003345015F8BFE017F8BFE01E05001026
:1046400017FD3FE10066485015F8BFE044008000C8
:1046500015FBBFE017F8BFE02629001017F83FE16F
:104660008076485015F9BFE017F9BFE00E0300103F
:1046700017F9BFE015FABFE00623000017F9BFE005
:104680002403C01074418100041D91103A888518DC
:1046900015FCBFE017FEFFE034009000C4FFBF1020
:1046A0003A70861817FCBFE01502C01017FBBFE078
:1046B0001E05001017FC3FE1C059345015FABFE049
:1046C00017FABFE01610001017F8BFE017038010AC
:1046D0002608001017F8BFE01703801017FFFFE14E
:1046E00017FEBFE117FD7FE117FC3FE13AE83E10FE
:1046F000060100003A88050015FABFE00602000036
:1047000044FBBF0015FABFE017FABFE00E09001026
:1047100017F93FE140B53450005634503A8807103D
:1047200017FABFE03AC8850015008018C4FFBF0023
:104730000601000017F9BFE03A8837E01701C0DF33
:10474000170000DF0402C0DE3A2800F804F2FFDEA2
:10475000150AC0DF150900DF040900DF15FF3FE17E
:10476000150240E1150380E11504C0E1040280E078
:1047700015FEBFE017FFBFE015F7BFE0066F0000B2
:1047800007F8BFE0600980101E04001007F8BFE0C2
:104790003A880910009E34500668000017F7BFE001
:1047A0004400C01015F7FFE00300801005F8BFE0DB
:1047B00007F8BFE02669001007F8BFE0580980102D
:1047C0001E04001007F8BFE03A880910009E34501C
:1047D000065A000007F8BFE0D81880101E08001025
:1047E00017FEBFE00401C01015FEFFE017008010A7
:1047F00015FDBFE017FD3FE1009E3450064F00005D
:1048000007F8BFE0181E80101E34001017FEBFE02E
:104810000401C01015FEFFE01700801015FBBFE07B
:1048200017FBBFE01E030010040C0001009E345073
:10483000064200000407800015F9BFE006030000EF
:1048400017F9BFE004FFBF1015F9BFE0C403C000B3
:1048500017F9BFE03A9884183A88071017FBBFE0B1
:104860003A70841826F63F1006190000C403C000F1
:1048700017F9BFE03A9884183A88071017FBBFE091
:104880003A70861817F9BFE03AD8841815FCBFE0D3
:1048900017FCBFE0A80280101E04001017FCBFE048
:1048A000040C801005F8BFE00603000017FCBFE011
:1048B000C415801005F8BFE007F8BFE03A8809107A
:1048C000009E345017F9BFE004FFBF1015F9BFE098
:1048D00017F9BFE00EE53F100618000007F8BFE02B
:1048E000D81C80101E15001017FEBFE00401C01078
:1048F00015FEFFE01700801015FABFE00609000062
:1049000017FABFE04400C01015FAFFE00300801062
:10491000CC3F80101C20801004E0BF103A880910A2
:10492000009E345017FABFE003008010CC3F801087
:104930001C20801004E0BF101EF13F1017F7BFE0ED
:104940004400C01015F7FFE00300801005F8BFE039
:1049500007F8BFE01E8A3F10060100003A880100F8
:104960003A8801003A8837E01701C0DF170000DFFE
:104970000405C0DE3A2800F804FDFFDE1502C0DFA2
:10498000150100DF040100DF15FF3FE11702A0D091
:10499000170280103A880B1017FF3FE1007E02508B
:1049A0003A8837E01701C0DF170000DF0402C0DEDD
:1049B0003A2800F804FEFFDE1501C0DF150000DF15
:1049C0003A8839D81741A0D0260300101741A0D04B
:1049D0003AE83E10060100000463A0D03A8837E0B0
:1049E0001701C0DF170000DF0402C0DE3A2800F81C
:1049F00004F9FFDE1506C0DF150500DF040500DF42
:104A000015FD3FE115FE7FE115FFBFE117FDBFE09A
:104A10001606001017FDBFE02403C010744181008A
:104A2000041D91103A888518060100003A88050097
:104A300015FBBFE017FBBFE02622001017FBBFE00D
:104A400017028010CC008010600080101E1800102B
:104A500017FBBFE017008010170580102614001008
:104A600017FBBFE0170080101705801017FFFFE04D
:104A70003A880D1817FE7FE117FB3FE13AE83E1038
:104A800015FCBFE017FCBFE00E070010C0A13450BA
:104A90003A88071017FCBFE03AC885001500801857
:104AA000C4FFBF00060C000017FCBFE0060A0000B0
:104AB000C0A134503A8807104403800015008018C4
:104AC00006040000C0A134503A8807104414800046
:104AD00015008018C4FFBF003A8837E01701C0DF17
:104AE000170000DF0402C0DE3A2800F804FEFFDEF3
:104AF000150100DF040100DF15FF3FE117FFBFE0F4
:104B0000D00080101E0D001074418100041D911012
:104B100017FFFFE02403C0183A88C5100402801074
:104B20001500001074418100041D911017FFFFE073
:104B30002403C0183A88C510150000103A880100F7
:104B40003A8837E0170000DF0401C0DE3A2800F899
:104B500004FDFFDE150200DF040200DF15FE3FE169
:104B600015FF7FE117FEFFE03400A000C4FFBF1077
:104B70003A7084183A8837E0170000DF0401C0DE7D
:104B80003A2800F804FAFFDE150500DF040500DF0F
:104B900015FF3FE13A30050015FCBFE017FCFFE0D0
:104BA00084FFBF003A7084183A70011017FCBFE010
:104BB00015FBBFE017FFBFE015FDBFE017FDBFE02D
:104BC0001700801017FDFFE01701C0181501C01075
:104BD00017FDBFE01701801017FDFFE01700C01898
:104BE0001500C01017FDBFE017FDFFE01501C01054
:104BF00017FDBFE017FDFFE01500C01017FBBFE079
:104C000015FEBFE017FEBFE03A7001103A880100C0
:104C10003A8837E0170000DF0401C0DE3A2800F8C8
:104C200004FBFFDE1504C0DF150300DF040300DF13
:104C30001745A0D015FDBFE017A6A0D044008010F6
:104C400015A6A0D0062E000017FDBFE017008010AB
:104C500015FEBFE017FDBFE003048010CC3F8010BD
:104C60002604001017A6A0D01E02001017FDBFE0FA
:104C70000504001017FDBFE01702801017A6E0D052
:104C8000361D801817FDBFE003048010CC3F801054
:104C90001E19001017FDBFE01703801017FDFFE07D
:104CA0001705C0183A8809183AE83E1015FFBFE00A
:104CB00017FFBFE01E03001017FD3FE1C0BE3450D8
:104CC000060D000017FDBFE01702C01017FFBFE080
:104CD0003A88871817FDBFE01502C01017FDBFE026
:104CE0001702C01017A6A0D02E03801817FDBFE032
:104CF0004400C0000504C01017FEBFE015FDBFE072
:104D000017FDFFE00445A0D01ECFBF18403F145050
:104D10003A8801003A8837E01701C0DF170000DF4A
:104D20000402C0DE3A2800F804FDFFDE1502C0DFF1
:104D3000150100DF040100DF15FF3FE117FFFFE071
:104D40003400A000C4FFBF103A7084183A880910DC
:104D500040E24B503A8801003A8837E01701C0DF43
:104D6000170000DF0402C0DE3A2800F804FAFFDE74
:104D70001505C0DF150400DF040400DF15FF3FE167
:104D800017FFBFE0C40780107AD1041015FCBFE004
:104D900017FCBFE07A91041015FDBFE017FD7FE11D
:104DA0000408000100C64B5015FEBFE017FEBFE02F
:104DB0001E0200103A8805000605000017FD7FE17D
:104DC00017FE3FE100DF335017FEBFE03400A010B4
:104DD0003A8837E01701C0DF170000DF0402C0DEA9
:104DE0003A2800F804FEFFDE1501C0DF150000DFE1
:104DF0003A8839D81741A0D0260300101741A0D017
:104E00003AE83E10060100000463A0D03A8837E07B
:104E10001701C0DF170000DF0402C0DE3A2800F8E7
:104E200004F9FFDE1506C0DF150500DF040500DF0D
:104E300015FD3FE115FE7FE115FFBFE117FDBFE066
:104E40001606001017FDBFE02403C0107441810056
:104E5000041D91103A888518060100003A88050063
:104E600015FBBFE017FBBFE02621001017FBBFE0DA
:104E700017028010CC0080102618001017FBBFE02E
:104E800017008010170680102614001017FBBFE0D3
:104E9000170080101706801017FFFFE03A880D18E2
:104EA00017FE7FE117FB3FE13AE83E1015FCBFE03B
:104EB00017FCBFE00E070010C0E434503A8807101A
:104EC00017FCBFE03AC8850015008018C4FFBF007A
:104ED000060C000017FCBFE0060A0000C0E43450D6
:104EE0003A8807104403800015008018060400006B
:104EF000C0E434503A88071044148000150080182C
:104F0000C4FFBF003A8837E01701C0DF170000DF99
:104F10000402C0DE3A2800F804FFFFDE150000DFBF
:104F20003A8839D8FA7001003A8801003A8837E0A7
:104F3000170000DF0401C0DE3A2800F804F5FFDEA8
:104F40001702E0D0177A20D11500C0DF150100DF6D
:104F50001502C0DD150380DD150440DD150500DDFB
:104F60001506C0DC150780DC150840DC150900DCDF
:104F7000150AC0D81500C02680213550177520D1DC
:104F8000076D60D1157A20D1456D60D11700C0261C
:104F9000170AC0D81700C0DF170100DF1702C0DDF5
:104FA000170380DD170440DD170500DD1706C0DCA0
:104FB000170780DC170840DC170900DC1502E0D079
:104FC000040BC0DE3A2800F83A30250084FF7F0445
:104FD0003A7064943A700190802135504400800406
:104FE000456BA0D406E53F000400C0063A3005003A
:104FF000540080103A700110170180D8170000D9B2
:105000000402C0DE3AE83E103A88010004F7FFDEF1
:105010001508C0DF150700DF040700DF15FC3FE1BE
:1050200015FD7FE115FEBFE13A8805380DFFBFE0B1
:1050300017FEFFE004FFBF003A70841804F7BE10AB
:1050400015F9BFE0040981013A880B0017F93FE127
:105050008051025017F9BFE004BBC01017F9BFE040
:105060001501C01017F9BFE004D5C01017F9BFE053
:105070001502C01017F9BFE004EFC01017F9BFE028
:105080001503C01017F9FFE07441810004B9BE1088
:10509000150D801817F9BFE04400C0001529C01095
:1050A000152A001017F9BFE084C3CC000D2BC010E7
:1050B00017F9BFE044F3EA008D2BC01017F9BFE0E9
:1050C000048DC4000D2CC01017F9BFE0449BF900FB
:1050D0008D2CC01017F9BFE004BBF7000D2DC010D8
:1050E00017F9BFE04401C0008D2DC01017F9BFE0D3
:1050F000C402C0000D2EC01017F9BFE015FABFE0C2
:1051000017FABFE004F3BF1015FBBFE017FBBFE0C9
:10511000040C801017FCFFE01500C01017FBBFE067
:10512000040B801017FDFFE01500C01017FBBFE057
:10513000040A801017F9FFE01500C010F440810048
:10514000041494100401C01017FBBFE01500C01038
:1051500017FBBFE03A8837E01701C0DF170000DF18
:105160000402C0DE3A2800F804FEFFDE150100DF6D
:10517000040100DF15FF3FE13A8801003A8837E07B
:10518000170000DF0401C0DE3A2800F804FEFFDE4D
:10519000150100DF040100DF15FF3FE13A8801003F
:1051A0003A8837E0170000DF0401C0DE3A2800F833
:1051B00004FFFFDE150000DF3A8839D83A88010085
:1051C0003A8837E0170000DF0401C0DE3A2800F813
:1051D00004FFFFDE150000DF3A8839D83A88010065
:1051E0003A8837E0170000DF0401C0DE3A2800F8F3
:1051F00004FEFFDE1501C0DF150000DF3A8839D854
:10520000C06A25503A8801003A8837E01701C0DFAC
:10521000170000DF0402C0DE3A2800F804FFFFDEBA
:10522000150000DF3A8839D83A8801003A8837E01B
:10523000170000DF0401C0DE3A2800F804FFFFDE9B
:10524000150000DF3A8839D83A8801003A8837E0FB
:10525000170000DF0401C0DE3A2800F804FFFFDE7B
:10526000150000DF3A8839D83A8801003A8837E0DB
:10527000170000DF0401C0DE3A2800F804FEFFDE5C
:10528000150100DF040100DF15FF3FE13A8801004E
:105290003A8837E0170000DF0401C0DE3A2800F842
:1052A00004FBFFDE150100DF040100DF15FF3FE115
:1052B000150140E1150280E11503C0E13A880100C3
:1052C0003A8837E0170000DF0404C0DE3A2800F80F
:1052D00004FBFFDE150400DF040400DF15FC3FE1E2
:1052E00015FD7FE115FEBFE115FFFFE117FDFFE0B2
:1052F00017FCBFE01500C01017FEFFE017FCBFE071
:105300001501C01017FFFFE017FCBFE01502C01029
:105310001701C0E017FCBFE01504C0103A88050073
:105320003A8837E0170000DF0401C0DE3A2800F8B1
:1053300004FAFFDE1505C0DF150400DF040400DFFA
:1053400015FE3FE115FF7FE105FD3FE015FC3FE065
:10535000060B000017FCFFE04400801815FCBFE0BE
:10536000F4038000049090101E0580187441010120
:1053700004BA3E218098025084FABF00061900004A
:1053800017FEBFE017018010170380103700801050
:105390004C0080101EEF3F100404400117FF3FE156
:1053A00000DF335017FEBFE01701801017FF7FE1C9
:1053B0003A880910C0C21E5005FDBFE003FDBFE0E2
:1053C0002607001003FDBFE03A880B10744101016D
:1053D00004C13E2140700250C4FFBF00060100001E
:1053E0003A8805003A8837E01701C0DF170000DF70
:1053F0000402C0DE3A2800F804F9FFDE1506C0DF1B
:10540000150500DF040500DF15FE3FE115FF7FE114
:1054100017FEBFE01702C01044008000150180D8BD
:1054200044008000150080D83A880F003A880D00AB
:1054300017FF7FE13A88091840801E5005FDBFE044
:1054400003FDBFE026020010C4FFBF0006010000FC
:105450003A8805003A8837E01701C0DF170000DFFF
:105460000402C0DE3A2800F804F9FFDE1506C0DFAA
:10547000150500DF040500DF15FE3FE115FF7FE1A4
:1054800017FEBFE01701C01044008000150180D84E
:1054900044008000150080D83A880F003A880D003B
:1054A00017FF7FE13A88091840801E5005FDBFE0D4
:1054B00003FDBFE026020010C4FFBF00060100008C
:1054C0003A8805003A8837E01701C0DF170000DF8F
:1054D0000402C0DE3A2800F804FCFFDE150300DFFA
:1054E000040300DF15FF3FE117FFBFE00402801057
:1054F0003700801015FEBFE017FFBFE004028010E8
:105500000402C8003500C01015FD3FE0060300008E
:1055100017FDBFE04400801015FDBFE017FFBFE09E
:1055200004028010370080100C0088102603001041
:1055300017FDBFE010C489101EF53F1017FFBFE034
:105540000402801017FEFFE03500C0103A88050005
:105550003A8837E0170000DF0401C0DE3A2800F87F
:1055600004FDFFDE150200DF040200DF15FF3FE14E
:1055700017FFBFE0040280103700801015FEBFE067
:1055800017FEFFE0C4FDBF003A70841815FEBFE0AF
:1055900017FFBFE00402801017FEFFE03500C010C7
:1055A0003A8805003A8837E0170000DF0401C0DEC2
:1055B0003A2800F804FDFFDE150200DF040200DFD8
:1055C00015FF3FE117FFBFE0040280103700801095
:1055D00015FEBFE017FEBFE01402801015FEBFE00D
:1055E00017FFBFE00402801017FEFFE03500C01077
:1055F0003A8805003A8837E0170000DF0401C0DE72
:105600003A2800F804FBFFDE1504C0DF150300DFB5
:10561000150200DC040300DF15FE3FE115FD3FE04D
:1056200006290000B44181000472B41017FDFFE0A8
:105630003A88C7183A88C7183A88C51017008010EA
:105640001714C01017FEBFE0171480101E1B80181F
:10565000B44181000472B41017FDFFE03A88C71806
:105660003A88C7183A88C510170080100315C01073
:1056700017FEBFE003158010CC3FC018CC3F801050
:105680001E0E801817FEBFE0171480103A8807100E
:1056900017FEBFE003158010CC3F80103A880D1034
:1056A0003A880B187441010104D33E214070025026
:1056B0007441010104E73E218098025017FDBFE0CC
:1056C0004400801015FDBFE003A7A0D0CC3F8010A0
:1056D00017FDFFE016D3BF1803A7A0D0CC3F0014DE
:1056E0000419000100E14B503A880910B4418100CF
:1056F0000472B4103A8807843A88C7183A88C510EB
:105700001500001103A7A0D0CC3FC010B441810008
:105710000472B4103A88C7183A88C7183A88C51076
:10572000170080101E08001003A7A0D0CC3F8010E7
:105730003A880B107441010104FF3E214070025071
:10574000C4FFBF000622000003A7A0D0CC3FC010BA
:10575000B44181000472B4103A88C7183A88C71857
:105760003A88C5101700C01017FEBFE03A8809102C
:10577000041980003A880D103A880B203A880918DD
:105780004027025003A7A0D0CC3FC010B4418100F5
:105790000472B4103A88C7183A88C7183A88C510F6
:1057A000170080103A88071017FEBFE03A880B10E8
:1057B0003A88091840EB4B5003A7A0D04400801052
:1057C00005A7A0D003A7A0D0CC3F8010C4FFBF1076
:1057D00004FFFFE61702C0DF170100DF170000DC3F
:1057E0000403C0DE3A2800F804F2FFDE150DC0DF26
:1057F000150C00DF150B00DC040C00DF15FB3FE18E
:1058000015FC7FE115FDBFE115FEFFE117FBBFE0D1
:1058100015FABFE017FCBFE015F6BFE017FDBFE0CB
:1058200015F7BFE017FEBFE015F8BFE0170280E0F4
:1058300015F9BFE017FABFE003038010CC3F8010DA
:105840001E0300104400800015F5BFE0060E0000A6
:1058500017FABFE003038010CC3F8010260500102C
:1058600017FABFE003038010CC3F801015F5BFE0AE
:105870000605000074410101040E3F21809802508A
:10588000C4FFBF000653020015F43FE0064D0200BE
:1058900083A7A0D0CC3F80101C20801004E0BF1054
:1058A000100180101E0C001074410101041A3F21E8
:1058B0008098025083A7A0D0CC3F80101C2080107D
:1058C00004E0BF103A880D10040140017441010149
:1058D000042A3F214070025017FABFE01E08001052
:1058E0007441010104393F21809802507441010143
:1058F00004433F2180980250C4FFBF0006350200D8
:1059000083A7A0D0CC3F00111C20002104E03F2140
:1059100017FABFE01700801017F4FFE0BA920618DC
:105920003A88C7107441810004EC891024130021C7
:105930003A8805111500C01083A7A0D0CC3F0011F4
:105940001C20002104E03F2117FABFE00B0180106A
:10595000CCFFFF107441810004EC89102413002156
:105960003A880511040180101500C01083A7A0D04B
:10597000CC3F00111C20002104E03F2117FABFE0BA
:105980008B018010CCFFFF107441810004EC891062
:10599000241300213A880511040280101500C0105C
:1059A00083A7A0D0CC3F00111C20002104E03F21A0
:1059B00017FABFE00302C0107441810004EC8910A3
:1059C000241300213A880511040380100500C0103B
:1059D00083A7A0D0CC3F00111C20002104E03F2170
:1059E00017FABFE04302C0107441810004EC891033
:1059F000241300213A880511440380100500C010CB
:105A000083A7A0D0CC3F00111C20002104E03F213F
:105A100017FABFE08302C0107441810004EC8910C2
:105A2000241300213A880511840380100500C0105A
:105A300083A7A0D0CC3F00111C20002104E03F210F
:105A400017FABFE0C302C0107441810004EC891052
:105A5000241300213A880511C40380100500C010EA
:105A600083A7A0D0CC3F00111C20002104E03F21DF
:105A700017FABFE00303C0107441810004EC8910E1
:105A8000241300213A880511040480100500C01079
:105A900083A7A0D0CC3F00111C20002104E03F21AF
:105AA00017FABFE04303C0107441810004EC891071
:105AB000241300213A880511440480100500C01009
:105AC00083A7A0D0CC3F00111C20002104E03F217F
:105AD00017FABFE08303C0107441810004EC891001
:105AE000241300213A880511840480100500C01099
:105AF00083A7A0D0CC3F00111C20002104E03F214F
:105B000017FABFE0C303C0107441810004EC891090
:105B1000241300213A880511C40480100500C01028
:105B200083A7A0D0CC3F00111C20002104E03F211E
:105B300017FABFE00304C0107441810004EC89101F
:105B4000241300213A880511040580100500C010B7
:105B500017F6BFE01E0D00107441010104553F21EE
:105B60008098025083A7A0D0CC3F80101C208010CA
:105B700004E0BF103A880B107441010104603F211A
:105B800040700250C4FFBF000692010083A7A0D05E
:105B9000CC3F00141C20008404E03F8417F6BFE0D3
:105BA000170080103A880910402C035044008010E0
:105BB0003A88091000E14B503A880910744181007D
:105BC00004EC89102413C0803A88C51004068010A4
:105BD0001500001183A7A0D0CC3FC0101C20C01816
:105BE00004E0FF187441810004EC89102413C018EC
:105BF0003A88C51004068010170080101E0A001095
:105C000083A7A0D0CC3F80101C20801004E0BF10E0
:105C10003A880B107441010104783F214070025012
:105C2000C4FFBF00066B010083A7A0D0CC3FC0100B
:105C30001C20C01804E0FF187441810004EC891096
:105C40002413C0183A88C510040680101700C0102D
:105C500017F6BFE0170080103A880B103A88091831
:105C600040EB4B5083A7A0D0CC3F00141C200084F5
:105C700004E03F8417F6BFE0170180103A8809104E
:105C8000402C0350440080103A88091000E14B502A
:105C90003A8809107441810004EC89102413C080F3
:105CA0003A88C510040780101500001183A7A0D002
:105CB000CC3FC0101C20C01804E0FF1874418100C4
:105CC00004EC89102413C0183A88C510040780100A
:105CD000170080101E0A001083A7A0D0CC3F8010B0
:105CE0001C20801004E0BF103A880B1074410101A1
:105CF000048B3F2140700250C4FFBF0006350100F5
:105D000083A7A0D0CC3FC0101C20C01804E0FF180F
:105D10007441810004EC89102413C0183A88C5101E
:105D2000040780101700C01017F6BFE0170180109D
:105D30003A880B103A88091840EB4B5083A7A0D043
:105D4000CC3F00111C20002104E03F2117F6BFE0EA
:105D50000B02C0107441810004EC8910241300214F
:105D60003A880511040880100D00C01017F7BFE035
:105D70001E15001083A7A0D0CC3FC0101C20C01857
:105D800004E0FF187441810004EC89102413C0184A
:105D90003A88C510840880100500001083A7A0D0A1
:105DA000CC3FC0101C20C01804E0FF1874418100D3
:105DB00004EC89102413C0183A88C5100409801017
:105DC000150000100618000083A7A0D0CC3F0011DA
:105DD0001C20002104E03F2117F7BFE00300C010A2
:105DE0007441810004EC8910241300213A880511C4
:105DF000840880100500C01083A7A0D0CC3F0011FC
:105E00001C20002104E03F2117F7BFE01701C0105C
:105E10007441810004EC8910241300213A88051193
:105E2000040980101500C01017F8BFE01E470010CD
:105E300083A7A0D0CC3FC0101C20C01804E0FF18DE
:105E40007441810004EC89102413C0183A88C510ED
:105E5000040A80100500001083A7A0D0CC3FC0101A
:105E60001C20C01804E0FF187441810004EC891064
:105E70002413C0183A88C510040B801015000010B8
:105E800083A7A0D0CC3FC0101C20C01804E0FF188E
:105E90007441810004EC89102413C0183A88C5109D
:105EA000040C80101500001083A7A0D0CC3FC010B8
:105EB0001C20C01804E0FF187441810004EC891014
:105EC0002413C0183A88C510040D80101500001066
:105ED00083A7A0D0CC3FC0101C20C01804E0FF183E
:105EE0007441810004EC89102413C0183A88C5104D
:105EF000040E80101500001083A7A0D0CC3FC01066
:105F00001C20C01804E0FF187441810004EC8910C3
:105F10002413C0183A88C510040F80101500001013
:105F200083A7A0D0CC3FC0101C20C01804E0FF18ED
:105F30007441810004EC89102413C0183A88C510FC
:105F400004108010150000100654000083A7A0D094
:105F5000CC3F00111C20002104E03F2117F8BFE0D6
:105F60000300C0107441810004EC89102413002147
:105F70003A880511040A80100500C01083A7A0D03C
:105F8000CC3F00111C20002104E03F2117F8BFE0A6
:105F90001701C0107441810004EC89102413002102
:105FA0003A880511040B80101500C01083A7A0D0FB
:105FB000CC3F00111C20002104E03F2117F8BFE076
:105FC0001702C0107441810004EC891024130021D1
:105FD0003A880511040C80101500C01083A7A0D0CA
:105FE000CC3F00111C20002104E03F2117F8BFE046
:105FF0001703C0107441810004EC891024130021A0
:106000003A880511040D80101500C01083A7A0D098
:10601000CC3F00111C20002104E03F2117F8BFE015
:106020001704C0107441810004EC8910241300216E
:106030003A880511040E80101500C01083A7A0D067
:10604000CC3F00111C20002104E03F2117F8BFE0E5
:106050001705C0107441810004EC8910241300213D
:106060003A880511040F80101500C01083A7A0D036
:10607000CC3F00111C20002104E03F2117F8BFE0B5
:106080001706C0107441810004EC8910241300210C
:106090003A880511041080101500C01017F9BFE0F0
:1060A0001E16001083A7A0D0CC3FC0101C20C01823
:1060B00004E0FF187441810004EC89102413C01817
:1060C0003A88C51004118010C4FFFF001500C010ED
:1060D00083A7A0D0CC3FC0101C20C01804E0FF183C
:1060E0007441810004EC89102413C0183A88C5104B
:1060F00004128010150000100618000083A7A0D01D
:10610000CC3F00111C20002104E03F2117F9BFE023
:106110001700C0107441810004EC89102413002181
:106120003A880511041180101500C01083A7A0D073
:10613000CC3F00111C20002104E03F2117F9BFE0F3
:106140001701C0107441810004EC89102413002150
:106150003A880511041280101500C01017F6BFE030
:106160000403801015F6BFE017F7BFE02603001008
:1061700017F7BFE00402801015F7BFE017F8BFE083
:106180002603001017F8BFE00407801015F8BFE0E1
:1061900017F9BFE02603001017F9BFE004028010D2
:1061A00015F9BFE083A7A0D04400801085A7A0D038
:1061B00083A7A0D00547A0D017F4BFE0440080100B
:1061C00015F4BFE017F4FFE017F5BFE016B0BD18F7
:1061D0003A88050004FFFFE61702C0DF170100DF61
:1061E000170000DC0403C0DE3A2800F804F9FFDEE3
:1061F0001506C0DF150500DF040500DF15FE3FE1D1
:106200003A88052805FFBFE015FB3FE0064800007F
:1062100017FBBFE03A8885103A8885103A88071046
:1062200017FEBFE03A88C5101700801015FDBFE0CB
:1062300017FDBFE01E0800107441010104393F2121
:106240008098025074410101049E3F2180980250C1
:10625000C4FFBF00063A000015FC3FE0062D000019
:1062600017FDBFE01700C0107441810004EC8910D5
:1062700017FC3FE1241300213A8805111700801014
:106280001E2180187441810004EC891017FCFFE086
:106290002413C0183A88C510C4038010030080106E
:1062A000CC3F8010260800107441010104B23F2148
:1062B000809802507441010104C33F21809802502C
:1062C000C4FFBF00061E00007441810004EC891069
:1062D00017FCFFE02413C0183A88C510440480104E
:1062E0004400C0000500C0107441810004EC891016
:1062F00017FCFFE02413C0183A88C51084048010EE
:1063000003FFFFE00500C01017FCBFE04400801051
:1063100015FCBFE00347A0D0CC3F801017FCFFE086
:1063200016CFBF1817FBBFE04400801015FBBFE07D
:1063300003FFBFE017FBFFE016B5BF183A88050062
:106340003A8837E01701C0DF170000DF0402C0DE23
:106350003A2800F804FCFFDE1503C0DF150200DF59
:10636000040200DF15FF3FE117FF3FE1405A3650BE
:106370001703801015FEBFE017FE3FE1407B395048
:106380003A8837E01701C0DF170000DF0402C0DEE3
:106390003A2800F804FBFFDE1504C0DF150300DF18
:1063A000040300DF15FE3FE115FF7FE117FE3FE12B
:1063B000405A36501703801015FDBFE017FF7FE1EC
:1063C00017FD3FE180AD39503A8837E01701C0DF53
:1063D000170000DF0402C0DE3A2800F804FDFFDEEB
:1063E000150200DF040200DF15FF3FE115FE3FE06C
:1063F000060C000017FEBFE02413C010744181009A
:1064000004EC89103A88871817FFBFE01E02801835
:1064100017FEBFE00608000017FEBFE04400801032
:1064200015FEBFE00347A0D0CC3F801017FEFFE071
:1064300016F0BF18C4FFBF003A8837E0170000DF2E
:106440000401C0DE3A2800F804FDFFDE150200DF7B
:10645000040200DF15FF3FE115FE3FE0060E0000DD
:10646000B4418100046EB41017FEFFE03A88C718EB
:106470003A88C7183A88C5101700C01017FFBFE048
:106480001E02801817FEBFE00608000017FEBFE0DE
:106490004400801015FEBFE043A7A0D0CC3F801081
:1064A00017FEFFE016EEBF18C4FFBF003A8837E0C2
:1064B000170000DF0401C0DE3A2800F804FDFFDE0B
:1064C000150200DF040200DF15FF3FE115FE3FE08B
:1064D000060F000017FFBFE01703C01017FEBFE054
:1064E000440080103A8885103A8885103A888518CB
:1064F0001700C01017FFBFE01E02801817FEBFE094
:10650000060A000017FEBFE04400801015FEBFE041
:1065100017FFBFE01703801003008010CC3F8010EE
:1065200017FEFFE016EBBF18C4FFBF003A8837E044
:10653000170000DF0401C0DE3A2800F804FAFFDE8D
:10654000150500DF040500DF15FF3FE115FD3FE005
:1065500015FE3FE015FB3FE006250000B441810039
:10656000046EB41017FBFFE03A88C7183A88C718C2
:106570003A88C5101700801015FDBFE015FC3FE0FC
:106580000613000017FDFFE017FCBFE04400801079
:106590003A8885103A8885103A8885181700801047
:1065A00015FEBFE017FEBFE0170280101700801035
:1065B0003A88071017FFBFE01E02801817FEBFE0E1
:1065C0000610000017FCBFE04400801015FCBFE07F
:1065D00017FDBFE003008010CC3F801017FCFFE0E8
:1065E00016E8BF1817FBBFE04400801015FBBFE0A2
:1065F00043A7A0D0CC3F801017FBFFE016D7BF18F1
:106600003A8805003A8837E0170000DF0401C0DE51
:106610003A2800F804FCFFDE150300DF040300DF66
:1066200015FE3FE13A88052805FFBFE017FEBFE0F1
:10663000040280103700801015FDBFE003FFBFE0AB
:10664000980080101E09001017FDBFE01402801092
:1066500015FDBFE017FDFFE03480BF00C4FFBF1091
:106660003A70841815FDBFE00619000003FFBFE073
:10667000580080101E0A001017FDFFE0C4FDBF0087
:106680003A70841815FDBFE017FDFFE03480BF00AD
:10669000C4FFBF103A70841815FDBFE0060C00005F
:1066A00003FFBFE01E08001017FDFFE0C4FDBF00A0
:1066B0003A70841815FDBFE017FDBFE034808010EC
:1066C00015FDBFE00602000084FDBF0006050000C6
:1066D00017FEBFE00402801017FDFFE03500C01078
:1066E0003A8805003A8837E0170000DF0401C0DE71
:1066F0003A2800F804FCFFDE150300DF040300DF86
:1067000015FE3FE13A88052805FFBFE017FEBFE010
:10671000040280103700801015FDBFE003FFBFE0CA
:106720001E04001017FDBFE01400811015FDBFE02E
:10673000060A000003FFBFE0580080101E0500108D
:1067400017FDFFE0C4FFBE003A70841815FDBFE0DE
:106750000602000084FDBF000605000017FEBFE032
:106760000402801017FDFFE03500C0103A880500D4
:106770003A8837E0170000DF0401C0DE3A2800F84D
:1067800004F4FFDE150BC0DF150A00DF040A00DF8A
:1067900015FF3FE14400800005F7BFE044008000A2
:1067A00045F7BFE043F7BFE04C00C01003F7BFE080
:1067B000980080101E020010840080000601000076
:1067C0003A8805003AB0861803F7BFE058008010F9
:1067D0001E02001004018000060100003A88050036
:1067E0003AB0861803F7BFE01E02001004028000D2
:1067F000060100003A8805003AB0861803F7BFE0AA
:10680000D80080101E0200107400800006010000F5
:106810003A8805003AB0841815F8BFE015F93FE052
:1068200015FA3FE015FB3FE015FC3FE005FD3FE0BA
:1068300045FD3FE0C3A7A0D0CC3F80101E03001051
:106840004080385044008000C5A7A0D017FF3FE12A
:10685000405A365015FABFE017FABFE01E48001044
:106860004400800005F7BFE04400800045F7BFE02A
:1068700043F7BFE04C00C01003F7BFE09800801062
:106880001E02001084008000060100003A88050006
:106890003AB0861803F7BFE0580080101E020010BF
:1068A00004018000060100003A8805003AB086180D
:1068B00003F7BFE01E020010040280000601000082
:1068C0003A8805003AB0861803F7BFE0D800801078
:1068D0001E02001074008000060100003A880500C6
:1068E0003AB084183420801015F8BFE003F7BFE0F9
:1068F000A00080101E0E001003F7BFE060008010A3
:106900001E08001003F7BFE01E0300107441810051
:1069100004D2BF10060800007441810004D3BF10E8
:10692000060500007441810004D5BF100602000076
:106930007441810004D6BF1043F7FFE05800C0182F
:106940001E0300187441C10004D8FF18060200009D
:106950007441C10004DAFF183A880D183A880B1008
:106960007441010104DC3F21407002507441010177
:1069700004F43F218098025017F8BFE0061A020085
:1069800017FABFE01701801015F9BFE017FABFE052
:106990001703801015FBBFE017FABFE01702801045
:1069A00015FCBFE017FA3FE14052365005FDBFE04D
:1069B00017FB3FE1004B365045FDBFE017FBBFE042
:1069C000170180101702801003038010CC3F801045
:1069D0001E5A00104400800005F7BFE0440080000C
:1069E00045F7BFE043F7BFE04C00C01003F7BFE03E
:1069F000980080101E020010840080000601000034
:106A00003A8805003AB0861803F7BFE058008010B6
:106A10001E02001004018000060100003A880500F3
:106A20003AB0861803F7BFE01E020010040280008F
:106A3000060100003A8805003AB0861803F7BFE067
:106A4000D80080101E0200107400800006010000B3
:106A50003A8805003AB084183410801015F8BFE069
:106A6000F403000104901021008E485017FCBFE091
:106A700017128010260D001047FDBFE007FDFFE054
:106A80003A880D183A880B10744101010405002161
:106A90004070025017FCBFE01712801017FF3FE153
:106AA0003AE83E1015F8BFE00622000047FD3FE13E
:106AB00003F7BFE0A00080101E0E001003F7BFE038
:106AC000600080101E08001003F7BFE01E030010D6
:106AD0007441810004D2BF10060800007441810097
:106AE00004D3BF10060500007441810004D5BF1017
:106AF000060200007441810004D6BF1043F7FFE096
:106B00005800C0181E0300187441C10004D8FF18B3
:106B1000060200007441C10004DAFF183A880F1819
:106B20003A880D103A880B207441010104170021A6
:106B30004070025017F8BFE006AB010017FBBFE042
:106B400017018010170280101700801015FEBFE09B
:106B500017F9BFE01E4900104400800005F7BFE0B0
:106B60004400800045F7BFE043F7BFE04C00C01091
:106B700003F7BFE0980080101E0200108400800020
:106B8000060100003A8805003AB0861803F7BFE016
:106B9000580080101E020010040180000601000051
:106BA0003A8805003AB0861803F7BFE01E020010CD
:106BB00004028000060100003A8805003AB08618F9
:106BC00003F7BFE0D80080101E02001074008000A0
:106BD000060100003A8805003AB084183408801095
:106BE00015F8BFE047FD3FE107FD7FE103F7BFE098
:106BF000A00080101E0E001003F7BFE060008010A0
:106C00001E08001003F7BFE01E030010744181004E
:106C100004D2BF10060800007441810004D3BF10E5
:106C2000060500007441810004D5BF100602000073
:106C30007441810004D6BF1043F7FFE05800C0182C
:106C40001E0300187441C10004D8FF18060200009A
:106C50007441C10004DAFF181500C0D83A880F103B
:106C60003A880D283A880B2074410101042900213B
:106C70004070025017F8BFE0065B010017FABFE052
:106C800003008010CC3F8010580080101E070010B9
:106C90003A880B0017F93FE1401F39500471420157
:106CA00017F93FE1C0913850060E000017FABFE017
:106CB00003008010CC3F8010980080101E09001047
:106CC0003A880B0017F93FE1803B39503A880B00B6
:106CD00017F93FE1C06039500471420117F93FE1F3
:106CE000C09138500471420117F93FE100AE3850AD
:106CF000D8FFBF101E4900104400800005F7BFE018
:106D00004400800045F7BFE043F7BFE04C00C010EF
:106D100003F7BFE0980080101E020010840080007E
:106D2000060100003A8805003AB0861803F7BFE074
:106D3000580080101E0200100401800006010000AF
:106D40003A8805003AB0861803F7BFE01E0200102B
:106D500004028000060100003A8805003AB0861857
:106D600003F7BFE0D80080101E02001074008000FE
:106D7000060100003A8805003AB0841834028010F9
:106D800015F8BFE047FD3FE107FD7FE103F7BFE0F6
:106D9000A00080101E0E001003F7BFE060008010FE
:106DA0001E08001003F7BFE01E03001074418100AD
:106DB00004D2BF10060800007441810004D3BF1044
:106DC000060500007441810004D5BF1006020000D2
:106DD0007441810004D6BF1043F7FFE05800C0188B
:106DE0001E0300187441C10004D8FF1806020000F9
:106DF0007441C10004DAFF181500C0D83A880F109A
:106E00003A880D283A880B2074410101043A002188
:106E10004070025017F8BFE006F3000017FEBFE015
:106E20000410801017F9FFE00300C018CC3FC01811
:106E30003500C010150000D84400C0018403800153
:106E40003A880B0017F93FE14030375017F9BFE09F
:106E5000170580101E2B001047FDBFE007FDFFE067
:106E60003A880D183A880B1074410101044E002134
:106E7000407002504400800005F7BFE044008000ED
:106E800045F7BFE043F7BFE04C00C01003F7BFE099
:106E9000980080101E02001084008000060100008F
:106EA0003A8805003AB0861803F7BFE05800801012
:106EB0001E02001004018000060100003A8805004F
:106EC0003AB0861803F7BFE01E02001004028000EB
:106ED000060100003A8805003AB0861803F7BFE0C3
:106EE000D80080101E02001074008000060100000F
:106EF0003A8805003AB084183401801015F8BFE0D4
:106F00000694000017F9BFE01705801017188010CD
:106F10002626001017F9BFE01705801017188010FB
:106F200017FE3FE13AE83E1015F8BFE017F8BFE062
:106F30008C0080101E0C001017F8BFE00C018010B0
:106F40001E07001017F8BFE00C0280102602001088
:106F50003A88050006050000C40080000603000012
:106F600044008000060100008400800005F7BFE0B7
:106F700017F8BFE04C0080103AC0041045F7BFE09E
:106F800017F8BFE06C0080102672001047FDBFE0CC
:106F900007FDFFE03A880D183A880B107441010193
:106FA000045C002140700250066A000017F9BFE03F
:106FB0001705801083158010CC3F80101E2B001009
:106FC00047FDBFE007FDFFE03A880D183A880B1037
:106FD00074410101046900214070025044008000A6
:106FE00005F7BFE04400800045F7BFE043F7BFE08E
:106FF0004C00C01003F7BFE0980080101E02001084
:1070000084008000060100003A8805003AB0861826
:1070100003F7BFE0580080101E020010040180003A
:10702000060100003A8805003AB0861803F7BFE071
:107030001E02001004028000060100003A880500CC
:107040003AB0861803F7BFE0D80080101E02001087
:1070500074008000060100003A8805003AB08418E8
:10706000B400801015F8BFE0063A000017F9BFE041
:107070001705801083158010CC3FC01017F9BFE0B2
:1070800017058010C3158010CC3F80108400C0010C
:107090003A880D103A880B1817F93FE1C042375073
:1070A00005F7BFE017F9BFE01705801083158010C2
:1070B000CC3FC01017F9BFE01705801003168010F1
:1070C000CC3F80104400C0013A880D103A880B185C
:1070D00017F93FE1C042375045F7BFE043F7BFE043
:1070E0004C00C01003F7BFE0980080101E02001093
:1070F00084008000060100003A8805003AB0861836
:1071000003F7BFE0580080101E0200100401800049
:10711000060100003A8805003AB0861803F7BFE080
:107120001E02001004028000060100003A880500DB
:107130003AB0861803F7BFE0D80080101E02001096
:1071400074008000060100003A8805003AB08418F7
:1071500015F8BFE047FD3FE107FD7FE103F7BFE022
:10716000A00080101E0E001003F7BFE0600080102A
:107170001E08001003F7BFE01E03001074418100D9
:1071800004D2BF10060800007441810004D3BF1070
:10719000060500007441810004D5BF1006020000FE
:1071A0007441810004D6BF1043F7FFE05800C018B7
:1071B0001E0300187441C10004D8FF180602000025
:1071C0007441C10004DAFF181500C0D83A880F10C6
:1071D0003A880D283A880B2074410101048000216F
:1071E0004070025017F8BFE03A8837E01701C0DF5F
:1071F000170000DF0402C0DE3A2800F804FDFFDEBD
:10720000150200DF040200DF15FF3FE117FFBFE0BA
:1072100017068010170380101701801017028010C6
:107220001700801015FEBFE017FEBFE004108010AD
:10723000370080103A8837E0170000DF0401C0DE15
:107240003A2800F804FCFFDE150300DF040300DF2A
:1072500015FE3FE13A88052805FFBFE017FEBFE0B5
:107260001706801017038010170180101702801076
:107270001700801015FDBFE017FDBFE0041080105F
:1072800003FFFFE03500C0103A8805003A8837E078
:10729000170000DF0401C0DE3A2800F804F6FFDE24
:1072A000150900DF040900DF15FB3FE13A880930CA
:1072B0003A880738170180E005FC7FE105FD3FE1D2
:1072C00005FEFFE00DFFBFE017FBBFE017068010D3
:1072D000170380101701801017028010170080100C
:1072E00015F9BFE00DF73FE015F83FE00609000093
:1072F0000BF7BFE03A8885100DF7BFE00BF7BFE052
:10730000540080100DF7BFE017F8BFE04400801074
:1073100015F8BFE003FEBFE017F8FFE016F4BF1852
:107320000BF7FFE003FDBFE03A9884180DF7BFE0CC
:1073300017F9BFE004A0C01003FCBFE03A88851035
:107340003A8885103A888518370080100DFABFE01A
:107350000BF7BFE03A3084003A8807100BFABFE021
:107360003A7084180DFABFE00BFFFFE003FDBFE0A9
:107370003A9884183A8807100BF7BFE03A708418DF
:107380003A8807100BFABFE03AB084180DFABFE054
:1073900017F9BFE004A0C01003FCBFE03A888510D5
:1073A0003A8885103A8885180BFAFFE03500C0103E
:1073B0003A8805003A8837E0170000DF0401C0DE94
:1073C0003A2800F804F7FFDE150800DF040800DFA4
:1073D00015FC3FE13A8809283A8807303A88053891
:1073E00005FD3FE105FEFFE005FFBFE017FCBFE044
:1073F00017068010170380101701801017028010E5
:107400001700801015FABFE015F83FE015F93FE0CE
:107410000609000017F8BFE03A88851015F8BFE0AC
:1074200017F8BFE05400801015F8BFE017F9BFE06F
:107430004400801015F9BFE003FFBFE017F9FFE03B
:1074400016F4BF1817FABFE004A0C01003FDBFE098
:107450003A8885103A8885103A8885183700801058
:107460000DFBBFE00BFBFFE003FEBFE03AD8851841
:107470000DFBBFE00BFBFFE017F8BFE03A7084188C
:107480003A8837E0170000DF0401C0DE3A2800F830
:107490000481FFDE157EC0DF157D00DF047D00DF87
:1074A0000483FFE0041980003A880D103A880B002D
:1074B0003A88091880510250B49C9D00445398109A
:1074C0001583BFE0341B880044199B101584BFE06E
:1074D00074518C00040E8E101585BFE0740C800072
:1074E000444C8C101586BFE00487BFE00410C00038
:1074F0003A880D183A880B003A88091080510250DA
:10750000C41094001597BFE0040380000598BFE005
:10751000840080004598BFE0440480008598BFE067
:1075200084038000C598BFE0440380000599BFE054
:10753000840280004599BFE03441810004E3A71034
:10754000159ABFE0049CBFE00419C0003A880D18EA
:107550003A880B003A88091080510250B49C9D0073
:1075600044539810159CBFE0341B880044199B10AD
:10757000159DBFE07418990044549D10159EBFE0FE
:107580003452960004089410159FBFE0344E9100C9
:1075900004088E1015A0BFE0344D8D00444C8C10B3
:1075A00015A1BFE015A23FE015A33FE015A43FE001
:1075B00015A53FE015A63FE015A73FE015A83FE061
:1075C00015A93FE015AA3FE015AB3FE015AC3FE041
:1075D00015AD3FE015AE3FE015AF3FE0C41094009D
:1075E00015B0BFE04403800005B1BFE08400800017
:1075F00045B1BFE04404800085B1BFE08403800052
:10760000C5B1BFE04403800005B2BFE08402800042
:1076100045B2BFE03441810004E3A71015B3BFE0D9
:1076200004B5BFE00419C0003A880D183A880B0071
:107630003A88091080510250345D9A0084539810A2
:1076400015B5BFE074189B00C49B9B1015B6BFE036
:1076500034148E000408911015B7BFE0B44D8D00AE
:10766000C40C8E1015B8BFE015B93FE004BABFE0F6
:10767000040FC0003A880D183A880B003A880910A8
:107680008051025034028000C405801015C9BFE04B
:10769000C401800005CABFE08402800045CABFE083
:1076A0004404800085CABFE0C4008000C5CABFE0B2
:1076B0004400800005CBBFE08400800045CBBFE0E4
:1076C00074418100048C801004CEFFE03A880910D8
:1076D000041980003A880D103A880B203A8809185E
:1076E000402702507441810004A5801004E7FFE0A8
:1076F0003A880910041980003A880D103A880B2046
:107700003A8809184027025004833FE1C06635508B
:10771000049CBFE03A880910C066355004B5BFE04C
:107720003A880910C066355004CEBFE03A88091087
:10773000C066355004E7BFE03A880910C06635508E
:1077400003A7A0D0CC3F80103A8837E01701C0DFF4
:10775000170000DF0402C0DE3A2800F804FDFFDE57
:107760001502C0DF150100DF040100DF03A7A0D070
:10777000CC3F80103A880B107441010104BE0021F7
:107780004070025005FF3FE0066D000007FFBFE0BC
:107790003A880B107441010104CD00214070025061
:1077A00007FFFFE0B44181000472B4103A88C718A3
:1077B0003A88C7183A88C510170080103A880B100D
:1077C0007441010104D200214070025007FFFFE024
:1077D000B44181000472B4103A88C7183A88C718B7
:1077E0003A88C51017008010171480103A880B10C3
:1077F0007441010104D800214070025007FFFFE0EE
:10780000B44181000472B4103A88C7183A88C71886
:107810003A88C5101700801003158010CC3F8010E7
:107820003A880B107441010104DF002140700250BE
:1078300007FFFFE0B44181000472B4103A88C71812
:107840003A88C7183A88C510170080104315801071
:10785000CC3F80103A880B107441010104E60021EE
:107860004070025007FFFFE0B44181000472B41081
:107870003A88C7183A88C7183A88C5101700801088
:1078800083158010CC3F80103A880B1074410101A1
:1078900004ED00214070025007FFFFE0B441810079
:1078A0000472B4103A88C7183A88C7183A88C510C5
:1078B00017008010C3158010CC3F80103A880B1041
:1078C0007441010104F400214070025007FFFFE001
:1078D000B44181000472B4103A88C7183A88C718B6
:1078E0003A88C5101700801003168010CC3F801016
:1078F0003A880B107441010104FA002140700250D3
:1079000007FFFFE0B44181000472B4103A88C71841
:107910003A88C7183A88C51017008010431680109F
:10792000CC3F80103A880B10744101010400012102
:107930004070025003FFBFE04400801005FFBFE02D
:1079400007FFFFE003A7A0D0CC3F8010168FBF1821
:1079500003A7A0D0CC3F80103A8837E01701C0DFE2
:10796000170000DF0402C0DE3A2800F804FAFFDE48
:107970001505C0DF150400DF040400DF15FD3FE03E
:1079800015FE3FE015FF3FE045A720D005FC3FE096
:107990000695010007FCBFE02413C010744181006C
:1079A00004EC89103A88851815FFBFE017FFBFE087
:1079B000170680102689011017FFBFE017078010F7
:1079C0002686011043A7A0D0CC3FC01017FFBFE010
:1079D000170080103A880D103A880B187441010185
:1079E00004060121407002500405000100E14B50E3
:1079F00015FDBFE017FDBFE01E08001043A7A0D093
:107A0000CC3F80103A880B1074410101041201210F
:107A100040700250C4FFBF000678010017FFBFE0AE
:107A2000C3038010CC3F80102612001017FFBFE068
:107A30000304C01017FDBFE00500C0107441010130
:107A4000042001218098025017FDBFE00300801040
:107A5000CC3F80103A880B1074410101042B0121A6
:107A60004070025074410101043601218098025097
:107A7000061F000017FFBFE043048010CC3F8010BA
:107A80002612001017FFBFE08304C01017FDBFE0EF
:107A90000500C01074410101044101218098025089
:107AA00074410101043601218098025017FDBFE0A6
:107AB00003008010CC3F80103A880B107441010104
:107AC000044B0121407002500609000017FDBFE081
:107AD0004400C0000500C0107441010104410121AF
:107AE000809802507441010104560121809802508F
:107AF00045FC3FE0062201000404000100E14B5078
:107B000015FEBFE017FEBFE01E0A001043A7A0D07D
:107B1000CC3F801047FCFFE03A880D183A880B10E4
:107B2000744101010460012140700250C4FFBF0094
:107B30000632010017FEBFE017FDFFE01503C0107D
:107B400017FEBFE01501001007FCFFE047FCBFE097
:107B50003A8885182413C0107441810004EC891000
:107B60003A88871817FEBFE01502C01017FEBFE065
:107B700017028010170680102604001017FEBFE0C1
:107B800017028010170780101E09001007FCFFE085
:107B900047FCBFE03A8885183A880B107441010110
:107BA0000472012140700250C4FFBF00061301009F
:107BB00017FEBFE01702801043038010CC3F8010F7
:107BC000260D001017FEBFE01702801083038010FF
:107BD000CC3F80102604001017FEBFE08400C000D8
:107BE0000500C0100606000017FEBFE04400C000FC
:107BF0000500C0100602000017FEBFE005000010DF
:107C000017FEBFE01702801043048010CC3F8010A5
:107C10002666001017FEBFE017028010C303801015
:107C2000CC3F80101E61001047FCFFE017FEBFE054
:107C300017028010170080103A880D103A880B1830
:107C400074410101048101214070025047FC3FE171
:107C500007FCFFE047FCBFE03A8885183A880D1022
:107C60003A880B2074410101048D012140700250BB
:107C700017FEBFE003008010CC3F80106000C010F2
:107C80001E0C0018A000C0101E02001826110010C3
:107C90000618000047FCBFE074418101049C81315B
:107CA0003A880B107441010104A101214070025077
:107CB0000618000047FCBFE07441810104AC81312B
:107CC0003A880B107441010104A101214070025057
:107CD0000610000047FCBFE07441810104B281310D
:107CE0003A880B107441010104A101214070025037
:107CF0000608000047FCBFE07441810104D3BF3196
:107D00003A880B107441010104A101214070025016
:107D10003A88010017FEBFE017028010C3048010EC
:107D2000CC3F8010268B001047FCFFE017FEBFE021
:107D300017028010C3048010CC3F8010260300106F
:107D40007441810004B98110060200007441810071
:107D500004BA81103A880D103A880B187441010159
:107D600004BB01214070025047FCFFE017FEBFE05A
:107D70001702801003058010CC3F801026030010EE
:107D80007441810004B98110060200007441810031
:107D900004BA81103A880D103A880B187441010119
:107DA00004C6012140700250066A000047FCBFE093
:107DB0001E42001017FEBFE003008010CC3F801071
:107DC0006000C0101E0A0018A000C0101E0200189B
:107DD000260D00100612000074414101049C412947
:107DE0007441010104D101214070025006120000CB
:107DF0007441410104AC41297441010104D10121C4
:107E000040700250060C00007441410104B2412947
:107E10007441010104D101214070025006060000A6
:107E20007441410104D37F297441010104D101212E
:107E3000407002503A88010017FEBFE01702801020
:107E4000C3048010CC3F8010261C001017FEBFE03A
:107E500017028010C3048010CC3F8010260300104E
:107E60007441810004B98110060200007441810050
:107E700004BA81103A880B107441010104DC01211D
:107E80004070025017FEBFE01702801003058010FB
:107E9000CC3F8010260300107441810004B981108A
:107EA000060200007441810004BA81103A880B1068
:107EB0007441010104E701214070025017FEBFE048
:107EC00017028010C3038010CC3F801026130010CF
:107ED00047FCFFE017FEBFE017028010170080107C
:107EE0003A880D103A880B187441010104F20121FF
:107EF0004070025047FC3FE107FCFFE047FCBFE059
:107F00003A8885183A880D103A880B20744101018F
:107F100004FE012140700250060E000017FEBFE073
:107F200017028010170080103A880B10744101016D
:107F3000040D02214070025007FCFFE047FCBFE047
:107F40003A8885183A880B107441010104190221FE
:107F50004070025047FCBFE017FDFFE04400801076
:107F60003A8885103A8885103A88851817FEFFE010
:107F70001500C01043FCBFE04400801045FCBFE08A
:107F800047FCFFE017FDBFE003008010CC3F8010EE
:107F900016D9BE1843A7A0D0CC3FC010B441810071
:107FA000046EB4103A88C7183A88C7183A88C510C2
:107FB00017FDFFE01500C01043A7A0D044008010BB
:107FC00045A7A0D017FDBFE00300C01003FCBFE031
:107FD0003A888518C4FFBF1005FCBFE003FCBFE072
:107FE0004400801005FCBFE007FCFFE00347A0D081
:107FF000CC3F80101667BE183A8805003A8837E0F3
:108000001701C0DF170000DF0402C0DE3A2800F8C5
:1080100004EDFFDE1512C0DF151100DF041100DFD3
:1080200015FF3FE115F53FE015F33FE005F43FE0B4
:1080300015F63FE015F73FE015F83FE017FFBFE00A
:1080400017018010170280101700801015F9BFE08B
:1080500017F9BFE0041080103700801015FABFE058
:1080600017FF3FE1004B365005FBBFE005F03FE056
:1080700006C9000017F9BFE00410801003F0FFE00C
:108080003500C01017F9BFE004A28010370080103F
:1080900015FCBFE017F9BFE004A380103700801083
:1080A00015F5BFE017FCFFE017F5BFE026B7801815
:1080B0000407000100E14B5015F6BFE017F6BFE0E2
:1080C0001E09001007FBBFE007F4FFE03A880D1817
:1080D0003A880B10744101010428022140700250BB
:1080E000C4FFBF0006CC000017F6BFE003F0FFE0BE
:1080F0000500C01017FCBFE0BA91061017F5BFE0ED
:10810000BAD20510CC0F80103AB0841815FDBFE02C
:1081100017F5BFE03AD10510CC0F801005FEBFE087
:1081200017F5BFE0CC03801045FEBFE005F23FE04D
:1081300015F13FE006340000B44181000472B41030
:1081400017F1FFE03A88C7183A88C7183A88C5106F
:10815000170080101714C01017FDBFE01E278018ED
:10816000B44181000472B41017F1FFE03A88C718D7
:108170003A88C7183A88C510170080100315801078
:10818000CC3FC01003FEBFE01E1C8018B44181002C
:108190000472B41017F1FFE03A88C7183A88C7187C
:1081A0003A88C5101700C01017F6BFE01505C010BB
:1081B000B44181000472B41017F1FFE03A88C71887
:1081C0003A88C7183A88C510170080103A880910F5
:1081D00003F0BFE007FBFFE03A880F183A880D1064
:1081E0003A880B207441010104370221407002508B
:1081F0004400800005F2BFE00607000017F1BFE071
:108200004400801015F1BFE003A7A0D0CC3F801040
:1082100017F1FFE016C8BF1803F2BFE01E0F0010F1
:1082200017F6BFE01505001003F0BFE007FBFFE005
:108230003A880D183A880B10744101010447022155
:10824000407002507441010104580221809802508C
:1082500017F3BFE04400801015F3BFE017FDBFE047
:108260003A880B10744101010465022140700250EC
:1082700003FEBFE03A880B10744101010470022133
:108280004070025043FEBFE03A880B107441010178
:10829000047B02214070025017F67FE117FF3FE197
:1082A000404938501E34001017F6BFE01706801002
:1082B00015F7BFE017F7BFE01702801015F8BFE011
:1082C000150000D84400C001840380013A880B00E7
:1082D00017F63FE1403037504400400117F63FE1C8
:1082E000401F39504400400117F63FE1803B3950B0
:1082F0004400400117F63FE1C060395004C4490111
:1083000017F63FE1C091385017F6BFE0170580100F
:10831000260F001017F6BFE0170580101717801002
:10832000260B001017F6BFE0170580103A880B10D7
:1083300074410101048602214070025017F6BFE02B
:10834000170580101717801017F93FE13AE83E1023
:1083500017F8BFE0171280102607001074410101C2
:10836000049402218098025017F8BFE01712801081
:1083700017F93FE13AE83E1084020001008B0250F9
:1083800003F4BFE04400801005F4BFE003F0BFE059
:108390004400801005F0BFE003F0BFE0300880101B
:1083A0001E343F1017FFBFE003008010CC3FC01009
:1083B00007F4BFE02613801807F4BFE01E06001084
:1083C00007FBBFE03A880B107441010104A20221AF
:1083D00040700250060B000007FBFFE007F43FE18E
:1083E00017FFBFE003008010CC3F80103A880F10C9
:1083F0003A880D203A880B187441010104AE02211D
:108400004070025017F9BFE00410801017FAFFE027
:108410003500C01017F3BFE03A8837E01701C0DF1E
:10842000170000DF0402C0DE3A2800F804F6FFDE81
:108430001509C0DF150800DF040800DF15FE3FE165
:1084400015FF7FE115F93FE015FB3FE015FC3FE02C
:1084500005FD3FE017FE3FE1004B365045FDBFE014
:1084600085FD3FE005FA3FE015F83FE0062C0000EF
:1084700017FEFFE017F8BFE0440080103A8885102F
:108480003A8885103A8885181700801015FCBFE0DF
:1084900017FCBFE01702801015FBBFE017FBBFE021
:1084A0001711C01017FFBFE003008010CC3F8010F1
:1084B0001E18801817FC3FE14052365005FDBFE002
:1084C00017FB3FE14044365085FDBFE017FCBFE09D
:1084D00017FFFFE01501C01017FFBFE017FCFFE01A
:1084E0001506C01047FDBFE007FDFFE087FD3FE137
:1084F0003A880F203A880D183A880B107441010110
:1085000004CD0221407002504400800005FABFE013
:108510000608000017F8BFE04400801015F8BFE01F
:1085200017FEBFE003008010CC3F801017F8FFE07B
:1085300016CFBF1803FABFE01E3D001015F83FE04C
:108540000636000017FEFFE017F8BFE04400801079
:108550003A8885103A8885103A8885181700801067
:1085600015FCBFE017FCBFE01702801015FBBFE051
:1085700017FBBFE0170680102624001017FBBFE092
:10858000170780102621001017FBBFE0171180107D
:10859000D8FFBF101E1E001017FC3FE1405236509E
:1085A00005FDBFE017FB3FE14044365085FDBFE0CD
:1085B00017FCBFE017FFFFE01501C01017FFBFE079
:1085C00017FCFFE01506C01017FFBFE00300801086
:1085D000CC3FC01017FBBFE01511C01047FDBFE036
:1085E00007FDFFE087FD3FE13A880F203A880D182C
:1085F0003A880B107441010104DD022140700250E1
:108600004400800005FABFE0060900003A88010036
:1086100017F8BFE04400801015F8BFE017FEBFE078
:1086200003008010CC3F801017F8FFE016C5BF187C
:1086300003FABFE01E09001017FFBFE01506001087
:1086400047FDBFE03A880B107441010104EE02219E
:1086500040700250C4FFBF0015F9BFE017F9BFE03A
:108660003A8837E01701C0DF170000DF0402C0DEE0
:108670003A2800F804F8FFDE1507C0DF150600DF12
:10868000040600DF15FF3FE117FFBFE0170280106F
:1086900015FABFE017FABFE01700801015FBBFE026
:1086A00017FFBFE01703801015FCBFE017FF3FE185
:1086B0004052365005FDBFE017FC3FE1004B3650FD
:1086C00045FDBFE017FABFE0C3048010CC3F801027
:1086D000262C001047FDBFE007FDFFE03A880D188B
:1086E0003A880B1074410101041F032140700250AD
:1086F00017FBBFE004808010041480103700801046
:1087000015FEBFE017FABFE003058010CC3F8010D4
:10871000260E001047FDBFE007FDFFE03A880D1868
:108720003A880B1074410101042D0321407002505E
:1087300017FBBFE0048080100414801017FEFFE0D8
:10874000D400C0183500C010060E000047FDBFE081
:1087500007FDFFE03A880D183A880B1074410101BB
:10876000043903214070025017FBBFE004808010E1
:108770000414801017FE3FE104FFFF003A70C6208A
:108780003500C0103A8805003A8837E01701C0DF8D
:10879000170000DF0402C0DE3A2800F804FBFFDE09
:1087A0001504C0DF150300DF040300DF05FD3FE013
:1087B00045FD3FE015FE3FE015FF3FE0804F37509D
:1087C000407C3750409D375005FD3FE0062F0000AC
:1087D00007FDFFE0B4418100046EB4103A88C71869
:1087E0003A88C7183A88C5101700801015FEBFE0F8
:1087F00017FEBFE0170180101702801003038010DE
:10880000CC3F80102603001017FE3FE18007385050
:108810000607000007FDBFE047FDFFE03A880D189E
:108820003A880B1074410101044503214070025045
:1088300045FD3FE0060D000047FDBFE017FEFFE0ED
:10884000440080103A8885103A8885103A88851847
:108850001700801015FFBFE017FF3FE1C06D3850D3
:1088600043FDBFE04400801045FDBFE047FDFFE051
:1088700017FEBFE003008010CC3F801016EEBF183B
:1088800003FDBFE04400801005FDBFE007FDFFE0F1
:1088900043A7A0D0CC3F801016CDBF183A88050062
:1088A0003A8837E01701C0DF170000DF0402C0DE9E
:1088B0003A2800F804F7FFDE1508C0DF150700DFCF
:1088C000040700DF15FE3FE115FF7FE117FEBFE063
:1088D0001706801015FBBFE017FBBFE017038010E1
:1088E00015FCBFE017FB3FE14052365005FDBFE0ED
:1088F00017FC3FE1004B365045FDBFE017FE3FE15E
:108900004026375085FDBFE017FEBFE00300801012
:10891000CC3F80103A880B1017FE3FE1C02A375039
:108920004400C001C40080014400400117FE3FE143
:10893000C04237501E0D001047FDBFE007FDFFE0AD
:108940003A880D183A880B1074410101045B032129
:108950004070025083FDBFE03A880B1017FE3FE1E4
:10896000C02A375084FFBF00063E0000440080004C
:10897000150080D84400C001040380013A880B0030
:1089800017FE3FE14030375044008000150080D88A
:108990004400C001440280013A880B0017FE3FE109
:1089A0004030375047FDBFE007FDFFE03A880D1823
:1089B0003A880B1074410101046B0321407002508E
:1089C00015FA3FE00615000017FABFE04400C0109A
:1089D00015FAFFE03A88071017FFBFE02E0DC01010
:1089E00047FDBFE007FDFFE03A880D183A880B10FD
:1089F00074410101047D03214070025083FDBFE0FA
:108A00003A880B1017FE3FE1C02A3750C4FFBF0061
:108A10000614000004FA0001008E48504400C00112
:108A2000440180014400400117FE3FE1C04237503D
:108A300026E53F1047FDBFE007FDFFE03A880D182F
:108A40003A880B10744101010489032140700250DF
:108A500083FDBFE03A880B1017FE3FE1C02A375074
:108A60003A8805003A8837E01701C0DF170000DFB9
:108A70000402C0DE3A2800F804F8FFDE1507C0DF64
:108A8000150600DF040600DF15FE3FE115FF7FE15C
:108A900015FA3FE017FEBFE01706801015FBBFE098
:108AA00017FBBFE01703801015FCBFE017FB3FE189
:108AB0004052365005FDBFE017FC3FE1004B3650F9
:108AC00045FDBFE017FE3FE14026375085FDBFE082
:108AD00017FEBFE003008010CC3F80103A880B10D7
:108AE00017FE3FE1C02A375047FDBFE007FDFFE01A
:108AF0003A880D183A880B1074410101049503213E
:108B0000407002500621000017FABFE04400C01078
:108B100015FAFFE03A88071017FFBFE02E19C010C2
:108B200047FDBFE007FDFFE03A880D183A880B10BB
:108B30007441010104A003214070025017FF7FE13E
:108B400017FE3FE1C0913850D8FFBF101E0D001036
:108B500047FDBFE007FDFFE03A880D183A880B108B
:108B60007441010104B403214070025083FDBFE051
:108B70003A880B1017FE3FE1C02A3750C4FFBF00F0
:108B8000061A000004FA0001008E48504400C0019B
:108B9000840380013A880B0017FE3FE1C042375042
:108BA0001ED93F104400C00144018001440040012F
:108BB00017FE3FE1C042375026D33F1047FDBFE0CC
:108BC00007FDFFE03A880D183A880B107441010147
:108BD00004C103214070025083FDBFE03A880B10AE
:108BE00017FE3FE1C02A37503A8805003A8837E03F
:108BF0001701C0DF170000DF0402C0DE3A2800F8CA
:108C000004F9FFDE1506C0DF150500DF040500DFEF
:108C100015FF3FE115FB3FE017FFBFE0170680108F
:108C200015FCBFE017FCBFE01703801015FDBFE087
:108C300017FC3FE14052365005FEBFE017FD3FE113
:108C4000004B365045FEBFE017FF3FE1402637504E
:108C500085FEBFE017FFBFE003008010CC3F80100F
:108C60003A880B1017FF3FE1C02A37504400C0017B
:108C7000C40080014400400117FF3FE1C04237506B
:108C80001E0D001047FEBFE007FEFFE03A880D18FA
:108C90003A880B1074410101045B032140700250BB
:108CA00083FEBFE03A880B1017FF3FE1C02A375020
:108CB00084FFBF00063001000471420117FF3FE14D
:108CC000C09138504400C00144018001440040017B
:108CD00017FF3FE1C04237501E020010C4FFBF0023
:108CE00015FBBFE04400C001C4038001C403400180
:108CF00017FF3FE1C04237503A88071017FFBFE027
:108D00004500C0104400C00184038001C403400139
:108D100017FF3FE1C04237503A88071017FFBFE006
:108D20008500C0104400C00144038001C403400119
:108D300017FF3FE1C04237503A88071017FFBFE0E6
:108D4000C500C0104400C00104038001C4034001F9
:108D500017FF3FE1C04237503A88071017FFBFE0C6
:108D60000501C0104400C001C4038001440040015B
:108D700017FF3FE1C04237503A88071017FFBFE0A6
:108D80004501C0104400C00184038001440040013B
:108D900017FF3FE1C04237503A88071017FFBFE086
:108DA0008501C0104400C00144038001440040011B
:108DB00017FF3FE1C04237503A88071017FFBFE066
:108DC000C501C0104400C00184028001440040017C
:108DD00017FF3FE1C04237503A88071017FFBFE046
:108DE0000502C0104400C00144028001440040015B
:108DF00017FF3FE1C04237503A88071017FFBFE026
:108E00004502C0104400C001040380014400400139
:108E100017FF3FE1C04237503A88071017FFBFE005
:108E20008502C0104400C001C4028001440040011A
:108E300017FF3FE1C04237503A88071017FFBFE0E5
:108E4000C502C0104400C001C40280018402400178
:108E500017FF3FE1C04237503A88071017FFBFE0C5
:108E60000503C0104400C001840280018402400157
:108E700017FF3FE1C04237503A88071017FFBFE0A5
:108E80004503C0104400C001440280014401400178
:108E900017FF3FE1C04237503A88071017FFBFE085
:108EA0008503C0104400C001040280014401400158
:108EB00017FF3FE1C04237503A88071017FFBFE065
:108EC000C503C0104400C001C40180014401400139
:108ED00017FF3FE1C04237503A88071017FFBFE045
:108EE0000504C0104400C001840180014401400118
:108EF00017FF3FE1C04237503A88071017FFBFE025
:108F00004504C0104400C0014401800144014001F7
:108F100017FF3FE1C04237503A88071017FFBFE004
:108F20008504C01047FEBFE007FEFFE03A880D1839
:108F30003A880B107441010104CC032140700250A7
:108F400017FFBFE043008010CC3F80103A880B1021
:108F50007441010104D703214070025017FFBFE0A4
:108F600083008010CC3F80103A880B1074410101BF
:108F700004E103214070025017FFBFE0C3008010DE
:108F8000CC3F80103A880B107441010104EB03219F
:108F90004070025017FFBFE003018010CC3F8010EB
:108FA0003A880B107441010104F50321407002500E
:108FB00017FFBFE043018010CC3F80103A880B10B0
:108FC0007441010104FF03214070025017FFBFE00C
:108FD00083018010CC3F80103A880B10744101014E
:108FE000040904214070025017FFBFE0C301801044
:108FF000CC3F80103A880B10744101010413042106
:109000004070025017FFBFE003028010CC3F801079
:109010003A880B1074410101041D04214070025074
:1090200017FFBFE043028010CC3F80103A880B103E
:1090300074410101042704214070025017FFBFE072
:1090400083028010CC3F80103A880B1074410101DC
:10905000043104214070025017FFBFE0C3028010AA
:10906000CC3F80103A880B1074410101043B04216D
:109070004070025084020001008B025047FEBFE0A6
:1090800007FEFFE03A880D183A880B107441010181
:10909000044504214070025017FFBFE00303801015
:1090A000CC3F80103A880B107441010104EB03217E
:1090B0004070025017FFBFE043038010CC3F801088
:1090C0003A880B107441010104F5032140700250ED
:1090D00017FFBFE083038010CC3F80103A880B104D
:1090E0007441010104FF03214070025017FFBFE0EB
:1090F000C3038010CC3F80103A880B1074410101EB
:10910000045204214070025017FFBFE00304801096
:10911000CC3F80103A880B1074410101045C04219B
:109120004070025017FFBFE043048010CC3F801016
:109130003A880B107441010104660421407002500A
:1091400017FFBFE083048010CC3F80103A880B10DB
:109150007441010104700421407002508402000136
:10916000008B025083FEBFE03A880B1017FF3FE1EF
:10917000C02A375017FBBFE03A8837E01701C0DF3D
:10918000170000DF0402C0DE3A2800F804F8FFDE12
:109190001507C0DF150600DF040600DF15FE3FE1FE
:1091A0003A88052805FFBFE017FEBFE017068010CC
:1091B00015FBBFE017FBBFE01703801015FCBFE0F5
:1091C00017FB3FE14052365005FDBFE017FC3FE181
:1091D000004B365045FDBFE017FE3FE140263750BB
:1091E00085FDBFE017FEBFE003008010CC3F80107C
:1091F0003A880B1017FE3FE1C02A375003FFBFE04B
:10920000262D00104400C00144038001C403400126
:1092100017FE3FE1C0423750C5FDBFE0C3FDBFE0D0
:10922000150080D84400C00144028001440240017E
:1092300017FE3FE14030375047FDBFE007FDFFE03C
:10924000C3FD3FE13A880F203A880D183A880B1089
:1092500074410101047A0421407002504400C001AD
:1092600004038001C403400117FE3FE1C0423750B0
:10927000C5FDBFE0C3FDBFE0150080D84400C001BC
:10928000040280014402400117FE3FE140303750A4
:1092900047FDBFE007FDFFE0C3FD3FE13A880F2037
:1092A0003A880D183A880B1074410101048D04218D
:1092B00040700250061C0000150000D84400C00198
:1092C000440280014402400117FE3FE14030375024
:1092D00047FDBFE007FDFFE03A880F003A880D1810
:1092E0003A880B1074410101047A04214070025045
:1092F000150000D84400C00104028001440240016E
:1093000017FE3FE14030375047FDBFE007FDFFE06B
:109310003A880F003A880D183A880B107441010101
:1093200004A004214070025083FDBFE03A880B1076
:1093300017FE3FE1C02A37503A8805003A8837E0E7
:109340001701C0DF170000DF0402C0DE3A2800F872
:1093500004F8FFDE1507C0DF150600DF040600DF96
:1093600015FE3FE13A88052805FFBFE017FEBFE084
:109370001706801015FBBFE017FBBFE01703801036
:1093800015FCBFE017FB3FE14052365005FDBFE042
:1093900017FC3FE1004B365045FDBFE017FE3FE1B3
:1093A0004026375085FDBFE017FEBFE00300801068
:1093B000CC3F80103A880B1017FE3FE1C02A37508F
:1093C00003FFBFE0264300104400C001C403800136
:1093D0004400400117FE3FE1C0423750C5FDBFE0E9
:1093E000C3FDBFE0150080D84400C00144028001E5
:1093F0000401400117FE3FE14030375047FDBFE018
:1094000007FDFFE0C3FD3FE13A880F203A880D18C1
:109410003A880B107441010104B2042140700250DB
:109420004400C001840380014400400117FE3FE175
:10943000C0423750C5FDBFE0C3FDBFE0150080D876
:109440004400C001040280010401400117FE3FE115
:109450004030375047FDBFE007FDFFE0C3FD3FE16F
:109460003A880F203A880D183A880B107441010190
:1094700004C20421407002504400C0014403800132
:109480004400400117FE3FE1C0423750C5FDBFE038
:10949000C3FDBFE0150080D84400C001C4018001B5
:1094A0000401400117FE3FE14030375047FDBFE067
:1094B00007FDFFE0C3FD3FE13A880F203A880D1811
:1094C0003A880B107441010104D504214070025008
:1094D000062A0000150000D84400C00144028001A3
:1094E0000401400117FE3FE14030375047FDBFE027
:1094F00007FDFFE03A880F003A880D183A880B10F4
:109500007441010104B2042140700250150000D8DA
:109510004400C001040280010401400117FE3FE144
:109520004030375047FDBFE007FDFFE03A880F00AD
:109530003A880D183A880B107441010104C20421C5
:1095400040700250150000D84400C001C4018001E1
:109550000401400117FE3FE14030375047FDBFE0B6
:1095600007FDFFE03A880F003A880D183A880B1083
:109570007441010104D504214070025083FDBFE015
:109580003A880B1017FE3FE1C02A37503A88050091
:109590003A8837E01701C0DF170000DF0402C0DEA1
:1095A0003A2800F804F5FFDE150AC0DF150900DFD0
:1095B000040900DF15FE3FE13A88052805FFBFE0FA
:1095C00017FEBFE01706801015F8BFE017F8BFE0E0
:1095D0001703801015F9BFE017F83FE140523650ED
:1095E00015FABFE017F93FE1004B365015FBBFE01D
:1095F00017FE3FE14026375015FCBFE017FEBFE0E5
:1096000003008010CC3F80103A880B1017FE3FE11A
:10961000C02A375003FFBFE0262900104400C001D4
:10962000040380014400400117FE3FE1C04237506F
:1096300005FDBFE003FDBFE0150080D84400C00178
:10964000840180010401400117FE3FE140303750A2
:1096500003FDBFE03A880F1017FABFE117FB7FE167
:109660007441010104E80421407002504400C0012B
:10967000C40280014400400117FE3FE1C042375060
:1096800005FDBFE003FDBFE0150080D84400C00128
:10969000440180010401400117FE3FE14030375092
:1096A00003FDBFE03A880F1017FABFE117FB7FE117
:1096B0007441010104FB04214070025006180000AF
:1096C000150000D84400C00184018001040140015C
:1096D00017FE3FE1403037503A880F0017FABFE1DC
:1096E00017FB7FE17441010104E80421407002503E
:1096F000150000D84400C00144018001040140016C
:1097000017FE3FE1403037503A880F0017FABFE1AB
:1097100017FB7FE17441010104FB042140700250FA
:1097200017FCBFE0CC3F80103A880B1017FE3FE1DA
:10973000C02A37503A8805003A8837E01701C0DF61
:10974000170000DF0402C0DE3A2800F804F6FFDE4E
:109750001509C0DF150800DF040800DF15FF3FE131
:109760004400800005F9BFE04400800045F9BFE0F7
:109770004400800085F9BFE04400800005FBBFE0A5
:1097800015FC3FE015FD3FE017FF3FE1004B365071
:1097900005FEBFE015F83FE0061B000017FFFFE0E5
:1097A00017F8BFE0440080103A8885103A88851089
:1097B0003A8885181700801015FCBFE017FCBFE041
:1097C0001701801015FDBFE017FDBFE0260900104E
:1097D0004400400117FD3FE1401F39504400400163
:1097E00017FD3FE1803B39504400400117FD3FE148
:1097F000C060395084020001008B025017F8BFE0AE
:109800004400801015F8BFE017FFBFE00300801090
:10981000CC3F801017F8FFE016E0BF1815F83FE0C6
:109820000656000017FFFFE017F8BFE04400801065
:109830003A8885103A8885103A8885181700801074
:1098400015FCBFE017FCBFE01701801015FDBFE05D
:1098500017FDBFE02643001017FD3FE180C63850DA
:109860001E42001005FB3FE017FCBFE00300801024
:10987000CC3F8010580080101E02001005F93FE018
:109880000607000017FCBFE003008010CC3F8010EB
:10989000980080101E02001045F93FE085F93FE076
:1098A00017FDBFE0C300C01017FDBFE00303801029
:1098B0003A7084183A88071003F9BFE03A708418A8
:1098C00005F9BFE017FDBFE08301C01017FDBFE041
:1098D000C30380103A7084183A88091017FDBFE05E
:1098E000C301C01017FDBFE0030480103A70841854
:1098F0003AB084203A88091017FDBFE04301C01038
:1099000017FDBFE0830380103A7084183AB08420BA
:109910003A88071043F9BFE03A70841845F9BFE070
:1099200017FDBFE08302C01017FDBFE043048010A5
:109930003A7084183A88091017FDBFE0C302C010BE
:1099400017FDBFE0830480103A7084183AB0842079
:109950003A88071083F9BFE03A70841885F9BFE0B0
:10996000060300003A880100060100003A88010061
:1099700017F8BFE04400801015F8BFE017FFBFE004
:1099800003008010CC3F801017F8FFE016A5BF1829
:1099900003FBBFE0580080101E080010C4FFBF008A
:1099A00015FABFE007FEBFE03A880B1074410101D1
:1099B000040E0521407002500627000003F9BFE0A5
:1099C000260900108400800015FABFE007FEBFE002
:1099D00004FA80013A880B1074410101042005212A
:1099E00040700250061C000043F9BFE02609001039
:1099F0004400800015FABFE007FEBFE004198001B3
:109A00003A880B1074410101042005214070025076
:109A10000611000083F9BFE02608001015FA3FE0A8
:109A200007FEBFE0840280013A880B1074410101F7
:109A3000042005214070025006070000C4FFBF004B
:109A400015FABFE007FEBFE03A880B107441010130
:109A5000042D05214070025017FABFE03A8837E024
:109A60001701C0DF170000DF0402C0DE3A2800F84B
:109A700004F0FFDE150FC0DF150E00DF150D40DC12
:109A8000150C00DC040E00DF15FC3FE115FD7FE145
:109A900015F53FE015F63FE015F73FE005F83FE02C
:109AA00017FC3FE1004B365045F8BFE017FCBFE024
:109AB00017018010170280101700801015F9BFE001
:109AC00017F9BFE0041080103700801015FABFE0CE
:109AD00017FDBFE01603001017FDBFE0D000801097
:109AE0001E0C001047F8BFE017FDBFE13A880B10CD
:109AF00074410101043A05214070025017F9BFE09A
:109B00000410801017FAFFE03500C010C4FFBF003A
:109B100006FD000015F33FE006DB000017FCFFE048
:109B200017F3BFE0440080103A8885103A8885100A
:109B30003A8885181700801015F6BFE017F63FE148
:109B40004052365005F8BFE017F6BFE0170180100D
:109B500015F5BFE017F5BFE026C7001017F6BFE008
:109B60001702801015F7BFE017F5BFE00300801063
:109B7000CC3F80103A880B1017F53FE1C02A3750D0
:109B800017F5BFE0C3008010CC3F80101E0C001002
:109B900017F5BFE003018010CC3F80101E080010B5
:109BA00017F5BFE043008010CC3F80101E0400106A
:109BB00017F5BFE083008010CC3F80102602001014
:109BC00044008000060100003A88050005FBBFE064
:109BD00003FBBFE01E10001017FDBFE098008010CF
:109BE0001E0D001047F8BFE007F8FFE03A880D1897
:109BF0003A880B1074410101044E05214070025057
:109C000017F9BFE00410801017FAFFE03500C0100C
:109C1000C4FFBF0006BC00004400C001C4008001B6
:109C20004400400117F53FE1C04237501E140010B8
:109C300003FBBFE02609001017FDBFE07AD0051036
:109C4000CCFFBF10150080D84400C0018401800102
:109C50003A880B0017F53FE14030375017FDBFE061
:109C6000CCFFBF10150080D84400C0014403800120
:109C70003A880B0017F53FE140303750067F00006F
:109C800017FDBFE0980080101E0A0010440040013C
:109C900017F53FE1401F39504400400117F53FE1FF
:109CA000803B39504400400117F53FE1C060395016
:109CB0000622000017FDBFE0580080101E0A0010A9
:109CC0003A880B0017F53FE1401F3950440040012E
:109CD00017F53FE1803B39504400400117F53FE163
:109CE000C06039500615000017FDBFE01E0A0010C5
:109CF0003A880B0017F53FE1401F39503A880B00B6
:109D000017F53FE1803B39504400400117F53FE132
:109D1000C0603950060900003A880B0017F53FE192
:109D2000401F39503A880B0017F53FE1803B39500E
:109D30003A880B0017F53FE1C06039504400C0017C
:109D4000440180014400400117F53FE1C042375013
:109D5000580080101E3A001003FBBFE0260F0010D1
:109D600017F5BFE01705801083158010CC3FC01099
:109D700017F5BFE017058010C3158010CC3F801089
:109D80008400C0013A880D103A880B1817F53FE19E
:109D9000C042375005F4BFE0060E000017F5BFE0E3
:109DA0001705801083158010CC3FC01017F5BFE059
:109DB00017058010C3158010CC3F80104400C001EF
:109DC0003A880D103A880B1817F53FE1C04237501A
:109DD00005F4BFE003F4FFE017FDBFE026038018A1
:109DE0000471420117F53FE1C091385017F5BFE00B
:109DF0001705801083158010CC3FC01017F5BFE009
:109E00001705801003168010CC3F80104400C0015D
:109E10003A880D103A880B1817F53FE1C0423750C9
:109E200045FBBFE017F7BFE0170080103A88071026
:109E300043FBBFE03A880B103A880918C0753650CA
:109E400047F83FE407F87FE40404C0013A880D00B6
:109E50004400400117F53FE1C04237503A880F10E7
:109E60003A880D883A880B80744101010465052108
:109E700040700250060100003A88010017F3BFE06D
:109E80004400801015F3BFE017FCBFE00300801012
:109E9000CC3F801017F3FFE01620BF1847F8FFE013
:109EA00017FDBFE0A00080101E07001017FDBFE0E7
:109EB000580080101E0200100419800006030000E4
:109EC000840280000601000004FA80003A880D1028
:109ED0003A880B1874410101047105214070025049
:109EE00017FDBFE0CC3F80103A880B1017F93FE117
:109EF000C067365017F9BFE00410801017FAFFE072
:109F00003500C01017FDBFE004FEFFE61703C0DFF9
:109F1000170200DF170140DC170000DC0404C0DE7C
:109F20003A2800F804FCFFDE1503C0DF150200DF4D
:109F3000040200DF15FF3FE117FFBFE004A180101E
:109F4000370080100C0880101E16001074410101AB
:109F5000048205218098025017FFBFE004A0801002
:109F600004108010041EC0003500C01074410101AF
:109F7000048B05218098025017FFBFE004A08010D9
:109F8000370080100DFEBFE017FFBFE004A0801077
:109F90000BFE3FE10400E0003AB0C620CCFFFF1802
:109FA0003500C0103A8805003A8837E01701C0DF55
:109FB000170000DF0402C0DE3A2800F804FCFFDED0
:109FC0001503C0DF150200DF040200DF15FF3FE1CB
:109FD00017FFBFE004BB8010370080100DFEBFE00C
:109FE0000BFEFFE004FCBF003A7084180DFEBFE0DA
:109FF00074410101049005218098025017FFBFE0D1
:10A0000004BB80100BFEFFE0D403C018CCFFFF1888
:10A010003500C01074410101049C05218098025054
:10A0200017FFBFE004B48010370080100DFEBFE0C2
:10A030000BFEFFE044DFBF003A7084180DFEBFE066
:10A0400017FFBFE004B480100BFEFFE03500C01026
:10A0500074410101048B05218098025017FFBFE075
:10A0600004A08010370080100DFEBFE017FFBFE096
:10A0700004A080100BFE3FE10400E0003AB0C620CF
:10A08000CCFFFF183500C010440080003A8837E04C
:10A090001701C0DF170000DF0402C0DE3A2800F815
:10A0A00004FCFFDE1503C0DF150200DF040200DF41
:10A0B00015FF3FE117FFBFE004BB801037008010A1
:10A0C0000DFEBFE00BFEFFE004FCBF003A708418F9
:10A0D0000DFEBFE07441010104A6052180980250E5
:10A0E00017FFBFE004BB80100BFEFFE01401C01897
:10A0F000CCFFFF183500C01074410101049C0521FC
:10A100008098025017FFBFE004B480103700801021
:10A110000DFEBFE00BFEFFE044DFBF003A70841885
:10A120000DFEBFE017FFBFE004B480100BFEFFE0A0
:10A130003500C01074410101048B05218098025044
:10A1400017FFBFE004A08010370080100DFEBFE0B5
:10A1500017FFBFE004A080100BFE3FE10400E00009
:10A160003AB0C620CCFFFF183500C0104400800074
:10A170003A8837E01701C0DF170000DF0402C0DEB5
:10A180003A2800F804FCFFDE1503C0DF150200DFEB
:10A19000040200DF15FF3FE117FFBFE004BB8010A2
:10A1A000370080100DFEBFE00BFEFFE004FCBF0097
:10A1B0003A7084180DFEBFE07441010104BB052113
:10A1C0008098025017FFBFE004BB80100BFEFFE039
:10A1D000D402C018CCFFFF183500C0107441010133
:10A1E00004CA05218098025017FFBFE004B4801014
:10A1F000370080100DFEBFE00BFEFFE044DFBF0024
:10A200003A7084180DFEBFE00BFEBFE09420801072
:10A210000DFEBFE017FFBFE004B480100BFEFFE0AF
:10A220003500C01074410101048B05218098025053
:10A2300017FFBFE004A08010370080100DFEBFE0C4
:10A2400017FFBFE004A080100BFE3FE10400E00018
:10A250003AB0C620CCFFFF183500C0104400800083
:10A260003A8837E01701C0DF170000DF0402C0DEC4
:10A270003A2800F804FCFFDE150300DF040300DFCA
:10A2800015FF3FE115FD3FE017FFBFE004B0801070
:10A290003700801015FEBFE017FEBFE08C00801075
:10A2A0002604001017FDBFE01402801015FDBFE06A
:10A2B0000603000017FDBFE01401801015FDBFE08C
:10A2C00017FEBFE00C0180102603001017FDBFE051
:10A2D0005400801015FDBFE017FDBFE03A8837E05D
:10A2E000170000DF0401C0DE3A2800F804FDFFDE9D
:10A2F000150200DF040200DF15FF3FE117FFBFE09A
:10A3000004B48010370080100DFEBFE00BFEBFE0EC
:10A31000CCFF8F100DFEBFE00BFEBFE0144080109D
:10A320000DFEBFE017FFBFE004B480100BFEFFE09E
:10A330003500C0103A8805003A8837E0170000DF82
:10A340000401C0DE3A2800F804FCFFDE150300DF3C
:10A35000040300DF15FF3FE115FD3FE017FFBFE0FD
:10A3600004B880103700801015FEBFE017FEBFE074
:10A37000CC0080101E03001017FDBFE014028010F7
:10A3800015FDBFE017FEBFE0CC0080105800801024
:10A390001E03001017FDBFE01401801015FDBFE083
:10A3A00017FEBFE0CC008010980080101E03001044
:10A3B00017FDBFE09400801015FDBFE017FEBFE061
:10A3C0000C0280102603001017FDBFE0540080101F
:10A3D00015FDBFE017FDBFE03A8837E0170000DF4A
:10A3E0000401C0DE3A2800F804FBFFDE1504C0DFDC
:10A3F000150300DF150200DC040300DF15FD3FE05C
:10A400001748A0D03A880910809802507441010181
:10A4100004DF05218098025080E7255015FEBFE03B
:10A4200017FEBFE02602001017FE3FE140D6235082
:10A4300080A3215015FEBFE017FEBFE026070010E5
:10A4400017FE7FE17441010104F1052140700250C3
:10A450007441010104F7052140D623504054425075
:10A4600040AE4150158220D0B441810004BAB410EE
:10A470001700801004010014B441810004BAB41024
:10A4800017008010170A80103A88091080BA2350EC
:10A490003A880D103A880B807441010104F80521B7
:10A4A0004070025040EC255015FEBFE017FEBFE0A3
:10A4B0002602001017FE3FE140D62350C01C425038
:10A4C0003A88010004FFFFE61702C0DF170100DF32
:10A4D000170000DC0403C0DE3A2800F804FBFFDEAE
:10A4E0001504C0DF150300DF150200DC040300DFE4
:10A4F00015FD3FE115FE7FE117FEBFE00300801070
:10A50000CC3FC0101C20C01804E0FF18744181002B
:10A51000047D91103A88C7183A88C7183A88C51040
:10A520001700001417FDBFE0170780103A880910C4
:10A5300080BA23503A880D103A880B80744101018B
:10A5400004080621407002501749A0D03A8809102B
:10A55000407002503A88010004FFFFE61702C0DF96
:10A56000170100DF170000DC0403C0DE3A2800F802
:10A5700004F9FFDE1506C0DF150500DF150400DC59
:10A58000040500DF15FE3FE115FC3FE0B44181000A
:10A5900004BAB4101700801015FDBFE006250000B6
:10A5A00017FDBFE00401001417FDBFE0170A80107B
:10A5B0003A88091080BA2350150080D83A880F8055
:10A5C00017FCBFE1744141010411462917FE3FE128
:10A5D000C0F7235017FDBFE0170C80103A88091010
:10A5E00080BA23503A880D1074414101041846295D
:10A5F00017FE3FE1C0F7235017FDBFE0170D801095
:10A600003A88091080BA23503A880D1074414101EC
:10A61000041B462917FE3FE1C0F7235017FDBFE09A
:10A620001700801015FDBFE017FCBFE0440080104C
:10A6300015FCBFE017FDBFE01ED93F101795A0D055
:10A640003A880D1074414101041E462917FE3FE16E
:10A65000C0F72350174AE0D0174AA0D0A4028010B8
:10A660003A880F103A880D18744141010424462994
:10A6700017FE3FE1C0F7235017A8A0D03A88091071
:10A6800080BA23503A880D107441410104304629A4
:10A6900017FE3FE1C0F72350174BA0D03A880D10AA
:10A6A000744141010437462917FE3FE1C0F72350AA
:10A6B00017FE3FE100863A503A88050004FFFFE6A6
:10A6C0001702C0DF170100DF170000DC0403C0DE43
:10A6D0003A2800F804FEFFDE1501C0DF150000DF98
:10A6E0003A8839D81795A0D0041940013A88091042
:10A6F000408E1050241980103A8837E01701C0DFCF
:10A70000170000DF0402C0DE3A2800F804FEFFDE76
:10A710001501C0DF150000DF3A8839D817A9A0D08D
:10A720001E08001017A9A0D04400801015A9A0D0C1
:10A730008047215017A9A0D0C4FFBF1015A9A0D0F1
:10A74000060100003A8801003A8837E01701C0DFAF
:10A75000170000DF0402C0DE3A2800F804FEFFDE26
:10A76000150100DF040100DF15FF3FE13A88050015
:10A770003A8837E0170000DF0401C0DE3A2800F80D
:10A7800004FDFFDE1502C0DF150100DF040100DF5C
:10A7900015FF3FE0004E485015FFBFE017FFBFE038
:10A7A0002606001074410101043F062180980250E2
:10A7B000744101010445062140D623503A88050022
:10A7C0003A8837E01701C0DF170000DF0402C0DE5F
:10A7D0003A2800F804FEFFDE150100DF040100DF67
:10A7E00015FF3FE017FFBFE03A8837E0170000DFB2
:10A7F0000401C0DE3A2800F804FDFFDE1502C0DFC8
:10A80000150100DF040100DF15FF3FE17441410144
:10A810000449462917FF3FE1C0F7235017BAA0D0DB
:10A820003A880D1074414101044D462917FF3FE15C
:10A83000C0F7235017BBA0D03A880D1074414101D6
:10A840000451462917FF3FE1C0F7235074414101ED
:10A850000455462917FF3FE1C0F723503A8801000D
:10A860003A8837E01701C0DF170000DF0402C0DEBE
:10A870003A2800F804F8FFDE1505C0DF150400DFF4
:10A88000040400DF15FE3FE115FF7FE1150280E1C2
:10A890001503C0E117FEBFE0080880101E0C001071
:10A8A000040280E015FDBFE017FDBFE00401C01009
:10A8B00015FDFFE01700801015FCBFE017FCBFE19D
:10A8C00017FF7FE117FE3FE100544850060C0000DF
:10A8D000040280E015FDBFE017FDBFE00401C010D9
:10A8E00015FDFFE01700801015FCBFE017FFBFE06B
:10A8F00017FCBFE13A880B1017FE3FE1003F2350E1
:10A900003A8837E01701C0DF170000DF0404C0DE1B
:10A910003A2800F804FEFFDE1501C0DF150000DF55
:10A920003A8839D80482010180EA3B50260500109C
:10A9300074410101045606218098025044008000B1
:10A94000060100003A8805003A8837E01701C0DFA9
:10A95000170000DF0402C0DE3A2800F804F9FFDE29
:10A960001506C0DF150500DF040500DF15FE3FE119
:10A9700015FF7FE117FEBFE0170680101727801034
:10A9800015FCBFE01795E0D017FFBFE01506C0101B
:10A9900017FEBFE01703801004FCFF1017FEBFE096
:10A9A0001503C01017FEBFE0170480100404C01088
:10A9B00017FEBFE01504C01017FEBFE0170380109C
:10A9C0008400801015FDBFE017FEBFE01701801066
:10A9D00017FDFFE02E038018744101010462062177
:10A9E00040D6235017FFBFE004018010840180018E
:10A9F0003A880B1017FD3FE1C03B025017FDBFE046
:10AA00008401C01017FCBFE017058010840180018D
:10AA10003A880B103A880918C03B025017FFBFE074
:10AA20000B078010CCFFBF10CC008010A00080105E
:10AA30001E04001017FDBFE0040380100402C000D4
:10AA40000500C01017FDBFE0440380100500001092
:10AA500017FEBFE0170680101704801026070010AD
:10AA600017FEBFE0170680101704801017FE3FE1A5
:10AA70003AE83E1015FBBFE00612000017FEBFE0EB
:10AA8000170680101703801017FEFFE01706001945
:10AA900017FEFFE01703401917FEFFE01704C01868
:10AAA0003A880D183AE83E1015FBBFE0840000011B
:10AAB000C07A255017FE3FE1C0FA245084000001FF
:10AAC0000087255017FBBFE03A8837E01701C0DF49
:10AAD000170000DF0402C0DE3A2800F804FBFFDEA6
:10AAE0001504C0DF150300DF040300DF15FF3FE19D
:10AAF00017FFBFE01704801015FDBFE017FFBFE090
:10AB00001504001084000001C07A255006090000D9
:10AB100017FDBFE01700801015FEBFE017FDBFE076
:10AB20001500001017FD3FE1C0FA245017FEBFE0EA
:10AB300015FDBFE017FDBFE01EF53F1017FFBFE09A
:10AB40001500001084000001008725503A8801009C
:10AB50003A8837E01701C0DF170000DF0402C0DECB
:10AB60003A2800F804FCFFDE1503C0DF150200DF01
:10AB7000040200DF15FF3FE117FFBFE0170480105C
:10AB800015FEBFE00609000017FEBFE01700C01069
:10AB900017FFBFE01504C01017FEBFE0150000103E
:10ABA00017FF7FE117FE3FE1409C3A5017FFBFE0DF
:10ABB0001704801015FEBFE017FEBFE01EF23F1025
:10ABC0003A8801003A8837E01701C0DF170000DF3C
:10ABD0000402C0DE3A2800F804F4FFDE150BC0DFE3
:10ABE000150A00DF040A00DF15FE3FE115FF7FE1D3
:10ABF00017FEBFE01706801015F6BFE017FEBFE096
:10AC0000170680101727801015F7BFE017FFBFE069
:10AC1000E0FFBF101E19001017F6BFE0170C8010E0
:10AC20003A30860017FFBFE03A70861817F6BFE08B
:10AC3000170C80103A3084002610801817FFBFE0F0
:10AC40003AD6061017FFBFE03AD204100CC0BF106E
:10AC50003AB0861817FFBFE00CC0BF103A9204103C
:10AC60003AB0861817FFBFE03A9604103AB084183D
:10AC70002C00FC103400B8001E39801817FEBFE00D
:10AC8000170680103A880B1017FF3FE100203B5059
:10AC900015F9BFE017F9BFE00401801084018001BD
:10ACA000C43F40013A8809108051025017FEBFE0AE
:10ACB00017068010172B80102625001017FFBFE005
:10ACC0003AD6061017FFBFE03AD204100CC0BF10EE
:10ACD0003AB0861817FFBFE00CC0BF103A920410BC
:10ACE0003AB0861817FFBFE03A9604103AB08418BD
:10ACF0002C00FC103400B8001E15801817FFBFE0B0
:10AD000015FDBFE017F9BFE04400C0000501C01009
:10AD100017F9BFE04501001017F9BFE08417C00024
:10AD20008501C01043FDBFE0CC1F80103A8807109A
:10AD300017F9BFE0C501C01083FDFFE017F9BFE0C0
:10AD40000502C010C3FDFFE017F9BFE04502C010C7
:10AD500017F97FE117FE3FE1409C3A5006AE000034
:10AD600017FEBFE01707C01017FEBFE017068010E0
:10AD7000170A80101E0D801817FEBFE017078010FD
:10AD8000CC3F8010E01F80101E08001084000001DE
:10AD9000C07A255017FE3FE1C0FA2450840000011C
:10ADA00000872550C4F7BF00069B00008400000107
:10ADB000C07A2550040C0001C0C5245015F8BFE02E
:10ADC00017F8BFE01E06001017FE3FE1C0FA24503E
:10ADD000840000010087255084FABF00068E000021
:10ADE000840000010087255017F8BFE01701C0104C
:10ADF00017F8BFE01503C01017F8BFE0040CC0003F
:10AE00001504C01017FEBFE01706C01017F8BFE00A
:10AE10001506C01017FEBFE0170680103A880B1009
:10AE200017FF3FE100203B5015F9BFE017F9BFE0E5
:10AE300017FEFFE01504C01017F8BFE017018010DF
:10AE40008400801015FABFE017F8BFE017018010EA
:10AE50000404801015FBBFE017FBBFE00440C000F6
:10AE60000D00C01017FBBFE00402C0008D00C01031
:10AE700017FBBFE08401C0000501C01017FBBFE055
:10AE80000401C0004501C01017FBBFE00440C00032
:10AE90008D01C01017FBBFE017FFFFE01507C010C2
:10AEA00017FEBFE017068010170AC01017FBBFE09F
:10AEB0001504C01017FBBFE00402C01017F7BFE075
:10AEC00017058010840180013A880B103A88091810
:10AED000C03B025084018001C43F400117FA3FE1AA
:10AEE0008051025017FABFE08401C01017F7BFE08D
:10AEF00017058010840180013A880B103A880918E0
:10AF0000C03B025017FABFE0040380100402C000E7
:10AF10000500C01017FABFE0440380108401C00090
:10AF20000500C01017FBBFE015FCBFE017FCBFE039
:10AF30000402C01017FBBFE00402801084018001EE
:10AF40003A880B103A880918C03B025017FCBFE042
:10AF50008403C01017FBBFE00404801004018001CB
:10AF60003A880B103A880918C03B025017FCBFE022
:10AF70008404C01017FBBFE0040580108401800129
:10AF80003A880B103A880918C03B025017FCBFE002
:10AF90000406C01017FBBFE0040780100401800105
:10AFA0003A880B103A880918C03B025017F6BFE0E8
:10AFB000170480102605001017F6BFE01704801054
:10AFC00017F83FE13AE83E10060F000017F6BFE021
:10AFD0001703801017F8FFE01706001917F8FFE0B5
:10AFE0001701C018040C80013A880B183AE83E108B
:10AFF00084000001C07A255017F83FE1C0FA2450C0
:10B00000840000010087255017AEA0D044008010B6
:10B0100015AEA0D0440080003A8837E01701C0DFA9
:10B02000170000DF0402C0DE3A2800F804F8FFDE53
:10B030001507C0DF150600DF040600DF15FF3FE13E
:10B0400015FB3FE015FC3FE015FD3FE01795A0D054
:10B0500015FEBFE0B4418100047AB41015FABFE0D8
:10B06000063B000017FABFE017048010260B001003
:10B0700017FABFE01705801017FEFFE03AC88518E1
:10B08000701980101E17001017FA3FE140B43A50B3
:10B0900017FABFE0150000100612000017FABFE013
:10B0A00017008010260F001017FABFE01705801058
:10B0B00017FEFFE03AC885183A880710174CA0D051
:10B0C0001608801817FABFE01706801017FEFFE079
:10B0D0003AC88518101980101E02001017FABFE038
:10B0E0001500001017FABFE01700C01017FFBFE0EF
:10B0F0001E03801817FABFE015FBBFE00611000021
:10B1000017FABFE017008010260A001017FCBFE0F6
:10B110002605001017FABFE01706C01017FCBFE0A5
:10B12000170680102E07801817FABFE015FCBFE045
:10B130000604000017FDBFE01E02001017FABFE072
:10B1400015FDBFE017FABFE00408801015FABFE054
:10B1500017FAFFE0B441810004BAB41036C1BF1839
:10B1600017FBBFE01E06001017FDBFE0260200100F
:10B1700017FDBFE00603000017FCBFE0060100005A
:10B1800017FBBFE03A8837E01701C0DF170000DF88
:10B190000402C0DE3A2800F804FAFFDE1505C0DF1D
:10B1A000150400DF040400DF15FE3FE115FF7FE119
:10B1B0001795A0D015FCBFE017FE3FE140093B50BA
:10B1C00015FDBFE017FDBFE0170480102606001034
:10B1D00017FDBFE01700C01017FEBFE02602801861
:10B1E00017FD3FE140B43A5017FDBFE017FEFFE006
:10B1F0001500C01017FDBFE017FFFFE01503C010DA
:10B2000017FDBFE00D07001017FDBFE0040180101F
:10B21000840180013A880B003A880910805102505D
:10B2200017FDBFE017FCFFE01506C01017FDBFE0DB
:10B230001706C01017FDBFE01505C01017AAA0D053
:10B240001E0700103A880D0004C449013441010171
:10B2500004682E21C0C0485015AAA0D006070000DF
:10B2600017AAA0D03A88091017AAA0D01702C010B8
:10B2700017FCBFE03A8885181503802017FDBFE052
:10B280003A8837E01701C0DF170000DF0402C0DE94
:10B290003A2800F804F7FFDE1508C0DF150700DFC5
:10B2A000040700DF15FF3FE184000001C07A25504C
:10B2B000040C0001C0C5245015F9BFE08400000152
:10B2C0000087255017F9BFE01E02001000532550DB
:10B2D000069B000017FFBFE01706C01017F9BFE07C
:10B2E0001506C01017FFBFE01703801084FCBF10C5
:10B2F00015FABFE017F9BFE0170180108400801035
:10B3000015FBBFE017FBBFE0040380100402C00080
:10B310000500C01017FBBFE0440380108401C0008B
:10B320000500C01017FFBFE01703801015FCBFE039
:10B3300017F9BFE0170180100404801015FDBFE06D
:10B3400017F9BFE0040CC0001504C01017FDBFE0E2
:10B350000440C0000D00C01017FDBFE00402C00093
:10B360008D00C01017FDBFE08401C0000501C010B2
:10B3700017FDBFE00401C0004501C01017FDBFE08C
:10B380000480C0008D01C01017FCBFE01704C0107E
:10B3900017FDBFE01507C01017FCBFE01707C0106E
:10B3A00017FDBFE01504C01017FDBFE00405C01075
:10B3B00017FCBFE004028010840180013A880B1062
:10B3C0003A880918C03B025017FDBFE00402C010C4
:10B3D00017F9BFE017068010172780101705801097
:10B3E000840180013A880B103A880918C03B02504A
:10B3F00017FABFE084018010840180013A880B10A5
:10B4000017FB3FE1C03B025017FBBFE08401C010B7
:10B4100017F9BFE017068010172780101705801056
:10B42000840180013A880B103A880918C03B025009
:10B4300017FDBFE015FEBFE017FEBFE00402C0101D
:10B4400017FDBFE004028010840180013A880B10D0
:10B450003A880918C03B025017FEBFE08403C010B1
:10B4600017FDBFE004048010040180013A880B102E
:10B470003A880918C03B025017FEBFE08404C01090
:10B4800017FDBFE004058010840180013A880B108D
:10B490003A880918C03B025017FEBFE00406C010EE
:10B4A00017FDBFE004078010040180013A880B10EB
:10B4B0003A880918C03B025017F9BFE01706801000
:10B4C00017048010260A001017F9BFE01701C010FA
:10B4D00017F9BFE01503C01017F9BFE01706801079
:10B4E0001704801017F93FE13AE83E1006110000FA
:10B4F00017F9BFE0170680101703801017FFFFE051
:10B500001706001917F9FFE01701401917F9FFE0B6
:10B510001704C0183A880D183AE83E10840000015C
:10B52000C07A255017F93FE1C0FA24508400000189
:10B530000087255017B0A0D04400801015B0A0D0CF
:10B540003A8837E01701C0DF170000DF0402C0DED1
:10B550003A2800F804F9FFDE1506C0DF150500DF04
:10B56000040500DF15FF3FE117FFBFE01703801060
:10B5700084FCBF1015FCBFE017FFBFE0170380106D
:10B5800015FDBFE017FDBFE015FEBFE017FDBFE0F2
:10B590000407C01017FEBFE00406801004018001FC
:10B5A0003A880B103A880918C03B025017FDBFE0DB
:10B5B0000405C01017FEBFE08404801084018001E0
:10B5C0003A880B103A880918C03B025017FDBFE0BB
:10B5D0000404C01017FEBFE0840380100401800142
:10B5E0003A880B103A880918C03B025017FDBFE09B
:10B5F0000402C01017FEBFE0040280108401800125
:10B600003A880B103A880918C03B025017FDBFE07A
:10B610001707C01017FFBFE017068010170A801029
:10B62000261C801817FDBFE0170780103AD60610B9
:10B6300017FDBFE0170780103AD204100CC0BF10EE
:10B640003AB0861817FDBFE0170780100CC0BF1076
:10B650003A9204103AB0861817FDBFE01707801021
:10B660003A9604103AB084182C00FC103400B8004C
:10B670002608801884000001C07A255017FF3FE19A
:10B68000C0FA245084000001008725508400800007
:10B690000644000017FDBFE08B018010CCFFBF10F7
:10B6A000184080101E0D001017ADA0D0440080106F
:10B6B00015ADA0D017FF3FE1C02F3B5017FDBFE0F5
:10B6C0001704C01017FFBFE0170680103A880B1050
:10B6D0003A88091800203B500603000017AFA0D09D
:10B6E0004400801015AFA0D0B4418100047AB4109A
:10B6F00015FBBFE00620000017FBBFE01700C010DD
:10B7000017FDBFE0170480101E18801817FBBFE05C
:10B710000401C01017FDBFE0040280108401800105
:10B720003A880B103A880918C03B02501795E0D0B0
:10B7300017FBBFE01506C01017FBBFE01704801011
:10B740002602001017FB3FE1C0BC3A508400000104
:10B75000C07A255017FF3FE1C0FA24508400000151
:10B76000008725503A880500060E000017FBBFE051
:10B770000408801015FBBFE017FBFFE0B441810017
:10B7800004BAB41036DCBF1884000001C07A25501A
:10B7900017FF3FE1C0FA24508400000100872550C4
:10B7A000840080003A8837E01701C0DF170000DF0F
:10B7B0000402C0DE3A2800F804F8FFDE1507C0DFF7
:10B7C000150600DF040600DF15FE3FE115FF7FE1EF
:10B7D0001795A0D015FDBFE017FFBFE01E080010B1
:10B7E00084000001C07A255017FE3FE1C0FA2450C2
:10B7F000840000010087255084FABF00064900003C
:10B8000017ACA0D017FDFFE03AC88518701980105A
:10B810001E01001015AB20D017ABA0D026070010DA
:10B8200017ABA0D01700C01017FFBFE01E03801891
:10B8300017ABA0D015FABFE00603000017FF3FE1E9
:10B8400040093B5015FABFE017FABFE01700C010DF
:10B8500017FFBFE01E2E801817FABFE017048010F4
:10B8600026220010B441810004E8B21017028010B3
:10B87000880080101E09001084000001C07A255045
:10B8800017FE3FE1C0FA24508400000100872550D4
:10B8900084FABF0015FBBFE00621000017FABFE0E5
:10B8A0001704801015FCBFE00603000017FCBFE082
:10B8B0001700801015FCBFE017FCBFE017008010D8
:10B8C0001EFA3F1017FCBFE017FEFFE01500C01086
:10B8D00017FEBFE01700801026010010005325500E
:10B8E0004400800015FBBFE0060D000017FABFE022
:10B8F00015ABA0D017FDBFE015ACA0D017FA7FE1C3
:10B9000017FE3FE1409C3A5015FBBFE006040000E3
:10B9100017FF7FE117FE3FE100C43A5015FBBFE07F
:10B9200017FBBFE03A8837E01701C0DF170000DFE0
:10B930000402C0DE3A2800F804FAFFDE1505C0DF75
:10B94000150400DF040400DF15FF3FE115FD3FE0B3
:10B950001795A0D015FEBFE0B4418100047AB41061
:10B9600015FCBFE00627000017FCBFE017008010A1
:10B970002621001017FCBFE017048010260B0010D2
:10B9800017FCBFE01705801017FEFFE03AC88518C6
:10B99000701980101E05001017FC3FE140B43A50AA
:10B9A00017FCBFE0150000100613000017FCBFE0F5
:10B9B0001705801017FEFFE03AC885183A8807106F
:10B9C000174CA0D01609801817FCBFE0170680108E
:10B9D00017FEFFE03AC88518101980101E030010EA
:10B9E00017FCBFE0150000100603000017FDBFE0C4
:10B9F0004400801015FDBFE017FCBFE00408801074
:10BA000015FCBFE017FCFFE0B441810004BAB4109C
:10BA100036D5BF1817FDBFE01E04001017AAA0D02E
:10BA20003A880910C0D6485015AA20D03A8801009B
:10BA30003A8837E01701C0DF170000DF0402C0DEDC
:10BA40003A2800F804F7FFDE1508C0DF150700DF0D
:10BA5000040700DF15FE3FE115FF7FE117FEBFE0A1
:10BA60001727801015F9BFE084000001C07A255027
:10BA7000040C0001C0C5245015FABFE017FABFE05E
:10BA80001E040010840000010087255084FABF00C6
:10BA900006950000840000010087255017FABFE0DA
:10BAA0001701C01017FABFE01503C01017FABFE066
:10BAB000040CC0001504C01017FABFE017FEFFE029
:10BAC0001506C01017FABFE017018010840080101F
:10BAD00015FBBFE017FABFE01701801004048010C7
:10BAE00015FCBFE017FCBFE00440C0000D00C01013
:10BAF00017FCBFE00402C0008D00C01017FCBFE0BF
:10BB00008401C0000501C01017FCBFE00401C000A3
:10BB10004501C01017FFBFE01E04001017FCBFE076
:10BB20000440C0008D01C0100603000017FCBFE0F8
:10BB30000480C0008D01C01017FEBFE0170AC010BE
:10BB400017FCBFE01507C01017FEBFE0170AC010B2
:10BB500017FCBFE01504C01017FCBFE00402C010C2
:10BB600017F9BFE017058010840180013A880B1097
:10BB70003A880918C03B025084018001C43F40014B
:10BB800017FB3FE18051025017FBBFE08401C0105A
:10BB900017F9BFE017058010840180013A880B1067
:10BBA0003A880918C03B025017FBBFE0040380101D
:10BBB0000402C0000500C01017FBBFE04403801062
:10BBC0008401C0000500C01017FCBFE015FDBFE0F8
:10BBD00017FDBFE00402C01017FCBFE00402801094
:10BBE000840180013A880B103A880918C03B025042
:10BBF00017FDBFE08403C01017FCBFE004048010F1
:10BC0000040180013A880B103A880918C03B0250A1
:10BC100017FFBFE01E09001017FDBFE08404C0102D
:10BC200017FCBFE004058010840180013A880B10E6
:10BC30003A880918C03B02500608000017FDBFE013
:10BC40008404C01017FCBFE004028010840180014E
:10BC50003A880B103A880918C03B025017FDBFE024
:10BC60000406C01017FCBFE0040780100401800127
:10BC70003A880B103A880918C03B025017FEBFE003
:10BC8000170480102605001017FEBFE0170480106F
:10BC900017FA3FE13AE83E10060F000017FEBFE03A
:10BCA0001703801017FAFFE01706001917FAFFE0D4
:10BCB0001701C018040C80013A880B183AE83E10AE
:10BCC00084000001C07A255017FA3FE1C0FA2450E1
:10BCD000840000010087255017AEA0D044008010DA
:10BCE00015AEA0D0440080003A8837E01701C0DFCD
:10BCF000170000DF0402C0DE3A2800F804FCFFDE73
:10BD00001503C0DF150200DF040200DF15FF3FE16D
:10BD1000B441810004BAB4101700801015FEBFE0D2
:10BD20000609000017FFBFE0C4FFFF1015FFFFE08A
:10BD30001E02001017FEBFE00607000017FEBFE05E
:10BD40001700801015FEBFE017FEBFE01EF53F1084
:10BD5000005325503A8805003A8837E01701C0DFC4
:10BD6000170000DF0402C0DE3A2800F804FDFFDE01
:10BD7000150200DF040200DF15FE3FE115FF7FE141
:10BD800017FFBFE0CC008010260E001017FFBFE0A9
:10BD90000B008010CCFFFF10D4FFBF0026028018DC
:10BDA0003A8805000622000017FFBFE084008010DB
:10BDB00017008010E0FFBF101E1000103A88050029
:10BDC000061B000017FFBFE017008010E0FFBF1048
:10BDD0001E0200103A8805000615000017FFBFE09C
:10BDE000040180100B008010CCFFFF10D4FFBF00B7
:10BDF000260280183A880500060D000017FEBFE0F5
:10BE00001727801017028010E00580101E05001013
:10BE100017FEBFE017278010170280101807801048
:10BE20001E0200103A880500060100004400800050
:10BE30003A8837E0170000DF0401C0DE3A2800F836
:10BE400004FBFFDE1504C0DF150300DF040300DF81
:10BE50003A8805200DFFBFE0B441810004BAB41058
:10BE60001700801015FDBFE00611000017FDBFE0B0
:10BE700017068010260B001017FDBFE01706801074
:10BE80000BFFFFE017FD7FE13A8809183AE83E1002
:10BE900015FEBFE017FEBFE02602001017FEBFE050
:10BEA0000606000017FDBFE01700801015FDBFE07B
:10BEB00017FDBFE01EED3F103A8805003A8837E0D5
:10BEC0001701C0DF170000DF0402C0DE3A2800F8C7
:10BED00004FAFFDE1505C0DF150400DF040400DFEF
:10BEE00015FF3FE1B441810004C3B3101700801077
:10BEF00015FCBFE00613000017FCBFE0170180101F
:10BF00002605001017FCBFE017018010170A8010EB
:10BF100015FDBFE00601000015FD3FE017FCBFE086
:10BF20001700801015FEBFE017FDFFE017FFBFE010
:10BF30001E02801817FC3FE100072A5017FEBFE0E1
:10BF400015FCBFE017FCBFE01EEB3F103A88010074
:10BF50003A8837E01701C0DF170000DF0402C0DEB7
:10BF60003A2800F804FEFFDE1501C0DF150000DFEF
:10BF70003A8839D80402000180EA3B5026050010B7
:10BF8000744101010467062180980250440080003A
:10BF900006290000041480013A880B00B441010115
:10BFA00004BF342180510250B441810004BFB41059
:10BFB0008400C0001500C010B441810004BFB4105B
:10BFC0000410C0001501C010174EA0D0240F80101F
:10BFD0003A8809108010265015B1A0D017B1A0D012
:10BFE0001E0500107441010104740621809802505E
:10BFF00004FBBF000610000017B1E0D0174EA0D020
:10C00000240F80103A880D103A880B003A880918DE
:10C0100080510250B441810004BFB4104400C000FC
:10C020001500C010B441810004BFB410041EC0004C
:10C03000150CC0103A8805003A8837E01701C0DFB8
:10C04000170000DF0402C0DE3A2800F804F8FFDE23
:10C050001507C0DF150600DF040600DF15FC3FE111
:10C0600015FD7FE13A8807303A88053805FEFFE084
:10C070000DFFBFE017FCBFE01703801004FBFF10AB
:10C0800017FCBFE01503C01017FCBFE017048010B9
:10C090000405C01017FCBFE01504C01017FCBFE07A
:10C0A0001703801015FABFE017FABFE04411C00073
:10C0B0000500C01017FABFE00BFFFFE08D01C010B4
:10C0C00017FDBFE0CCFFBF103AD20510CC3F801067
:10C0D0003A88071017FDBFE0CCFFBF103A9204105A
:10C0E0003AB084183A88071017FABFE00D01C01063
:10C0F00017FCBFE017048010CCFFBF103AD2051028
:10C10000CC3F80103A88071017FCBFE0170480105E
:10C11000CCFFBF103A9204103AB084183A88071046
:10C1200017FABFE08D00C01017FABFE003FEFFE072
:10C130004502C01017FCBFE0170C801015FBBFE0D4
:10C1400017FBBFE02611001017FBBFE04300801073
:10C15000CC3F80102605001017FBBFE04300C01045
:10C1600017FABFE00502C0100603000017FABFE08F
:10C170000410C0000502C01017FBBFE00300C01090
:10C1800017FABFE04500C0100605000017FABFE02F
:10C190000410C0000502C01017FABFE045000010EF
:10C1A00017FABFE08D0200108402400117FA3FE148
:10C1B000809623503A3084003A88071017FABFE07F
:10C1C0008D02C0103A8801003A8837E01701C0DFBD
:10C1D000170000DF0402C0DE3A2800F804F0FFDE9A
:10C1E000150FC0DF150E00DF040E00DF15FF3FE165
:10C1F00017FFBFE0170780103AD6061017FFBFE001
:10C20000170780103AD204100CC0BF103AB086183D
:10C2100017FFBFE0170780100CC0BF103A92041040
:10C220003AB0861817FFBFE0170780103A9604103F
:10C230003AB084182C00FC103400B8001EA88018F6
:10C2400017FFBFE0170B80102614001017FFBFE088
:10C25000170B8010170080102606001017FFBFE094
:10C26000170B80101700C01017FFBFE01506C01095
:10C270000625000017FFBFE01707801004FEFFE04F
:10C280003A880B183A88091040D03D503A88071078
:10C2900017FFBFE01506C010061B000015F53FE0B4
:10C2A00006160000B441810004C2B21017F5FFE089
:10C2B0003A88C7183A88C7183A88C51017008010FE
:10C2C000172B8010260A0010B441810004C2B2105E
:10C2D00017F5FFE03A88C7183A88C7183A88C5109A
:10C2E0001700C01017FFBFE01506C01006060000BB
:10C2F00017F5BFE04400801015F5BFE01783A0D00C
:10C3000017F5FFE036E7BF1817FFBFE017068010EC
:10C310002604001017FFBFE017068010172B8010AF
:10C320001E2C00101782A0D00C848010261A00103A
:10C3300017FFBFE01704401117FFBFE01707801079
:10C34000CC3F801117FFBFE0170780103AD20410CE
:10C35000CC3F801017FFFFE01707C0183AD406182B
:10C36000CC3FC01817FF3FE1170700213AD608203D
:10C37000150200D91501C0D8150080D83A880F30B1
:10C380003A880D2817FF7FE174410101047E0621E0
:10C390004070025000532550B441810004BFB410D6
:10C3A000170B80104400C010B441810004BFB410CA
:10C3B000150BC01084000001C07A255017FF3FE123
:10C3C000C0FA24508400000100872550C4F7BF0044
:10C3D0000646010017FFBFE01707C01017FFBFE0B8
:10C3E000170680103A880B103A88091880F83E50DA
:10C3F00015F7BFE017F7BFE0261B001017FFBFE0DF
:10C40000170B80102605001017FFBFE0170B8010D8
:10C4100043018010CC3F80102613001017FFBFE0AF
:10C420000402C0000D08C01017FF3FE1C0ED3D50F1
:10C4300015F8BFE017F8BFE0260B0010440000011C
:10C44000C07A255017F87FE1B441010104FD312184
:10C45000C01E255044000001008725501798A0D029
:10C460003A88091000FB185017FFBFE0170380102F
:10C4700015F9BFE017F9BFE003028010CC3F801030
:10C48000260B001017FFBFE017078010CC3F80106D
:10C49000E01F80101E06001017FFBFE01707C01036
:10C4A00017FFBFE017068010170A80101E088018BB
:10C4B00084000001C07A255017FF3FE1C0FA2450E4
:10C4C00084000001008725503A8805000607010016
:10C4D00017FFBFE01707801015FEBFE00640000001
:10C4E00017FFBFE017078010D8FFBF101E04001011
:10C4F00017FFBFE01707801015FEBFE006380000E9
:10C5000017FFBFE01707801004FEFFE03A880B1802
:10C510003A88091040D03D503A88071017FFBFE015
:10C520001506C01017FFBFE0170680101E2C001064
:10C530001782A0D00C848010261A001017FFBFE0CD
:10C540001704401117FFBFE017078010CC3F801180
:10C5500017FFBFE0170780103AD20410CC3F8010BD
:10C5600017FFFFE01707C0183AD40618CC3FC018D1
:10C5700017FF3FE1170700213AD60820150200D91E
:10C580001501C0D8150080D83A880F303A880D2898
:10C5900017FF7FE174410101047E062140700250C3
:10C5A00000532550B441810004BFB410170B801014
:10C5B0004400C010B441810004BFB410150BC0107A
:10C5C00084000001C07A255017FF3FE1C0FA2450D3
:10C5D0008400000100872550C4F7BF0006C3000097
:10C5E0001782A0D00C8080102629001017FFBFE012
:10C5F0001704001117FFBFE017078010CC3F401150
:10C6000017FFBFE0170780103AD20410CC3F80110B
:10C6100017FFBFE0170780103AD40410CC3F8010FA
:10C6200017FFFFE01707C0183AD606181501C0D843
:10C63000150080D83A880F303A880D283A880B20A8
:10C6400074410101048E06214070025017FEBFE0C4
:10C65000CC3FC01017FEBFE03AD20410CC3F00110F
:10C6600017FEBFE03AD40410CC3F401117FEBFE0E4
:10C670003AD60410150080D83A880F283A880D2041
:10C680003A880B187441010104970621407002504A
:10C6900017FFBFE017068010170AC01017FFBFE092
:10C6A000170780101E27801817FFBFE0170780109C
:10C6B000CC3F8010E01F80101E22001017FFBFE04B
:10C6C00017068010172A80100C0280101E09001017
:10C6D0000053255084000001C07A255017FF3FE128
:10C6E000C0FA2450840000010087255044FDBF009B
:10C6F000067E000017FFBFE00402C0000D08C01056
:10C700003A8809000087255044000001C07A25506E
:10C7100017FF7FE1B441010104FD3121C01E255006
:10C7200044000001008725503A880900C07A25504E
:10C730001798A0D03A88091000FB18503A880500D5
:10C74000066A000017FFBFE0170A80100C04801073
:10C750003A00051005FABFE08005255015FBBFE043
:10C7600003FABFE01E08001017FFBFE01706801095
:10C770001709801017FBFFE02E0180183A88051872
:10C7800015F6BFE00604000017FFBFE01706801093
:10C790001709801015F6BFE017FFBFE017048010DF
:10C7A00017FFFFE01706C0181708C0183A88C51011
:10C7B00017F6FFE02E07801817FEBFE03A880B102F
:10C7C00017FF3FE1403F3D5015FCBFE017FCBFE0C5
:10C7D0000646000003FABFE01E400010840000017E
:10C7E000C07A255017FFBFE01704801017FFFFE045
:10C7F0001706C0181708C0183A88C5103A880910DB
:10C80000C0C5245015FDBFE08400000100872550FD
:10C8100017FDBFE01E08001084000001C07A2550FB
:10C8200017FF3FE1C0FA2450840000010087255023
:10C83000C4FABF00062D000017FDBFE017018010ED
:10C8400017FFFFE01706C0181708C0183A88C7106E
:10C8500017FDBFE01503C01017FDBFE01703C010A0
:10C8600017FFBFE01703001117FFBFE01704801088
:10C870003A880D103A880B203A8809184027025050
:10C8800017FFBFE01704C01017FDBFE01504C0106C
:10C8900017FFBFE01706C01017FDBFE01506C01058
:10C8A00017FFBFE01707C01017FDBFE01507C01046
:10C8B00084000001C07A255017FF3FE1C0FA2450E0
:10C8C000840000010087255017FEBFE03A880B1056
:10C8D00017FD3FE1C08A21500604000017FEBFE0AB
:10C8E0003A880B1017FF3FE1C08A21503A8837E0A1
:10C8F0001701C0DF170000DF0402C0DE3A2800F88D
:10C9000004F9FFDE1506C0DF150500DF040500DFB2
:10C910003A88052015FF7FE105FEBFE0B4418100A4
:10C9200004BFB410170980104400C010B441810046
:10C9300004BFB4101509C01017FFBFE01703801023
:10C9400004FBFF1017FFBFE01503C01017FFBFE087
:10C95000170480100405C01017FFBFE01504C010B5
:10C9600017FFBFE01703801015FCBFE017FCBFE006
:10C970004411C0000500C01017FCBFE08D0100107D
:10C98000174DA0D0CCFFBF103AD20510CC3F80107D
:10C990003A880710174DA0D0CCFFBF103A92041070
:10C9A0003AB084183A88071017FCBFE00D01C01098
:10C9B000174DA0D044008010154DA0D017FFBFE048
:10C9C00017048010CCFFBF103AD20510CC3F801066
:10C9D0003A88071017FFBFE017048010CCFFBF1084
:10C9E0003A9204103AB084183A88071017FCBFE056
:10C9F0008D00C01017FCBFE003FEFFE04502C01031
:10CA000017FCBFE08D0200100410800005FBBFE0A2
:10CA100017FFBFE0170780103AD6061017FFBFE0D8
:10CA2000170780103AD204100CC0BF103AB0861815
:10CA300017FFBFE0170780100CC0BF103A92041018
:10CA40003AB0861817FFBFE0170780103A96041017
:10CA50003AB084182C00FC103400B8001E0780186F
:10CA600017FFBFE0170B80102604001017FFBFE070
:10CA7000170B80100301801005FBBFE017FFBFE01C
:10CA8000170C801015FDBFE017FDBFE02611001048
:10CA900017FDBFE043008010CC3F8010260500103A
:10CAA00017FDBFE04300C01017FCBFE00502C01037
:10CAB0000603000017FCBFE003FBFFE00502C01007
:10CAC00017FDBFE00300C01017FCBFE04500C01019
:10CAD0000605000017FCBFE003FBFFE00502C010E5
:10CAE00017FCBFE0450000108402400117FC3FE145
:10CAF000809623503A3084003A88071017FCBFE034
:10CB00008D02C01017FF3FE140243C503A8837E0C7
:10CB10001701C0DF170000DF0402C0DE3A2800F86A
:10CB200004F6FFDE1509C0DF150800DF040800DF8A
:10CB30003A88052015FE7FE115FFBFE105FDBFE046
:10CB40000405800045F8BFE0B441810004BFB41083
:10CB5000170980104400C010B441810004BFB41014
:10CB60001509C01017FFBFE015F9BFE0060D000062
:10CB700017F9BFE003008010CC3F80102005801023
:10CB80001E0100100604000043F8BFE004018010FD
:10CB900045F8BFE03A88010017F9BFE04400801073
:10CBA00015F9BFE017F9BFE003008010CC3F8010FB
:10CBB0001EEF3F1043F8BFE0CC00801026070010A6
:10CBC00043F8BFE0CC0080103A88071004018000D1
:10CBD0003AC8C51005FABFE00601000005FA3FE0BB
:10CBE00017FEBFE01703C01043F83FE103FABFE0B0
:10CBF0003A8885203AC885003A88871817FEBFE032
:10CC00001503C01017FEBFE01704801043F83FE182
:10CC100003FAFFE03A88C7203A88C71017FEBFE042
:10CC20001504C01017FEBFE01703801015FBBFE00E
:10CC300043F8FFE003FABFE03A888518BAD0051040
:10CC4000141080103A88071017FBBFE00500C010D1
:10CC500017FBBFE08D010010174DA0D0CCFFBF1017
:10CC60003AD20510CC3F80103A880710174DA0D05B
:10CC7000CCFFBF103A9204103AB084183A880710DB
:10CC800017FBBFE00D01C010174DA0D0440080106D
:10CC9000154DA0D017FEBFE017048010CCFFBF10C9
:10CCA0003AD20510CC3F80103A88071017FEBFE03B
:10CCB00017048010CCFFBF103A9204103AB08418C9
:10CCC0003A88071017FBBFE08D00C01017FBBFE0CC
:10CCD00003FDFFE04502C01017FBBFE08D0200100E
:10CCE0000410800005F8BFE017FEBFE017078010B2
:10CCF0003AD6061017FEBFE0170780103AD204108C
:10CD00000CC0BF103AB0861817FEBFE0170780109E
:10CD10000CC0BF103A9204103AB0861817FEBFE05C
:10CD2000170780103A9604103AB084182C00FC10B3
:10CD30003400B8001E07801817FEBFE0170B8010E4
:10CD40002604001017FEBFE0170B801003018010AF
:10CD500005F8BFE017FEBFE0170C801015FCBFE020
:10CD600017FCBFE02611001017FCBFE04300801045
:10CD7000CC3F80102605001017FCBFE04300C01018
:10CD800017FBBFE00502C0100603000017FBBFE061
:10CD900003F8FFE00502C01017FCBFE00300C0105D
:10CDA00017FBBFE04500C0100605000017FBBFE001
:10CDB00003F8FFE00502C01017FBBFE045000010BC
:10CDC00017FEBFE0170380100405801015F9BFE0BF
:10CDD0000610000017FFBFE003008010CC3F80105A
:10CDE000200580101E0100100607000017F9BFE0A3
:10CDF0000425C1001500C01017F9BFE00401801020
:10CE000015F9BFE03A88010017FFBFE04400801029
:10CE100015FFBFE017FFBFE003008010CC3F80107C
:10CE20001EEC3F1045FA3FE00607000043FABFE062
:10CE300017F9FFE03A8885180500001043FABFE0B3
:10CE40004400801045FABFE043FAFFE003FABFE078
:10CE500036F6BF1843F8FFE003FABFE03A888518BA
:10CE6000FAD706103A8885187AD005103A880B1040
:10CE700017FB3FE1809623503A3084003A88071030
:10CE800017FBBFE08D02C01017FE3FE140243C506D
:10CE90003A8837E01701C0DF170000DF0402C0DE68
:10CEA0003A2800F804FCFFDE1503C0DF150200DF9E
:10CEB000040200DF15FF3FE1B441810004BFB4105C
:10CEC000170980104400C010B441810004BFB410A1
:10CED0001509C01017FFBFE01703801015FEBFE053
:10CEE00017FEBFE00B018010CCFFBF101E0F00101B
:10CEF000174DA0D0CCFFBF103AD20510CC3F801008
:10CF00003A880710174DA0D0CCFFBF103A920410FA
:10CF10003AB084183A88071017FEBFE00D01C01020
:10CF2000174DA0D044008010154DA0D017FEBFE0D3
:10CF30008D0200108402400117FE3FE180962350CD
:10CF40003A3084003A88071017FEBFE08D02C01007
:10CF500017FF3FE140243C503A8837E01701C0DF1B
:10CF6000170000DF0402C0DE3A2800F804F1FFDEFB
:10CF7000150EC0DF150D00DF040D00DF15FE3FE1CB
:10CF800015FF7FE1B441810004BFB4101710801079
:10CF90004400C010B441810004BFB4101510C0108B
:10CFA00017FEBFE01703801015F8BFE017F8BFE0C9
:10CFB00003008010CC3F8010CC0380103A8885108D
:10CFC0003A88851015F9BFE017FEBFE017048010FE
:10CFD0003A88071017F9BFE03AC8851815F5BFE081
:10CFE00017FEBFE0170680101709C01017FEBFE03C
:10CFF000170680101708001117F9BFE03A8885203E
:10D00000040280103AC8851815FABFE017FABFE08D
:10D01000281080101E0300100053255044FDBF004F
:10D0200006D5000017FEBFE01704801017FA7FE155
:10D030003A880910408E10504400801015FBBFE064
:10D0400017FEBFE01704C01017FBBFE03A88851831
:10D05000C4FFBF1017FB7FE13A880910408E1050C3
:10D06000C401C01004FEBF003A70841815FCBFE074
:10D0700015F33FE017F8BFE08B018010CCFFBF1025
:10D080003AD204103A88071017F8BFE08B018010DD
:10D09000CCFFBF103A9204103AB084180DFDBFE0E7
:10D0A0000BFDFFE0F4FFBF00C4FF87103A70841847
:10D0B000260800100BFDFFE0F4FFBF00C4FF87103F
:10D0C0003A70841815F3BFE017F3BFE0FA9004102C
:10D0D00015F3BFE017FEBFE015F6BFE015F73FE020
:10D0E00006A1000017F6BFE015FEBFE017FEBFE087
:10D0F0001703801015F8BFE017FCBFE017F5FFE03D
:10D100000E0180183A88051817F9FFE03A88C51013
:10D110003A88071017FEBFE01504C01017F5FFE0AE
:10D1200017FCBFE03AC8851815F5BFE017FEBFE051
:10D1300017048010CCFFBF103AD20510CC3F8010EE
:10D140003A88071017FEBFE017048010CCFFBF100D
:10D150003A9204103AB084183A88071017F8BFE0E2
:10D160008D00C01017F3BFE0FAD004100DF4BFE03B
:10D1700017F5BFE0900080101E0200100400880028
:10D18000060100003A8805000BF4FFE03AB0C41035
:10D190000DF4BFE00BFDBFE00C008810260300106B
:10D1A0000BF4BFE0140088100DF4BFE00BF4BFE0F7
:10D1B0003AD204103A8807100BF4BFE03A920410F8
:10D1C0003AB084183A88071017F8BFE08D01C010F4
:10D1D00017F5BFE0900080101E3E00108400000193
:10D1E000C07A255017F5FFE017F9BFE03A88871895
:10D1F0001780A0D03A8885183A880910C0C52450F5
:10D2000015F6BFE0840000010087255017F6BFE047
:10D210001E1000100053255084000001C07A2550D4
:10D2200017FE3FE1C0FA245084000001008725501A
:10D23000B441810004BFB410171180104400C01025
:10D24000B441810004BFB4101511C01084FABF00AE
:10D250000649000017FEBFE01706C01017F6BFE032
:10D260001506C01017FEBFE01707C01017F6BFE085
:10D270001507C01017F6BFE01703C01017FEBFE078
:10D280001703801017F93FE13A880D203A880B10F8
:10D290003A8809184027025017F6BFE01703C0105C
:10D2A00017F9BFE03A888F1817FEBFE01703C010C8
:10D2B00017F93FE117FCBFE03A8885203A888518C6
:10D2C00017F5FFE03A880D183A880B103A880938AC
:10D2D0004027025017F8BFE08D0200108402400181
:10D2E00017F83FE1809623503A3084003A880710BF
:10D2F00017F8BFE08D02C01017FF7FE117FE3FE176
:10D30000C08A215015F7BFE0B441810004BFB410BA
:10D31000171280104400C010B441810004BFB41043
:10D320001512C01017F7BFE00E0B001017F5BFE085
:10D33000900080101E06001084000001C07A255065
:10D3400017F63FE1C0FA2450840000010087255001
:10D3500017F7BFE00608000017F3FFE017FCBFE077
:10D360003A88851815F3BFE017F5BFE088008010F4
:10D370001E5C3F1017F7BFE03A8837E01701C0DFA7
:10D38000170000DF0402C0DE3A2800F804F0FFDED8
:10D39000150FC0DF150E00DF040E00DF15FE3FE1A4
:10D3A00015FF7FE117FEBFE01703801015F5BFE002
:10D3B00017F5BFE08B018010CCFFBF103AD20410EC
:10D3C000CCFFBF10CC3FC01017F5BFE08B01801021
:10D3D000CCFFBF103A920410CCFFBF103AB08418B3
:10D3E0000C009010261C001084000001C07A25500B
:10D3F00017FE3FE1C0FA2450840000010087255049
:10D40000B441810004BFB410171180104400C01053
:10D41000B441810004BFB4101511C01017F5BFE06E
:10D420001703C01017FEBFE017068010170A00117F
:10D4300017FEBFE017068010150080D80401C00158
:10D4400017F5BFE13A880B203A880918C096495071
:10D450003A880500063901008005255015F6BFE021
:10D4600017FEBFE017068010170980103A880710D2
:10D4700017F6BFE02E02C01017F6BFE0060300004B
:10D4800017FEBFE017068010170980100DF7BFE0E8
:10D4900017F5BFE003008010CC0380103A88851098
:10D4A0003A88851085F7BFE017FEBFE017068010A9
:10D4B00017088010C5F7BFE083F7BFE00BF7FFE068
:10D4C0003AC885183A880710C3F7BFE03AC88518EC
:10D4D0000DF8BFE00BF8FFE004FEBF003A708418BF
:10D4E0000DF8BFE017F5BFE08B008010CCFFBF1038
:10D4F0003AD204103A88071017F5BFE08B0080106D
:10D50000CCFFBF103A9204103AB084183A88071042
:10D5100083F7BFE03AC885188DF8BFE08BF8BFE00D
:10D520000BF8FFE03A880B183A880910408E10502B
:10D530000DF3BFE08BF8BFE00BF8FFE03A880B1863
:10D540003A880910809410500DF9BFE00BF9BFE044
:10D55000260300100BF3BFE0440080100DF3BFE082
:10D560000BF3BFE0280180101E08001017FEBFE07B
:10D57000170A80100C0480101E04001017FF7FE1B2
:10D5800017FE3FE140FD3C5006EC000017F5BFE000
:10D590008B018010CCFFBF103AD20410CCFFBF101B
:10D5A000CC3FC01017F5BFE08B018010CCFFBF103F
:10D5B0003A920410CCFFBF103AB08418FA900410CD
:10D5C0008DF9BFE017F5BFE08B018010CCFFBF10D5
:10D5D0003AD204103A88071017F5BFE08B0180108B
:10D5E000CCFFBF103A9204103AB084180C00881097
:10D5F0000DFABFE08DF33FE006BF0000840000019C
:10D60000C07A25500BF8FFE083F7BFE03A8887180F
:10D61000C3F7BFE03A8885183A880910C0C524507E
:10D6200015FBBFE0840000010087255017FBBFE019
:10D630001E0F001084000001C07A255017FE3FE144
:10D64000C0FA24508400000100872550B4418100B5
:10D6500004BFB410171180104400C010B441810001
:10D6600004BFB4101511C010C4FABF0006B3000007
:10D6700017FBBFE01701C010C3F7BFE03A88871857
:10D6800017FEBFE01703801083F73FE13A880D20B3
:10D690003A880B103A880918402702508BF3FFE0B4
:10D6A0000BF3BFE0C4FFBF100E0380180BF8BFE000
:10D6B0000DF4BFE0060600000BF9BFE01E020010EB
:10D6C0000BF8BFE0060100000BF9BFE00DF4BFE06E
:10D6D00017FBBFE01701C010C3F73FE183F7BFE0BE
:10D6E0003A8885203A888F1817FEBFE01703C010CC
:10D6F00083F7BFE00BF87FE18BF33FE13A3809296C
:10D700003A8805113A8885180BF4FFE03A880D181D
:10D710003A880B103A8809384027025017FBBFE0BF
:10D720001701C010C3F7BFE03A88871817FBBFE0A6
:10D730001503C01083F7FFE00BF4BFE03A888518AB
:10D740003A88071017FBBFE01504C01017FEBFE0B2
:10D750001706C01017FBBFE01506C01017FEBFE08C
:10D760001707C01017FBBFE01507C01017FBBFE07D
:10D770000400C2000D08C01017FBBFE017038010A3
:10D7800015FCBFE017FBBFE0170480103AD204106D
:10D79000CC3F80103A88071017FBBFE017048010B9
:10D7A0003A9204103AB084183A88071017FCBFE088
:10D7B0008D00C0108BF9FFE00BF83FE18BF3BFE069
:10D7C0003A3885203A888518FAD20510CC3F801067
:10D7D0003A880B108BF9FFE00BF83FE18BF3BFE0C9
:10D7E0003A3885203A888518FAD005103A92041004
:10D7F0003AB084283A88071017FCBFE08D01C010AA
:10D800008BF3FFE00BF3BFE0C4FFBF100E078018DF
:10D8100017FCBFE08B018010140880103A880710B5
:10D8200017FCBFE08D01C010060800000BFABFE036
:10D830002606001017FCBFE08B0180101408801032
:10D840003A88071017FCBFE08D01C01017FCBFE03D
:10D850008D02001083F7BFE07AD00410CC3F801017
:10D860003A880B1017FC3FE1809623503A30840031
:10D870003A88071017FCBFE08D02C010B441810048
:10D8800004BFB410171280104400C010B4418100CE
:10D8900004BFB4101512C01017FF7FE117FB3FE162
:10D8A000C08A215015FDBFE017FDBFE00E0F00102C
:10D8B00084000001C07A255017FE3FE1C0FA2450D1
:10D8C0008400000100872550B441810004BFB410DA
:10D8D000171180104400C010B441810004BFB4107F
:10D8E0001511C01017FDBFE0061400008BF3BFE058
:10D8F000440080108DF3BFE08BF3FFE00BF3BFE03B
:10D90000363EBF1884000001C07A255017FE3FE163
:10D91000C0FA24508400000100872550B4418100E2
:10D9200004BFB410171080104400C010B44181002F
:10D9300004BFB4101510C0103A8805003A8837E0CB
:10D940001701C0DF170000DF0402C0DE3A2800F82C
:10D9500004FAFFDE1505C0DF150400DF040400DF54
:10D9600015FF3FE104FEBFE03A880B1017FF3FE1CF
:10D9700040D03D5015FDBFE017FDBFE01E16001062
:10D980001782A0D00C0580102611001017FFBFE0F1
:10D99000CC3FC01017FFBFE03AD20410CC3F0011BB
:10D9A00017FFBFE03AD40410CC3F401117FFBFE08F
:10D9B0003AD60410150080D83A880F283A880D20EE
:10D9C0003A880B1874410101049C062140700250F2
:10D9D0003A8805000602000017FDBFE0170A801014
:10D9E0003A8837E01701C0DF170000DF0402C0DE0D
:10D9F0003A2800F804F7FFDE1508C0DF150700DF3E
:10DA0000040700DF15FF3FE117FFBFE01703801099
:10DA100015FCBFE017FCBFE08B0280100DFDBFE0DE
:10DA200017FCBFE08D02001017FCBFE00300801060
:10DA3000CC3F8010CC0380103A8885103A8885103E
:10DA40007AD005103A880B1017FC3FE180962350DE
:10DA50003A3084008DFDBFE00BFDFFE08BFDBFE0A1
:10DA600026018018005325507441410104A5462920
:10DA70003A880900C0F7235017FCBFE015FEBFE04D
:10DA800017FEBFE003008010CC3F401117FEBFE03F
:10DA90004400801003008010CC3F801117FCBFE0D1
:10DAA0008B008010CCFFBF103AD20410CCFFBF1007
:10DAB000CC3FC01017FCBFE08B008010CCFFBF1024
:10DAC0003A920410CCFFBF103AB0841817FCFFE064
:10DAD0000B01C018CCFFFF183AD20618CCFFFF1874
:10DAE000CC3F001917FCFFE00B01C018CCFFFF185A
:10DAF0003A920618CCFFFF183AB0C6201501C0D8DC
:10DB0000150080D83A880F303A880D2874414101B9
:10DB100004AA46293A880900C0F7235017FEBFE03F
:10DB2000840180100B008010CCFFBF103AD204108B
:10DB3000CCFFBF10CC3FC01017FEBFE084018010A7
:10DB40000B008010CCFFBF103A920410CCFFBF1026
:10DB50003AB08C1817FCBFE003028010CC3FC01114
:10DB600017FCBFE043028010CC3FC0100BFDBFE0AC
:10DB70003AD20410CCFFBF10CC3F00110BFDBFE028
:10DB80003A920410CCFFBF103AB088200BFD7FE121
:10DB90008BFDBFE01E0380287441810004B686100F
:10DBA000060200007441810004B78610150280D877
:10DBB000150100D91500C0D87441410104B84629A7
:10DBC0003A880900C0F7235017FCBFE01703801004
:10DBD000CC3F001117FCBFE0170380103AD20410AD
:10DBE000CC3F401117FCBFE0170380103AD404105B
:10DBF000CC3F801017FCFFE01703C0183AD6061878
:10DC00001501C0D8150080D83A880F283A880D2011
:10DC10007441410104C846293A880900C0F72350DD
:10DC200017FCBFE017048010CC3F001117FCBFE0C9
:10DC3000170480103AD20410CC3F401117FCBFE00B
:10DC4000170480103AD40410CC3F801017FCFFE07A
:10DC50001704C0183AD606181501C0D8150080D888
:10DC60003A880F283A880D207441410104CD462995
:10DC70003A880900C0F7235017FCBFE00BFDFFE016
:10DC80008D02C0103A8801003A8837E01701C0DFE2
:10DC9000170000DF0402C0DE3A2800F804F8FFDEB7
:10DCA0001507C0DF150600DF040600DF15FE3FE1A3
:10DCB00015FF7FE117FEBFE01E0200103A88050045
:10DCC0000667000017B1A0D01E0200103A880500B8
:10DCD0000663000017B8A0D0260E001017B8A0D019
:10DCE0001700C01017FEBFE01E0A801817B8A0D09A
:10DCF0001706C01017FFBFE01500C01017B8A0D05E
:10DD00001795E0D01509C01017B8A0D0170E8010D5
:10DD10000653000017FE3FE1C05B3F5015FDBFE01A
:10DD200017FDBFE02609001017FDBFE015B8A0D011
:10DD300017FDBFE01706C01017FFBFE01500C010A9
:10DD400017FDBFE0170E801006450000B4418100AA
:10DD500004BAB4101700801015FCBFE015FB3FE0BB
:10DD60000624000017FCBFE0170C8010261B0010D3
:10DD700017FCBFE0170A80102618001017FCBFE040
:10DD8000170AC01017FEBFE03AF0861817FCBFE074
:10DD9000170C80103A7084181E1000104400800088
:10DDA000150080D817FBFFE117FEBFE1C4FF7F011C
:10DDB00017FE3FE100713F5015B8A0D017B8A0D0B2
:10DDC0001E0100100053255017FFBFE017FEFFE0B3
:10DDD0001500C01017FCBFE00621000017FCBFE0D3
:10DDE0001700801015FCBFE017FBBFE04400801057
:10DDF00015FBBFE017FCBFE01EDA3F10B441810005
:10DE000004BAB4101700801015FCBFE0060C000027
:10DE100017FCBFE0170D80102606001017FCBFE0AE
:10DE2000170DC01017FFBFE01500C01017FCBFE0B2
:10DE3000060B000017FCBFE01700801015FCBFE0C8
:10DE400017FCBFE01EF23F1017FFBFE017FEFFE018
:10DE50001500C010B441810004BAB410170080103E
:10DE60003A8837E01701C0DF170000DF0402C0DE88
:10DE70003A2800F804FBFFDE1504C0DF150300DFBD
:10DE8000040300DF15FF3FE117FFBFE01704801018
:10DE900017FFFFE01703C0183A88091817FFFFE0C3
:10DEA0001701C0183AC8C7203A88C51015FDBFE051
:10DEB00084000001C07A255017FDBFE03A880910A0
:10DEC000C0C5245015FEBFE0840000010087255026
:10DED00017FEBFE01E06001017FD7FE1744101012F
:10DEE00004D20621407002503A880500062900003D
:10DEF00017FEBFE01701C01017FFBFE01701801029
:10DF000017FD3FE13A880D203A880B103A8809182E
:10DF10004027025017FEBFE01701801017FFFFE0F7
:10DF20001703C0183A88091817FFFFE01701C01837
:10DF30003AC8C7203A88C71017FEBFE01503C010C3
:10DF400017FFBFE01704C01017FEBFE01504C01094
:10DF500017FFBFE01706C01017FEBFE01506C01080
:10DF600017FFBFE01707C01017FEBFE01507C0106E
:10DF700017FFBFE00B08C01017FEBFE00D08C01070
:10DF800017FFBFE01705C01017FEBFE01505C01052
:10DF900017FEBFE03A8837E01701C0DF170000DF47
:10DFA0000402C0DE3A2800F804F4FFDE150BC0DFDF
:10DFB000150A00DF150900DC040A00DF15FE3FE149
:10DFC000C4FFBF0015F7BFE01782A0D00C0081107E
:10DFD000260E00101782A0D00C808010260B001097
:10DFE00017FEBFE01704001417FEBFE017068010ED
:10DFF0003A880910C0E121503A880D103A880B8008
:10E000007441010104DE062140700250B4418100D8
:10E0100004BFB410170280104400C010B441810046
:10E0200004BFB4101502C01017FEBFE01703801024
:10E0300015F8BFE017FEBFE01704801017F8FFE0E7
:10E040008B00C018CCFFFF183AD20618CCFFFF187F
:10E05000CC3F001917F8FFE08B00C018CCFFFF1869
:10E060003A920618CCFFFF183AB0C6202E1FC010F7
:10E070001782A0D00C008110260C00101782A0D0AF
:10E080000C808010260900107441010104E706216C
:10E09000809802501782A0D08C00801026030010B8
:10E0A00017FEBFE03A880910C0A53D50B441810079
:10E0B00004BFB410170380104400C010B4418100A5
:10E0C00004BFB4101503C01084000001C07A2550AD
:10E0D00017FEBFE03A880910C0FA245084000001FE
:10E0E0000087255004F8BF000689000017F8BFE03C
:10E0F0008B008010CCFFBF103AD20410CCFFBF10B1
:10E10000CC3FC01017F8BFE08B008010CCFFBF10D1
:10E110003A920410CCFFBF103AB0841815F9BFE052
:10E1200017FEBFE017F9FFE01504C01017F8BFE0B5
:10E1300003008010CC3F80103AD10410CC3F8010F7
:10E14000200180101E1F00101782A0D00C0081102B
:10E15000260C00101782A0D00C8080102609001019
:10E160007441010104EC0621809802501782A0D06E
:10E170008C0080102603001017FEBFE03A880910BB
:10E18000C0A53D50B441810004BFB41017038010F6
:10E190004400C010B441810004BFB4101503C01086
:10E1A00084000001C07A255017FEBFE03A880910AC
:10E1B000C0FA2450840000010087255004F8BF00F5
:10E1C0000653000017F8BFE08B0280100DFABFE085
:10E1D00017F8BFE08D02001017F8BFE003008010B1
:10E1E000CC3F8010CC0380103A8885103A88851087
:10E1F00015FBBFE017FBBFE07AD004103A880B1084
:10E2000017F83FE1809623503A3084000DFCBFE0C0
:10E210000BFAFFE00BFCBFE02622801817F8BFE0E6
:10E220000BFAFFE08D02C0101782A0D00C00811005
:10E23000260C00101782A0D00C8080102609001038
:10E240007441010104F30621809802501782A0D086
:10E250008C0080102603001017FEBFE03A880910DA
:10E26000C0A53D50B441810004BFB4101703801015
:10E270004400C010B441810004BFB4101503C010A5
:10E2800084000001C07A255017FEBFE03A880910CB
:10E29000C0FA2450840000010087255004F8BF0014
:10E2A000061B000017F8BFE00BFAFFE08D02C0105C
:10E2B000440080008DFCBFE004FEBFE015FDBFE020
:10E2C00005F63FE0060D000003F6BFE03A88851032
:10E2D0003A8885103A88071017FDBFE03A88C510C4
:10E2E000170080103A88091000393E5015F7BFE03A
:10E2F00003F6BFE04400801005F6BFE003F6BFE080
:10E30000CCFFFF108BFCBFE036EFBF1817F7BFE064
:10E3100004FFFFE61702C0DF170100DF170000DC73
:10E320000403C0DE3A2800F804F5FFDE150AC0DF5A
:10E33000150900DF040900DF15FF3FE117FFBFE00B
:10E340001703801015F8BFE017FFBFE01706801015
:10E3500015F9BFE017F8BFE0170480103AD6061091
:10E3600017F8BFE0170480103AD204100CC0BF1099
:10E370003AB0861817F8BFE0170480100CC0BF1021
:10E380003A9204103AB0861817F8BFE017048010CC
:10E390003A9604103AB084182C00FC103400B800EF
:10E3A0001E17801817F8BFE01704801017F97FE1D7
:10E3B0003A88091080F83E5015FABFE017FABFE01E
:10E3C0001E080110B441810004BFB410170B801067
:10E3D0004400C010B441810004BFB410150BC0103C
:10E3E00084000001C07A255017FF3FE1C0FA245095
:10E3F0008400000100872550840080000638010059
:10E4000017F8BFE01704C01017F9BFE0170A801013
:10E4100026F7801817F8BFE017048010E0FFBF1040
:10E420001EF3001017F8BFE01704C01017F9BFE083
:10E43000170E801026EE801817F8BFE01704C010E2
:10E4400017F9BFE0170F801026E9801817F8BFE012
:10E450001704C01017F9BFE01710801026E48018C9
:10E4600017F9BFE0170AC01017F9BFE0170C8010AA
:10E470003A3084003A70841826DD00101782A0D04C
:10E480000C008110261800101782A0D00C8080107C
:10E490002615001017F8BFE017048010CC3FC010FD
:10E4A00017F8BFE0170480103AD20410CC3F0011D7
:10E4B00017F8BFE0170480103AD40410CC3F401185
:10E4C00017F8BFE0170480103AD60410150080D862
:10E4D0003A880F283A880D203A880B1874410101B8
:10E4E00004F8062140700250B441810004BFB4100A
:10E4F00017008010980080101E0F0010B44181009A
:10E5000004BFB410170A80104400C010B441810049
:10E5100004BFB410150AC01084000001C07A255051
:10E5200017FF3FE1C0FA2450840000010087255006
:10E53000C4F7BF0006EA0000B441810004BFB41074
:10E54000170580104400C010B441810004BFB4100E
:10E550001505C01017F8BFE003028010CC3F8010F3
:10E56000A80080101E1C0010B441810004BFB4102C
:10E57000170A80104400C010B441810004BFB410D9
:10E58000150AC01017F8BFE01703C01017FFBFE04F
:10E5900017068010170A001117FFBFE0170680103A
:10E5A000150080D804C0C20117F8BFE13A880B20DB
:10E5B0003A880918C096495084000001C07A255055
:10E5C00017FF3FE1C0FA2450840000010087255066
:10E5D000C4F7BF0006C2000017F8BFE01704C01060
:10E5E00017FFBFE01507C01017FFBFE01707801027
:10E5F00004FEFFE03A880B183A88091040D03D50DD
:10E6000015FBBFE017FBBFE01E0F0010B4418100F7
:10E6100004BFB410170B80104400C010B441810037
:10E6200004BFB410150BC01084000001C07A25503F
:10E6300017FF3FE1C0FA24508400000100872550F5
:10E64000C4F7BF0006A6000017F8BFE01704C0100B
:10E6500017FBBFE0170A80102664801817F8BFE088
:10E660001704C01017FBBFE0170E8010266080183B
:10E6700017F8BFE01704C01017FFBFE0170680109F
:10E68000170E8010265A801817FFBFE017FBFFE017
:10E690001506C01017FFBFE01704801017FFFFE03A
:10E6A0001706C0181708C0183A88C51017FBFFE0F6
:10E6B0001709C0182E37801817F8BFE08B0180109B
:10E6C000CCFFBF103AD20410CCFFBF10CC3FC0101B
:10E6D00017F8BFE08B018010CCFFBF103A920410F6
:10E6E000CCFFBF103AB084180C009010261C00100C
:10E6F00017F8BFE01703C01017FFBFE01706801020
:10E70000170A001117FFBFE017068010150080D808
:10E710000401C00117F8BFE13A880B203A880918B4
:10E72000C0964950B441810004BFB4101711801045
:10E730004400C010B441810004BFB4101511C010D2
:10E7400084000001C07A255017FF3FE1C0FA245031
:10E75000840000010087255044FDBF0006600000D2
:10E7600017F8BFE003028010C4FFBF103A880710FB
:10E7700017F8BFE00502C01017FEBFE03A880B1083
:10E7800017FF3FE1403F3D5015FCBFE017FCBFE0E5
:10E790000653000017F8BFE003028010C4FFBF104B
:10E7A0003A88071017F8BFE00502C01017F8BFE05D
:10E7B0008D0200108402400117F83FE1809623503B
:10E7C0003A3084003A88071017F8BFE08D02C01075
:10E7D00017FEBFE03A880B1017FF3FE1C08A2150B7
:10E7E000063F00003A880100060100003A88010057
:10E7F00017F8BFE08B018010CCFFBF103AD2041095
:10E800003A88071017F8BFE08B018010CCFFBF10CB
:10E810003A9204103AB084180DFDBFE00BFDBFE042
:10E820000C0088101E0500100BFDFFE0F4FFBF0078
:10E83000C4FF87103A708418262700101782A0D0D2
:10E840000C008110261A00101782A0D00C808010B6
:10E850002617001017F8BFE017038010CC3FC01038
:10E8600017F8BFE0170380103AD20410CC3F001114
:10E8700017F8BFE0170380103AD40410CC3F4011C2
:10E8800017F8BFE0170380103AD60410150080D89F
:10E890003A880F283A880D203A880B1874410101F4
:10E8A000040407214070025017FF3FE1C0A53D500E
:10E8B000B441810004BFB410170D80104400C01093
:10E8C000B441810004BFB410150DC01017FF3FE123
:10E8D000C05E4A500602000017FF3FE1C0953E505F
:10E8E0003A8837E01701C0DF170000DF0402C0DEFE
:10E8F0003A2800F804F9FFDE1506C0DF150500DF31
:10E90000040500DF15FF3FE117FFBFE0170380108C
:10E9100015FEBFE017FEBFE003008010CC3F801063
:10E92000601180101E13001017FEBFE0030080105E
:10E93000CC3F8010701180101E05001017FEBFE044
:10E9400003008010CC3F8010301280101E09001090
:10E9500017FEBFE003008010CC3F80103A880B10F8
:10E9600074410101040D07214070025044FDBF00B5
:10E9700006D0000017FEBFE01703C01017FFBFE06E
:10E980001507C0101782A0D00C008110262100109E
:10E990001782A0D00C808010261E001017FEBFE04A
:10E9A00043028010CC3F001117FEBFE01703801018
:10E9B000CC3F401117FEBFE0170380103AD204107D
:10E9C000CC3F801117FEBFE0170380103AD404102B
:10E9D000CC3F801017FEFFE01703C0183AD6061888
:10E9E0001501C0D8150080D83A880F303A880D2814
:10E9F0003A880B2074410101041407214070025031
:10EA00001782A0D08C0080102602001017FF3FE173
:10EA1000C0A53D5017FEBFE043028010CC3F8010E0
:10EA2000A000C0101E1F0018C800C0101E03001850
:10EA3000600080101E10001006300000A001C01001
:10EA40001E23001860048010262C0010B4418100A1
:10EA500004BFB410170880104400C010B4418100F6
:10EA600004BFB4101508C01017FF3FE140BE3F506F
:10EA700015FDBFE0062C0000B441810004BFB410B6
:10EA8000170880104400C010B441810004BFB410C6
:10EA90001508C01017FF3FE180E0485015FDBFE0AA
:10EAA00006210000B441810004BFB4101708801093
:10EAB0004400C010B441810004BFB4101508C01058
:10EAC00017FF3FE140F4215015FDBFE0061600009E
:10EAD000B441810004BFB410170880104400C01076
:10EAE000B441810004BFB4101508C01017FF3FE106
:10EAF00000DA265015FDBFE0060B0000B44181008E
:10EB000004BFB410170880104400C010B441810045
:10EB100004BFB4101508C01017FF3FE140253F5057
:10EB200015FDBFE03A88010017FDBFE0A0FDBF1052
:10EB30001E02001017FDBFE0065E000017FEBFE0DA
:10EB400017048010E0FFBF101E4C001017FEBFE03E
:10EB5000170480103AD6061017FEBFE01704801085
:10EB60003AD204100CC0BF103AB0861817FEBFE0AE
:10EB7000170480100CC0BF103A9204103AB08618E7
:10EB800017FEBFE0170480103A9604103AB08418BC
:10EB90002C00FC103400B8002638801817FEBFE0A7
:10EBA0001704C01017FFBFE017068010170E801063
:10EBB0002632801817FEBFE01704C01017FFBFE011
:10EBC00017068010170F8010262C801817FEBFE044
:10EBD0001704C01017FFBFE0170680101710801031
:10EBE0002626801817FFBFE017068010170AC010EE
:10EBF00017FFBFE01706801017108010261F80181F
:10EC00001782A0D00C008110260F00101782A0D010
:10EC10000C808010260C001017FEBFE0430280100D
:10EC2000CC3F80103A880B1074410101041E07216B
:10EC3000407002501782A0D08C0080102602001075
:10EC400017FF3FE1C0A53D5017FEBFE01703C010FE
:10EC500017FFBFE017068010170A001117FFBFE06B
:10EC600017068010150080D88400C00117FEBFE190
:10EC70003A880B203A880918C0964950B44181005F
:10EC800004BFB410170680104400C010B4418100C6
:10EC900004BFB4101506C01084000001C07A2550CE
:10ECA00017FF3FE1C0FA245084000001008725507F
:10ECB000840080003A8837E01701C0DF170000DFCA
:10ECC0000402C0DE3A2800F804F9FFDE1506C0DFB2
:10ECD000150500DF040500DF15FD3FE115FE7FE1AE
:10ECE00015FFBFE115FB3FE017FDBFE02603001055
:10ECF00017FDBFE0170080101E0200103A880500C3
:10ED0000063F00008070255017FFBFE0A001801073
:10ED10001E06001017FDBFE01700801017FE7FE1F0
:10ED20003A88091080F83E5015FBBFE017FBBFE0A2
:10ED30002606001017FBBFE0170280104400C01029
:10ED400017FBBFE01502C010062B000004060001EF
:10ED50008010265015FBBFE017FBBFE01E0300101C
:10ED6000807625503A8805000625000017FFBFE091
:10ED7000A00180101E04001017FDBFE01700C01096
:10ED800017FBBFE01500C01017FBBFE017FEFFE048
:10ED90001501C01017FBBFE04400C0001502C010F1
:10EDA00017FEBFE0172CC01017FBBFE01505C01001
:10EDB00017FEBFE017FBFFE0152CC01017FEBFE0E9
:10EDC000172B80102606001017FEBFE0172B8010AF
:10EDD00017FB3FE13AE83E1015FCBFE006010000DA
:10EDE00015FC3FE017FBBFE0170080102602001063
:10EDF00017FB3FE1404322508076255017FBBFE0D0
:10EE00003A8837E01701C0DF170000DF0402C0DED8
:10EE10003A2800F804FAFFDE1505C0DF150400DF0C
:10EE2000040400DF15FF3FE117FFBFE0170180106A
:10EE300015FEBFE08070255017FFBFE0170280105D
:10EE4000C4FFFF1017FFBFE01502C01017FFBFE09F
:10EE5000170280101E2B001017FEBFE0172C801029
:10EE600015FCBFE00614000017FCFFE017FFBFE031
:10EE70001E05801817FCBFE01705C01017FEBFE085
:10EE8000152CC010060E000017FCBFE01705C010BF
:10EE900017FFBFE01E05801817FFBFE01705C01061
:10EEA00017FCBFE01505C0100605000017FCBFE009
:10EEB0001705801015FCBFE017FCBFE01EEA3F10ED
:10EEC00017FEBFE0172B80102606001017FEBFE0CC
:10EED000172B801017FF3FE13AE83E1015FDBFE009
:10EEE0000601000015FD3FE017FFBFE0170080108E
:10EEF0002602001017FF3FE18068225017FF3FE114
:10EF0000C0132650807625503A8801003A8837E0B1
:10EF10001701C0DF170000DF0402C0DE3A2800F846
:10EF200004FCFFDE150300DF040300DF15FE3FE1F4
:10EF300015FF7FE117FFBFE0172C801015FDBFE024
:10EF40000609000017FDBFE01700C01017FEBFE064
:10EF50001E02801817FDBFE00606000017FDBFE087
:10EF60001705801015FDBFE017FDBFE01EF53F102F
:10EF70003A8805003A8837E0170000DF0401C0DE58
:10EF80003A2800F804FDFFDE1502C0DF150100DF9E
:10EF9000040100DF15FF3FE117B2A0D026040010E6
:10EFA00017B2A0D017FF3FE13AE83E1015FFBFE0CF
:10EFB00017FFBFE01583A0D017FFBFE058008010F7
:10EFC0001E03001074418100042687100602000011
:10EFD00074418100042787103A880D1017FF7FE1E4
:10EFE00074410101042807214070025017FFBFE05F
:10EFF0003A8837E01701C0DF170000DF0402C0DEE7
:10F000003A2800F804FDFFDE1502C0DF150100DF1D
:10F01000040100DF15FF3FE14400800015B3A0D0DC
:10F02000C0D4215017FF3FE180C24B5004FFFFDEE8
:10F03000150000DF3A8839D805B620D015B420D0A5
:10F0400015B520D03A8801003A8837E0170000DF74
:10F050000401C0DE3A2800F804F9FFDE1506C0DF1F
:10F06000150500DF040500DF3A88052015FD7FE166
:10F0700015FEBFE115FFFFE105FCBFE03A8809007E
:10F08000C07A2550040600018010265015FBBFE011
:10F0900017FBBFE01E0A00101782A0D00C018010E1
:10F0A00026030010744101010433072180980250A7
:10F0B0003A8809000087255017FBBFE006170000BB
:10F0C00017FBBFE017FDFFE01501C01017FBBFE005
:10F0D00017FEFFE01502C01017FBBFE003FCFFE0C6
:10F0E0000505C01017FBBFE017FFFFE01503C010B8
:10F0F00017FBBFE01702C0E01504C01017B7E0D03F
:10F1000017FBBFE01500C01017FBBFE015B7A0D07C
:10F110003A8809000087255017FBBFE03A8837E09E
:10F120001701C0DF170000DF0402C0DE3A2800F834
:10F1300004FBFFDE1504C0DF150300DF040300DF5E
:10F1400015FF3FE13A880900C07A255015FD3FE0E0
:10F1500017B7A0D015FEBFE00608000017FEFFE0BD
:10F1600017FFBFE02608801817FEBFE015FDBFE0BF
:10F1700017FEBFE01700801015FEBFE017FEBFE0CE
:10F180001EF63F10060100003A88010017FEBFE09E
:10F190001E040010005325503A88090000872550AE
:10F1A000060D000017FDBFE02604001017FEBFE0AB
:10F1B0001700801015FDBFE00603000017FEBFE03A
:10F1C0001700801015B7A0D017FE3FE1C0132650DE
:10F1D0003A880900008725503A8837E01701C0DFD8
:10F1E000170000DF0402C0DE3A2800F804F6FFDE54
:10F1F0001509C0DF150800DF040800DF15FF3FE137
:10F2000015F93FE015FB3FE017FFBFE01703801043
:10F2100015FCBFE017B7A0D015F8BFE0064C000002
:10F2200017F8BFE01700801015FDBFE017F8BFE02A
:10F2300003058010CC3F80102607001017F8BFE0B0
:10F240000305C01017FCBFE043028010CC3FC0187C
:10F25000CC3F80101E37801817F8BFE017018010D0
:10F260002605001017F8BFE01701C01017FCBFE01B
:10F27000170480101E31801817F8BFE017028010A5
:10F280002605001017F8BFE01702C01017FCBFE0FA
:10F29000170380101E2B801817F8BFE0170380108B
:10F2A0002629001017F9BFE0261F001017F9BFE04C
:10F2B00017038010261C001017FF3FE1C0ED3D50E2
:10F2C00015FEBFE017FEBFE0261700103A880900C0
:10F2D0000087255017F9BFE01703801017F9FFE0EA
:10F2E0001704C0183A880B1817FE3FE13AE83E10A1
:10F2F00015FABFE03A880900C07A255017FABFE036
:10F300002607001084000001C07A255017FE3FE157
:10F31000C0FA245084000001008725500602000036
:10F320004400800015FBBFE017F8BFE015F9BFE00F
:10F33000060500003A880100060300003A88010033
:10F34000060100003A88010017FDBFE015F8BFE094
:10F3500017F8BFE01EB23F1017F9BFE026140010E7
:10F3600017F9BFE017038010261100103A88090032
:10F370000087255017F9BFE01703801017F9FFE049
:10F380001704C0183A880B1817FF3FE13AE83E10FF
:10F3900015FABFE03A880900C07A255017FABFE095
:10F3A0001E0C00104400800015FBBFE006090000A1
:10F3B00084FDBF0015FABFE0B441810004BFB41062
:10F3C000170680104400C010B441810004BFB4107F
:10F3D0001506C01017FBBFE01E070010B4418100E6
:10F3E00004BFB41017088010C4FFFF10B44181009F
:10F3F00004BFB4101508C01017FABFE03A8837E010
:10F400001701C0DF170000DF0402C0DE3A2800F851
:10F4100004FAFFDE1505C0DF150400DF040400DF79
:10F4200015FE3FE115FF7FE117FEBFE04400C0106D
:10F4300084FFBF003A70841815FCBFE017FFBFE0DF
:10F440001E03001017FCBFE00405801015FCBFE090
:10F4500084000001C07A25501780E0D017FCBFE07F
:10F460003A8885183A880910C0C5245015FDBFE0B8
:10F47000840000010087255017FDBFE0260C001016
:10F4800017FFBFE01E0A001017FDBFE01703801032
:10F490000405C01017FDBFE01503C01017FDBFE045
:10F4A0001704801004FBFF1017FDBFE01504C01007
:10F4B00017FDBFE03A8837E01701C0DF170000DF13
:10F4C0000402C0DE3A2800F804FDFFDE1502C0DFAA
:10F4D000150100DF040100DF15FF3FE1840000019A
:10F4E000C07A255017FF3FE1C0FA24508400000184
:10F4F000008725503A8801003A8837E01701C0DFBD
:10F50000170000DF0402C0DE3A2800F804FDFFDE29
:10F51000150200DF040200DF15FF3FE11733A0D022
:10F520001780E0D03AC8C51015FEBFE017FFBFE056
:10F530001E03001017FEBFE004FBBF1015FEBFE066
:10F5400017FEBFE03A8837E0170000DF0401C0DE95
:10F550003A2800F804F8FFDE150700DF040700DF93
:10F5600015FF3FE105FB3FE015FA3FE017B1A0D0E2
:10F5700015F9BFE0063A000017F9BFE01706801042
:10F580002633001017F9BFE0170A801015FDBFE001
:10F5900017F9BFE01700C01017FFBFE03AF0861858
:10F5A00017FDBFE03A7084181E2A001045FB3FE0AB
:10F5B0003400A00015FCBFE00618000017FDBFE0F6
:10F5C0003AD6061017FDBFE03AD204100CC0BF10A7
:10F5D0003AB0861817FDBFE00CC0BF103A92041075
:10F5E0003AB0861817FDBFE03A9604103AB0861874
:10F5F00017FCBFE03A70841815FEBFE017FEBFE0AD
:10F600002603001043FBBFE04400801045FBBFE031
:10F6100017FCBFE07AD0041015FCBFE017FCBFE078
:10F620001EE63F1043FBBFE003FBFFE02E098018FE
:10F6300043FBBFE005FBBFE017F9BFE015FABFE0F1
:10F6400003FBBFE018088010260C00100601000024
:10F650003A88010017F9BFE0040F801015F9BFE0E8
:10F6600017B1E0D0174EA0D0240F80103A8885182B
:10F6700017F9FFE036C0BF18060100003A88010004
:10F6800017FABFE0260300101795E0D017FABFE085
:10F690001509C01017FABFE03A8837E0170000DFFD
:10F6A0000401C0DE3A2800F804F7FFDE1508C0DFC9
:10F6B000150700DF040700DF15FC3FE115FD7FE1C2
:10F6C00015FEBFE115FFFFE115FA3FE017FF3FE12F
:10F6D00040D63B5015FBBFE017FBBFE01E020010F9
:10F6E0003A88050006DB000017B1A0D01E0200100A
:10F6F0003A88050006D7000017FCBFE0260200107C
:10F7000017FDBFE01E2200100053255017FCBFE07C
:10F710003AD6061017FCBFE03AD204100CC0BF1056
:10F720003AB0861817FCBFE00CC0BF103A92041024
:10F730003AB0861817FCBFE03A9604103AB0881821
:10F7400017FDBFE03AD6061017FDBFE03AD204100D
:10F750000CC0BF103AB0861817FDBFE00CC0BF1038
:10F760003A9204103AB0861817FDBFE03A9604109A
:10F770003AB084183A880D103A880B207441010180
:10F78000043C0721407002503A88050006B1000091
:10F7900017B1A0D015F9BFE0066A000017F9BFE065
:10F7A0001700C01017FCBFE01E15801817F9BFE046
:10F7B00017FEFFE01506C0101795E0D017F9BFE05F
:10F7C0001509C01017FFBFE04400C01017F9BFE0D3
:10F7D0001501C01017F9BFE01702C0E01508C010EE
:10F7E00017F9BFE017FDFFE0150AC01017F9BFE0D9
:10F7F00017FBFFE0150EC01017F9BFE006950000DB
:10F8000017FABFE02603001017FABFE017088010B0
:10F810002649001017F9BFE0170680101E050010DA
:10F8200017F9BFE015FABFE017FABFE0150800109E
:10F830000641000074418100048391101702C0E06A
:10F840003A88C5100300001117F9BFE01708C0106F
:10F8500074418100048391103A88C5100300801020
:10F86000CC3FC020CC3F80103633801817FABFE061
:10F870001E03001017F9BFE015FABFE0062E0000C6
:10F8800017F9BFE01708C01074418100048391107C
:10F890003A88C5100300001117FABFE01708C0101E
:10F8A00074418100048391103A88C51003008010D0
:10F8B000CC3FC020CC3F80102E03801817F9BFE04A
:10F8C00015FABFE0061C000017F9BFE01708C010CA
:10F8D00074418100048391103A88C510030000111F
:10F8E00017FABFE01708C01074418100048391101B
:10F8F0003A88C51003008010CC3FC020CC3F801058
:10F900001E0D801817F9BFE01709C01017FABFE0E5
:10F91000170980103A880B103A880918C0812150C5
:10F920003A88071017F9BFE0170980101E028018E7
:10F9300017F9BFE015FABFE017F9BFE0040F801018
:10F9400015F9BFE017B1E0D0174EA0D0240F8010FA
:10F950003A88851817F9FFE03690BF1817FABFE00C
:10F960002629001017FABFE015F9BFE017F9BFE02C
:10F9700017FBFFE0150EC01017F9BFE017FCFFE002
:10F980001500C01017FB3FE1C0E121504400C0103A
:10F9900017F9BFE01501C010B441810004BFB410D5
:10F9A000170180103A88071017F9BFE01502C01040
:10F9B00017F9BFE0C4FFFF001503C01017F9BFE03F
:10F9C000C4FFFF001504C01017F9BFE0C4FFFF001B
:10F9D0001505C01017F9BFE017FEFFE01506C010AF
:10F9E00017F9BFE01702C0E01508C01017FCFFE0D0
:10F9F00017FEBFE03AF0861817FDBFE03A70841892
:10FA00001E070010060200003A88050006110000DB
:10FA100017F9BFE0C400C0001507C01006030000BE
:10FA200017F9BFE00401C0001507C0101795E0D01A
:10FA300017F9BFE01509C01017F9BFE017FDFFE087
:10FA4000150AC01017F9BFE0C4FFFF00150BC01066
:10FA500017F9BFE03A8837E01701C0DF170000DF71
:10FA60000402C0DE3A2800F804F8FFDE1507C0DF04
:10FA7000150600DF040600DF15FD3FE115FE7FE1FE
:10FA800015FFBFE115FB3FE017FFBFE0D8FFBF1038
:10FA90001E02001015FC3FE00603000017FF3FE1C7
:10FAA00040D63B5015FCBFE017B1A0D01E0200109D
:10FAB0003A880500062C000017B1A0D015FABFE067
:10FAC0000622000017FABFE0170680102619001062
:10FAD00017FCBFE02604001017FABFE0170EC01095
:10FAE00017FCBFE01E15801817FABFE01700C01002
:10FAF00017FDBFE03AF0861817FEBFE03A70841891
:10FB00001E070010040F80013A880B0017FA3FE12E
:10FB10008051025017FBBFE04400801015FBBFE08E
:10FB200017B8E0D017FABFE01E05801815B820D02E
:10FB3000060300003A880100060100003A8801002F
:10FB400017FABFE0040F801015FABFE017B1E0D03C
:10FB5000174EA0D0240F80103A88851817FAFFE0BE
:10FB600036D8BF1817FBBFE03A8837E01701C0DF6F
:10FB7000170000DF0402C0DE3A2800F804ECFFDEC4
:10FB80001513C0DF151200DF041200DF15FF3FE17F
:10FB900017FFBFE01703801015F6BFE017F6BFE0B0
:10FBA00003008010CC3F8010CC0380103A88851071
:10FBB0003A8885103A88071017F6BFE03A88C510D2
:10FBC00015F7BFE017F7BFE00B018010CCFFBF10A7
:10FBD0003AD20410CCFFBF10CC3FC01017F7BFE0E3
:10FBE0000B018010CCFFBF103A920410CCFFBF1065
:10FBF0003AB0841815F8BFE017FFBFE01704C01033
:10FC000017F8BFE02E2580181782A0D00C008110B5
:10FC1000261700101782A0D00C4080102614001068
:10FC200017FFBFE01704001117F7BFE00B018010AA
:10FC3000CCFFBF103AD20410CCFFBF10CC3FC01095
:10FC400017F7BFE00B018010CCFFBF103A920410F1
:10FC5000CCFFBF103AB08418040280103A880D100F
:10FC60003A880B2074410101044A07214070025078
:10FC7000B441810004D3B410170280104400C010B6
:10FC8000B441810004D3B4101502C01017FF3FE146
:10FC9000808A405004F8BF00069D010017F7BFE0BE
:10FCA0008B0180100DF9BFE00BF9BFE02658001062
:10FCB00017F8BFE04C0080102604001017F7FFE093
:10FCC00017F8BFE03A8885180500001017FFBFE05D
:10FCD0001707801015FCBFE017F6BFE0170480106F
:10FCE00015FDBFE005FE3FE04404800045FEBFE097
:10FCF00017F7BFE00B0180108DFEBFE004FCBFE0F2
:10FD0000840140013A880910809623503A880710F0
:10FD100017F7BFE08D01C01017F8BFE04400801056
:10FD20007AD004103A880B1017F73FE180962350E1
:10FD30003A3084000DF3BFE00BF3BFE01E02001069
:10FD4000C4FFBF000DF3BFE017F7BFE00BF9FFE002
:10FD50008D01C0100BF3FFE00BF9BFE0262C8018DB
:10FD60001782A0D00C008110261E00101782A0D090
:10FD70000C408010261B00100BF97FE10BF3BFE154
:10FD800017FFBFE017078010CC3FC01117FFBFE07F
:10FD9000170780103AD20410CC3F801017FFFFE005
:10FDA0001707C0183AD40618CC3FC01817FF3FE118
:10FDB000170700213AD60820150200D91501C0D82E
:10FDC000150080D87441010104540721407002508D
:10FDD0001782A0D08C0080102602001017FF3FE190
:10FDE000C0A53D50B441810004D3B4101702801067
:10FDF0004400C010B441810004D3B4101502C010F7
:10FE000017FF3FE1808A405004F8BF000640010020
:10FE100017F73FE14062405017F6BFE00300801043
:10FE2000CC3F8010CC0380103A8885103A8885102A
:10FE30000402801015F4BFE017FFBFE01704C010E4
:10FE400017F4BFE03AC8871817FFBFE01504C010C9
:10FE500017FFBFE01703C01017F4BFE03A888718F8
:10FE600017FFBFE01503C0101782A0D00C0081104F
:10FE7000261F00101782A0D00C408010261C0010F6
:10FE800017FFBFE017078010CC3F801117FFBFE0BE
:10FE9000170780103AD20410CC3FC01117FFBFE003
:10FEA000170780103AD40410CC3F801017FFFFE0F2
:10FEB0001707C0183AD6061817F73FE10B000021C4
:10FEC000CCFF3F2117F77FE18B004029CCFF7F2932
:10FED000150340D9150200D91501C0D8150080D8E6
:10FEE00017F87FE17441010104620721407002505C
:10FEF00017CBA0D015F2BFE006AE000017F2BFE0AE
:10FF00008B018010CCFFBF102607001017F2BFE056
:10FF10008B01C01017F7BFE08B008010CCFFFF18DB
:10FF2000CCFFBF101E99801817F2BFE00B028010A3
:10FF3000CCFFBF102607001017F2BFE00B02C01065
:10FF400017F7BFE00B008010CCFFFF18CCFFBF10ED
:10FF50001E90801817F2BFE01704801026050010CD
:10FF600017F2BFE01704C01017FFBFE0170780109B
:10FF70001E8A801817F6BFE0170480103AD60610C4
:10FF800017F6BFE0170480103AD204100CC0BF105F
:10FF90003AB0861817F6BFE0170480100CC0BF10E7
:10FFA0003A9204103AB0861817F6BFE01704801092
:10FFB0003A9604103AB084182C00FC103400B800B3
:10FFC0001E30801817F2BFE01706801015FABFE048
:10FFD00017F2BFE01705C010F440810004C28B1077
:10FFE0001E28801817FABFE017038010262500107E
:10FFF00017FABFE01703801015FBBFE00DF53FE0D7
:020000040034C6
:10000000061900000BF5BFE017FBFFE0840080102D
:100010003A8885103A8885103A888518170080102C
:100020001701C01017FFBFE0170680101E0B8018C5
:100030000BF5BFE017FBFFE0840080103A888510C5
:100040003A8885103A888518170080101700C0106C
:1000500017F6BFE017048010260980180BF5BFE0E3
:10006000440080100DF5BFE017FBBFE08B0180104E
:10007000CCFFBF100BF5FFE036E2BF18064A0000C8
:100080003A88010017F6BFE0170480103AD6061030
:1000900017F6BFE0170480103AD204100CC0BF104E
:1000A0003AB0861817F6BFE0170480100CC0BF10D6
:1000B0003A9204103AB0861817F6BFE01704801081
:1000C0003A9604103AB084182C00FC103400B800A2
:1000D0002608801817F2BFE01703801026050010CD
:1000E00017F2BFE01703C01017F6BFE01704801027
:1000F0001E2C8018B441810004D3B4101700801066
:100100004400C010B441810004D3B4101500C010E5
:1001100017F2BFE017058010260D00103A8809007D
:100120000087255017F2BFE01705801017F2FFE097
:100130001706C0183A880B1817FF3FE13AE83E103F
:1001400015F4BFE03A880900C07A25500602000085
:1001500044FDBF0015F4BFE017F4BFE0260900100E
:10016000B441810004D3B410170280104400C010C1
:10017000B441810004D3B4101502C01017FF3FE151
:10018000808A405017F4BFE0066100003A88010001
:10019000060500003A880100060300003A880100C5
:1001A000060100003A88010017F2BFE01700801036
:1001B00015F2BFE017F2BFE01E503F1017F6BFE088
:1001C00017048010E0FFBF101E12001017F6BFE0EA
:1001D0001704C01017FFBFE017068010170E80101D
:1001E000260C801817F6BFE01704C01017FFBFE0F9
:1001F00017068010170F80102606801817F6BFE02C
:100200001704C01017FFBFE01706801017108010EA
:100210001E1480181782A0D00C0081102606001032
:100220001782A0D00C4080102603001074410101F9
:10023000046C072180980250B441810004D3B410AB
:10024000170280104400C010B441810004D3B410E0
:100250001502C01017FF3FE1808A405084008000E3
:10026000062B00001782A0D00C008110260F001072
:100270001782A0D00C408010260C001017F7BFE0AA
:100280008B008010CCFFBF103A880B107441010125
:1002900004730721407002501782A0D08C00801098
:1002A0002602001017FF3FE1C0A53D5017F73FE1C0
:1002B0004062405017FFBFE01707C01017FFBFE0B4
:1002C00017068010170A001117FFBFE017068010ED
:1002D000150080D8C400C00117F6BFE13A880B2092
:1002E0003A880918C0964950B441810004D3B4102B
:1002F000170180104400C010B441810004D3B41031
:100300001501C01017FF3FE1808A40508400800033
:100310003A8837E01701C0DF170000DF0402C0DEB3
:100320003A2800F804EFFFDE1510C0DF150F00DFDC
:10033000040F00DF3A8807203A88052815FFBFE13F
:100340000DFDFFE00DFEBFE01782A0D00C41801034
:10035000261A001017FFBFE0170400120BFEBFE1C2
:1003600017FFBFE017078010CC3FC01117FFBFE099
:10037000170780103AD20410CC3F801017FFFFE01F
:100380001707C0183AD40618CC3FC01817FF3FE132
:10039000170700213AD608200BFD7FE1150340D94D
:1003A000150200D91501C0D8150080D83A880B4035
:1003B00074410101047A0721407002503A88090013
:1003C000C07A255017FFBFE01703801004FEFF100E
:1003D00017FFBFE01503C01017FFBFE01703801021
:1003E00015F6BFE017FFBFE017048010040280106D
:1003F00015F7BFE017F7FFE017FFBFE01504C010C7
:1004000017F7BFE04C0080102604001017F7BFE07C
:1004100017F6FFE03A8885180500001017F7BFE0CF
:100420003A88071017F6BFE00D01C01017F6BFE0BD
:100430000BFEFFE00D00C01017F6BFE00BFDFFE064
:100440008D00C01017F63FE14062405017FFBFE03B
:1004500017078010D8FFBF101E0F001017FFBFE056
:10046000170680101E0700100053255017FF3FE1AC
:10047000808A40503A8809000087255084F7BF00E1
:100480000649000017FFBFE017068010170A80100A
:1004900015F5BFE00605000017FFBFE01707801045
:1004A0003A880910809B3D5015F5BFE017F5BFE075
:1004B00015FABFE017FFBFE01707801015FBBFE07C
:1004C00005FC3FE04404800045FCBFE017F6BFE0B8
:1004D0000B0180108DFCBFE004FABFE084014001F5
:1004E0003A880910809623503A88071017F6BFE023
:1004F0008D01C01017F7BFE0440080107AD00510BE
:100500003A880B1017F63FE1809623503A3084006A
:100510003A88071017F6BFE08D01C01017F6BFE04C
:100520008B018010CCFFBF101E03001017F6BFE038
:10053000C4FFFF008D01C01017FFBFE0170380103C
:1005400004FBBF1015F8BFE017F8BFE017F5FFE098
:100550001503C01017FFBFE01707C01017F8BFE062
:100560001504C010B441810004D3B41017038010E7
:100570004400C010B441810004D3B4101503C0106E
:1005800017F7FFE017FFBFE01504C01017FF7FE16A
:100590004404000180963C5015F9BFE03A880900F8
:1005A0000087255017F9BFE03A8837E01701C0DF10
:1005B000170000DF0402C0DE3A2800F804FEFFDE68
:1005C000150100DF040100DF15FF3FE117FFBFE069
:1005D0000B008010CCFFBF103AD204103A880710ED
:1005E00017FFBFE00B008010CCFFBF103A92041041
:1005F0003AB084183A88071017FFBFE00D00C0100A
:1006000017FFBFE08B008010CCFFBF103AD2041060
:100610003A88071017FFBFE08B008010CCFFBF1097
:100620003A9204103AB084183A88071017FFBFE0D6
:100630008D00C01017FFBFE00B018010CCFFBF1072
:100640003AD204103A88071017FFBFE00B01801060
:10065000CCFFBF103A9204103AB084183A880710C1
:1006600017FFBFE00D01C01017FFBFE08B01801026
:10067000CCFFBF103AD204103A88071017FFBFE032
:100680008B018010CCFFBF103A9204103AB084184E
:100690003A88071017FFBFE08D01C0103A880100AB
:1006A0003A8837E0170000DF0401C0DE3A2800F87E
:1006B00004FEFFDE150100DF040100DF0BB9A0D04E
:1006C000CCFFBF10282C81101E0A00101795A0D057
:1006D000CCFF9F100DB9A0D00BB9A0D0CCFFBF109C
:1006E000282C81101E0300100BB9A0D0042C8110FF
:1006F0000DB9A0D017CBA0D015FFBFE0060F0000AA
:1007000017FFBFE08B01C0100BB9A0D0CCFFFF18C2
:10071000CCFFBF101E0680180BB9A0D0440080107B
:100720000DB9A0D017CBA0D015FFBFE03A880100CB
:1007300017FFBFE01700801015FFBFE017FFBFE0F5
:100740001EEF3F100BB9A0D04400C0100DB9E0D08F
:100750003A8837E0170000DF0401C0DE3A2800F8CD
:1007600004FAFFDE1505C0DF150400DF040400DF16
:1007700015FE3FE115FF7FE117FEBFE04402801048
:100780003A88071084FFBF003A70841815FCBFE058
:1007900084000001C07A255017FCBFE00409C01096
:1007A00017FFBFE03A8885183A880910C0C5245061
:1007B00015FDBFE0840000010087255017FDBFE054
:1007C0002610001017FFBFE0BAD0051004078010F4
:1007D00015FCBFE017FDBFE01703C01017FCBFE01A
:1007E0003A88871817FDBFE01503C01017FDBFE05A
:1007F0001704C01017FCBFE03AC8871817FDBFE008
:100800001504C01017FDBFE03A8837E01701C0DFBC
:10081000170000DF0402C0DE3A2800F804FFFFDE04
:10082000150000DF3A8839D81733A0D004F7BF107D
:100830003A8837E0170000DF0401C0DE3A2800F8EC
:1008400004FDFFDE1502C0DF150100DF040100DF3B
:1008500015FF3FE184000001C07A255017FF3FE1FA
:10086000C0FA245084000001008725503A88010016
:100870003A8837E01701C0DF170000DF0402C0DE4E
:100880003A2800F804F8FFDE1507C0DF150600DF80
:10089000040600DF15FF3FE117FFBFE017068010D9
:1008A00015FCBFE017FFBFE01703801015FDBFE088
:1008B00017FDBFE003008010CC3F8010CC038010F8
:1008C0003A8885103A8885103A88071017FDBFE0EE
:1008D0003A88C51015FEBFE017FEBFE00300801088
:1008E000CC3F80106004C0101E030018A0048010CC
:1008F0001E57001006760000B441810004C6B210F5
:10090000170180104400C010B441810004C6B21029
:100910001501C01017FCBFE0172C801015FABFE0BE
:100920000647000017FABFE01700801026400010AD
:1009300017FABFE01700C0101787A0D0263D801817
:1009400017FABFE0170380101E3A0010B44181006F
:1009500004BFB4101702C010B441810004C2B21029
:1009600017008010170A80103AD60810B441810091
:1009700004C2B21017008010170A80103AD2041077
:100980000CC0BF103AB08820B441810004C2B2103C
:1009900017008010170A80100CC0BF103A92041084
:1009A0003AB08820B441810004C2B2101700801010
:1009B000170A80103A9604103AB084203A888718B3
:1009C00017FABFE0170080103AD6081017FABFE0F8
:1009D000170080103AD204100CC0BF103AB0882023
:1009E00017FABFE0170080100CC0BF103A92041035
:1009F0003AB0882017FABFE0170080103A9604102A
:100A00003AB084203A888518840C40013A8809104D
:100A1000809410504400C01017FABFE01503C010B6
:100A20001785A0D0440080101585A0D006010000D5
:100A30003A88010017FABFE01705801015FABFE0E9
:100A400017FABFE01EB73F1015FB3FE0062A000073
:100A5000B441810004C6B210170280104400C010D7
:100A6000B441810004C6B2101502C01017FEBFE0E9
:100A70001701801017FC7FE13A88091080F83E507A
:100A800015FABFE017FABFE0260F001017FABFE013
:100A900017038010260C001017FABFE01503001092
:100AA0001785A0D0C4FFBF101585A0D0B441810028
:100AB00004C6B210170380104400C010B441810076
:100AC00004C6B2101503C01015FB3FE0060A000073
:100AD000B441810004C6B210171080104400C01049
:100AE000B441810004C6B2101510C010C4FFBF008D
:100AF00015FBBFE03A88010084000001C07A255050
:100B000017FF3FE1C0FA2450840000010087255000
:100B100017FBBFE03A8837E01701C0DF170000DF9E
:100B20000402C0DE3A2800F804F9FFDE1506C0DF33
:100B3000150500DF040500DF15FF3FE117FFBFE0EB
:100B40001703801015FCBFE017FCBFE00300801006
:100B5000CC3F8010CC0380103A8885103A888510ED
:100B60003A88071017FCBFE03A88C51015FDBFE0B2
:100B700017FDBFE00300801005FEBFE003FEBFE0ED
:100B8000A004C0101E0E0018C804C0101E030018D8
:100B9000600480101E06001006160000A005C0109C
:100BA0001E070018E00580101E0900100611000045
:100BB00017FF3FE180DE405015FBBFE00617000045
:100BC00017FF3FE140CB405015FBBFE0061300008C
:100BD000B441810004C6B210170980104400C0104F
:100BE000B441810004C6B2101509C01015FB3FE0E6
:100BF000060A0000B441810004C6B2101715801027
:100C00004400C010B441810004C6B2101515C010D4
:100C1000C4FFBF0015FBBFE03A880100840000015B
:100C2000C07A255017FF3FE1C0FA2450840000012C
:100C30000087255017FBBFE03A8837E01701C0DF77
:100C4000170000DF0402C0DE3A2800F804F9FFDED6
:100C50001506C0DF150500DF040500DF15FF3FE1C5
:100C600017FFBFE01706801015FBBFE017FFBFE0BE
:100C70001703801015FCBFE017FCBFE003008010D5
:100C8000CC3F8010CC0380103A8885103A888510BC
:100C90003A88071017FCBFE03A88C51015FDBFE081
:100CA00017FDBFE01701801017FB7FE13A8809109C
:100CB00080F83E5015FEBFE017FEBFE0262300106F
:100CC00017FEBFE0170380102618001017FBBFE0C7
:100CD000032D8010CC3F80102605001017FDBFE0CB
:100CE00003008010CC3F8010A00580101E1E001055
:100CF00017FEBFE0150300101785A0D0C4FFBF107A
:100D00001585A0D017FEBFE005040010B441810096
:100D100004C6B210170780104400C010B44181000F
:100D200004C6B2101507C010060F0000B4418100C0
:100D300004C6B210170880104400C010B4418100EE
:100D400004C6B2101508C01006070000B4418100A7
:100D500004C6B210171380104400C010B4418100C3
:100D600004C6B2101513C0103A8805003A8837E05F
:100D70001701C0DF170000DF0402C0DE3A2800F8C8
:100D800004F8FFDE1507C0DF150600DF040600DFEC
:100D900015FF3FE117FFBFE01706801015FCBFE00D
:100DA00017FFBFE01703801015FDBFE017FDBFE080
:100DB00003008010CC3F8010CC0380103A8885104F
:100DC0003A8885103A88071017FDBFE03A88C510A9
:100DD00015FEBFE017FEBFE043008010CC3F80103F
:100DE0001E12001017FCBFE04400C000052DC0100B
:100DF0001795E0D017FCBFE0152EC010B44181005C
:100E000004C6B210170480104400C010B441810021
:100E100004C6B2101504C010840C80000DFABFE0A7
:100E20004400800085FABFE0061D000017FEBFE009
:100E3000170180101E0A0010B441810004C6B210D0
:100E4000170580104400C010B441810004C6B210E0
:100E50001505C0104400800085FABFE006080000B8
:100E6000B441810004C6B210170680104400C010BF
:100E7000B441810004C6B2101506C01085FA3FE0E7
:100E800017FEBFE043008010CC3F8010640180104B
:100E9000840240013A880910C07E10500DFABFE06C
:100EA00083FABFE02617001017FCBFE0172C801054
:100EB00015FBBFE00610000017FBBFE01700801015
:100EC0002609001017FBBFE01700C0101787A0D03D
:100ED000260680180BFABFE03A880B1017FB3FE19B
:100EE00040FD4050060100003A88010017FBBFE0BA
:100EF0001705801015FBBFE017FBBFE01EEE3F108B
:100F00000614000017FEBFE01701801017FC7FE1F8
:100F10003A88091080F83E5015FBBFE017FBBFE090
:100F2000260500100BFABFE03A880B1017FB3FE1D3
:100F300040FD405006070000B441810004C6B210D5
:100F4000171280104400C010B441810004C6B210D2
:100F50001512C0103A8805003A8837E01701C0DF43
:100F6000170000DF0402C0DE3A2800F804FCFFDEB0
:100F70001503C0DF150200DF040200DF15FE3FE1AC
:100F80003A8805280DFFBFE017FEBFE01703801069
:100F90000BFFFFE03603801817FEBFE01703801039
:100FA0001E3D001017FEBFE0170380101E03001047
:100FB0001785A0D0440080101585A0D0B4418100D1
:100FC00004BFB4101702C010B441810004C2B210B3
:100FD00017008010170A80103AD60810B44181001B
:100FE00004C2B21017008010170A80103AD2041001
:100FF0000CC0BF103AB08820B441810004C2B210C6
:1010000017008010170A80100CC0BF103A9204100D
:101010003AB08820B441810004C2B2101700801099
:10102000170A80103A9604103AB084203A8887183C
:1010300017FEBFE0170080103AD6081017FEBFE079
:10104000170080103AD204100CC0BF103AB08820AC
:1010500017FEBFE0170080100CC0BF103A920410BA
:101060003AB0882017FEBFE0170080103A960410AF
:101070003AB084203A8885180BFFFFE03A880B18B5
:101080003A880910809410504400C01017FEBFE049
:101090001503C0103A8801003A8801003A8837E009
:1010A0001701C0DF170000DF0402C0DE3A2800F895
:1010B00004FBFFDE150400DF040400DF15FF3FE141
:1010C00017FFBFE003008010CC0380103A88851022
:1010D0003A88851004FBBF1005FDBFE003FDBFE0AB
:1010E000263E001017FFBFE00405801015FCBFE08E
:1010F0000638000017FCBFE003008010CC0780100A
:1011000085FDBFE083FDBFE06000C0101E07001832
:101110002005C0101E0800181E200010440080008A
:1011200045FDBFE03A880500062D00004400800020
:1011300045FDBFE0061F000017FCBFE015FEBFE045
:1011400017FEBFE0170080103AD6061017FEBFE06A
:10115000170080103AD204100CC0BF103AB08618A5
:1011600017FEBFE0170080100CC0BF103A920410A9
:101170003AB0861817FEBFE0170080103A960410A8
:101180003AB086183401A5001E0280184400800081
:10119000061300003A8805000611000017FCBFE0A6
:1011A00044008010030080108400801045FDBFE0E3
:1011B0003A88010043FDBFE017FCFFE03A8885183C
:1011C00015FCBFE003FDFFE043FDBFE03AC8851812
:1011D00005FDBFE003FDBFE01EC63F103A880500D5
:1011E0003A8837E0170000DF0401C0DE3A2800F833
:1011F00004FCFFDE150300DF040300DF15FE3FE102
:1012000015FF7FE10DFD3FE00BFDFFE0B4418100E4
:1012100004C2B2103A88C7183A88C7183A88C5106D
:101220001700C01017FFBFE01500C01017FEBFE089
:101230001E2E00100DFD3FE0061600000BFDFFE026
:10124000B441810004C2B2103A88C7183A88C7185E
:101250003A88C51017008010172B8010260A00103E
:101260000BFDFFE0B441810004C2B2103A88C718F8
:101270003A88C7183A88C5101700C01017FFBFE09A
:101280001500C010062200000BFDBFE044008010D6
:101290000DFDBFE00BFDFFE01783A0D036E7BF18C0
:1012A000061B00000BFDBFE0440080100DFDBFE0F9
:1012B0000BFDFFE01783A0D03603801817FFBFE0B7
:1012C00015000010061200000BFDFFE0B441810084
:1012D00004C2B2103A88C7183A88C7183A88C510AD
:1012E0001700C01017FFBFE01500C01017FFBFE0C8
:1012F000170080102606001017FFBFE017008010AF
:10130000170AC01017FEBFE01EE6BF180600000057
:101310003A8801003A8837E0170000DF0401C0DE98
:101320003A2800F804F3FFDE150CC0DF150B00DFD0
:10133000150A00DC040B00DF15FC3FE115FD7FE121
:1013400015FEBFE115F53FE015FB3FE017FDBFE0DF
:101350001703801015F7BFE017FDBFE004038010EE
:1013600015F8BFE017F7BFE01E14001004160001C7
:101370008010265015F7BFE017F7BFE01E020010DF
:10138000441A80000653010017F8BFE017F7FFE08A
:101390001500C01017F7BFE01500001017F7BFE0E9
:1013A0004400C0000501C01017F7BFE04400C000B2
:1013B0004501C01017F7BFE08D01001017FCBFE01A
:1013C000C4FDBF106801C0101E260118BA90061097
:1013D00034418100041385103A8885181700801065
:1013E0003A68001060140405C8140405DC140405F0
:1013F00010150405E416040517FEBFE01700801061
:1014000015F9BFE017F9BFE01E03001017F7BFE0A2
:10141000150000100617010004FBBFE03A880B100E
:1014200017F93FE18025415017FBBFE0260300106C
:1014300017FBBFE0172B80101E030010441F800015
:1014400015F5BFE0060B010017F9BFE026080110F3
:1014500017FBFFE017F7BFE01500C01006040100FE
:1014600017FEBFE00300C01017F7BFE00501C01072
:101470000600010017FEBFE003008010CC3F801083
:10148000B00080101E0300108405800015F5BFE039
:1014900006F8000017FEBFE00300C01017F7BFE01A
:1014A0004501C01006F3000017FEBFE015FABFE0CB
:1014B00017FABFE0170080103AD6061017FABFE0FF
:1014C000170080103AD204100CC0BF103AB0861832
:1014D00017FABFE0170080100CC0BF103A9204103A
:1014E0003AB0861817FABFE0170080103A96041039
:1014F0003AB084182C00FC103400B8002603801881
:101500008405800015F5BFE006DA000017FABFE099
:101510001701801004FBFFE03A880B183A88091085
:101520008025415017FBBFE02603001017FBBFE0EA
:10153000172B80101E030010441F800015F5BFE01C
:1015400006CC00000DF63FE0061800000BF6BFE0E9
:1015500017F7FFE0840080103A8885103A888510DC
:101560003A888518170080101701C01017FBBFE0DC
:101570001E0B80180BF6BFE017F7FFE08400801009
:101580003A8885103A8885103A88851817008010A7
:101590001700C01017FABFE0170080102609801846
:1015A0000BF6BFE0440080100DF6BFE017F7BFE078
:1015B0008B018010CCFFBF100BF6FFE036E3BF18A5
:1015C000060100003A88010017F7BFE08B01801088
:1015D000CCFFBF100BF6FFE02E038018041C800028
:1015E00015F5BFE006A300000BF6BFE0180580105C
:1015F0001E0300104420800015F5BFE0069D00008A
:101600000BF63FE417FABFE017FBFFE0040180018F
:101610003A880B183A88091000D33E503A880910CE
:1016200017F7FFE0840080803A8885103A8885109B
:101630003A8885181500001117F7FFE084008080B4
:101640003A8885103A8885103A88851817008010E6
:101650001E030010441A800015F5BFE00685000047
:1016600017F7BFE08B018010440080103A88071004
:1016700017F7BFE08D01C010067E000017FEBFE027
:1016800015FABFE017FABFE0170080103AD606102F
:1016900017FABFE0170080103AD204100CC0BF1038
:1016A0003AB0861817FABFE0170080100CC0BF10C0
:1016B0003A9204103AB0861817FABFE0170080106B
:1016C0003A9604103AB084182C00FC103400B8008C
:1016D000260380188405800015F5BFE0066500002C
:1016E00017FABFE01701801004FBFFE03A880B18DF
:1016F0003A8809108025415017FBBFE01E030010F7
:10170000441F800015F5BFE0065A00000DF63FE0CB
:10171000061A000017FBBFE0260A00100BF6BFE018
:1017200017F7FFE0840080103A8885103A8885100A
:101730003A888518170080101701C01017FBBFE00A
:101740001E0B80180BF6BFE017F7FFE08400801037
:101750003A8885103A8885103A88851817008010D5
:101760001700C01017FABFE0170080102609801874
:101770000BF6BFE0440080100DF6BFE017F7BFE0A6
:101780008B018010CCFFBF100BF6FFE036E1BF18D5
:10179000060100003A88010017F7BFE08B018010B6
:1017A000CCFFFF100BF6BFE01E038018441F800023
:1017B00015F5BFE0062F00000BF6BFE017F7FFE0BE
:1017C000840080103A8885103A8885103A888518F8
:1017D000170080103A880910C0E73E500BF6BFE0B2
:1017E000440080100DF6BFE0061200000BF6BFE0CB
:1017F000C4FF7F110BF6BFE017F7FFE084008010F5
:101800003A8885103A8885103A8885181700C010E4
:1018100017F73FE1840080283A8885103A888510C0
:101820003A8885201500C0100BF6BFE044008010F8
:101830000DF6BFE017F7BFE08B018010CCFFBF10A3
:101840000BF6FFE036E9BF1817F7BFE08B018010F9
:10185000C4FFBF103A88071017F7BFE08D01C01012
:1018600006040000C417800015F5BFE00601000063
:101870003A88010017F7BFE0170080101E1400100F
:1018800017F7BFE003018010CC3F80105800801094
:101890001E0F001017F7BFE043018010CC3F8010EF
:1018A000580080101E0A001017F7BFE08B0180104F
:1018B000CCFFBF101E06001017F8BFE01700801005
:1018C0003A880910C013265017F8BFE01500001021
:1018D00017F5BFE004FFFFE61702C0DF170100DFC6
:1018E000170000DC0403C0DE3A2800F804F8FFDE2D
:1018F000150700DF040700DF15FD3FE115FE7FE15E
:1019000015FFBFE117FEBFE01703801015F9BFE018
:1019100017FDBFE0A002C0101E150018E002C010A5
:101920001E21001860028010262D001017FFBFE056
:1019300015FABFE017F9BFE02603001017F9BFE062
:10194000170080101E03001017FABFE015000010EA
:101950000605000017F9BFE017008010170AC01035
:1019600017FABFE01500C0103A880500061D0000F8
:1019700017FFBFE015FBBFE017F9BFE01E04001022
:1019800017FBBFE04400C0000500C01006040000C3
:1019900017F9BFE00301C01017FBBFE00500C0103E
:1019A0003A880500060F000017FFBFE015FCBFE0F6
:1019B00017F9BFE01E04001017FCBFE04400C00090
:1019C0000500C0100604000017F9BFE04301C01075
:1019D00017FCBFE00500C0103A88050006010000B2
:1019E000C41780003A8837E0170000DF0401C0DE2A
:1019F0003A2800F804FCFFDE1503C0DF150200DF03
:101A0000040200DF15FF3FE117FFBFE026150010BD
:101A10000DFE3FE0060C00000BFEBFE017FFFFE0ED
:101A2000840080103A8885103A8885103A88851895
:101A3000170080103A880910C0E73E500BFEBFE047
:101A4000440080100DFEBFE017FFBFE08B01801047
:101A5000CCFFBF100BFEFFE036EFBF1817FF3FE1D2
:101A6000C01326503A8801003A8837E01701C0DFDA
:101A7000170000DF0402C0DE3A2800F804FEFFDE93
:101A80001501C0DF150000DF3A8839D87441010123
:101A900004840721809802503A8801003A8837E090
:101AA0001701C0DF170000DF0402C0DE3A2800F88B
:101AB00004DEFEDE1521C1DF152001DF042001DF79
:101AC00015FF3FE1F4DC9C004453991015F2BFE090
:101AD0007419880044D8991015F3BFE0749B9800DE
:101AE000845B9D1015F4BFE0B40E880044999C10EF
:101AF00015F5BFE0340888000408881015F6BFE02B
:101B0000340888000408881015F7BFE034088800FE
:101B10000408881015F8BFE0040880000DF9BFE044
:101B20003A880D008400400184000001C03C285028
:101B300015E3BEE017E3BEE0D8FFBF101E0900109A
:101B400017E33EE1809329503A880D10744141011A
:101B50000489472917FF3FE1C0F7235044000001E3
:101B600080C24B504400800015FABFE004FAFFE049
:101B700004018000150080D83A880F180401800104
:101B8000C4FF7F0117E33EE1C0DA285015E4BEE050
:101B900017E4BEE0D8FFBF101E07001017E33EE1B8
:101BA000809329503A880D107441410104904729CF
:101BB00017FF3FE1C0F72350840080000DE6BEE030
:101BC00015E73EE04403A0008DE6BEE004E6BEE07B
:101BD000040480013A880B1017E33EE1C04428500A
:101BE00015E4BEE017E4BEE0D8FFBF101E060010EB
:101BF00017E33EE1809329503A880B1074410101AC
:101C0000049C0721407002507441810104A3873174
:101C10007441410104A6472917FF3FE1C0F7235053
:101C20007441010104A3072140D9425015FBBFE0D4
:101C3000B44181000402B210170A801015FCBFE005
:101C400004FBFFE004028000150080D83A880F18DA
:101C5000040380013A880B0017E33EE1C0DA285004
:101C600015E4BEE017E4BEE0D8FFBF101E07001069
:101C700017E33EE1809329503A880D1074414101E9
:101C800004AE472917FF3FE1C0F723508078245066
:101C90007441810104BB87317441410104A6472985
:101CA00017FF3FE1C0F723507441010104BB072136
:101CB00040D9425015FBBFE0B44181000402B2108C
:101CC000170A801015FCBFE004FBFFE0040280004F
:101CD000150080D83A880F18040380013A880B0059
:101CE00017E33EE1C0DA285015E4BEE017E4BEE099
:101CF000D8FFBF101E07001017E33EE18093295064
:101D00003A880D107441410104AE472917FF3FE1A5
:101D1000C0F72350807824507441810104BE87317C
:101D20007441410104A6472917FF3FE1C0F7235042
:101D30007441010104BE072140D9425015FBBFE0A8
:101D4000B44181000402B210170A801015FCBFE0F4
:101D500004FBFFE004028000150080D83A880F18C9
:101D6000040380013A880B0017E33EE1C0DA2850F3
:101D700015E4BEE017E4BEE0D8FFBF101E07001058
:101D800017E33EE1809329503A880D1074414101D8
:101D900004AE472917FF3FE1C0F723508078245055
:101DA0008400800005FDBFE004FDFFE044008000EA
:101DB000150080D83A880F18840280013A880B00F9
:101DC00017E33EE1C0DA285015E4BEE017E4BEE0B8
:101DD000D8FFBF101E07001017E33EE18093295083
:101DE0003A880D107441410104C1472917FF3FE1B2
:101DF000C0F723504400800005FDBFE004FDFFE074
:101E000044008000150080D83A880F18C402800171
:101E10003A880B0017E33EE1C0DA285015E4BEE033
:101E200017E4BEE0D8FFBF101E07001017E33EE125
:101E3000809329503A880D107441410104CE4729FE
:101E400017FF3FE1C0F72350840080000DEABEE099
:101E50007441010104BB072140D9425015EBBEE09B
:101E60004403A0008DEABEE07441810104BB8731C8
:101E70007441410104DB472917FF3FE1C0F72350BC
:101E800015E23EE006860000174FA0D04400C010C7
:101E9000154FE0D004F2FFE00404C0183A880D109A
:101EA0007441410104EA47293A880918C0A7025041
:101EB00004F2FFE004048000150180D804EABEE0CB
:101EC000150080D83A880F00840780013A880B18E3
:101ED00017E33EE18031295015E4BEE017E4BEE08F
:101EE0000E08001017E33EE1809329503A880D1048
:101EF0007441410104EB472917FF3FE1C0F723502C
:101F0000066A00004400800015FABFE004FAFFE012
:101F100004018000150080D83A880F1884058401D8
:101F2000C4FF7F0117E33EE1C0DA285015E4BEE0AC
:101F300017E4BEE0D8FFBF101E07001017E33EE114
:101F4000809329503A880D107441410104F34729C8
:101F500017FF3FE1C0F723501795A0D0047D8010F4
:101F600015E5BEE0063400000404800015FEBFE065
:101F70008078245004F2FEE004FEBFE0150180D812
:101F800004EEBEE0150080D83A880F0004008101FD
:101F90003A880B1817E33EE1801D295015E4BEE096
:101FA00017E4BEE00E0C001017E33EE180932950C9
:101FB000E00280101E08001017E33EE180932950D4
:101FC0003A880D107441410104FF472917FF3FE192
:101FD000C0F723500635000017E4BEE00E1680005F
:101FE00017EFBEE03A88091080BA23503A880910EA
:101FF0008BEEBEE0CCFFBF103AD20410CCFFBF1076
:10200000CC3FC0108BEEBEE0CCFFBF103A92041064
:10201000CCFFBF103AB0861804F2BEE0150080D89D
:102020003A880F183A880D20744141010407482965
:1020300017FF3FE1C0F723501795E0D017E5BEE04A
:1020400036C9BF1805FD3FE004FDFFE044008000F5
:10205000150080D83A880F1884058401C4FF7F01D9
:1020600017E33EE1C0DA285015E4BEE017E4BEE015
:10207000D8FFBF101E07001017E33EE180932950E0
:102080003A880D1074414101040E482917FF3FE1C1
:10209000C0F7235017E2BEE04400801015E2BEE016
:1020A00017E2BEE0D00080101E773F10744101019E
:1020B00004A3072140D9425015FBBFE0B441810081
:1020C0000402B210170A801015FCBFE004FBFFE009
:1020D00004028000150080D83A880F18440380015C
:1020E0003A880B0017E33EE1C0DA285015E4BEE061
:1020F00017E4BEE0D8FFBF101E07001017E33EE153
:10210000809329503A880D1074414101041A4829DE
:1021100017FF3FE1C0F7235017E33EE1807E2950CF
:1021200015E4BEE017E4BEE0D8FFBF101E070010A4
:1021300017E33EE1809329503A880D107441410124
:102140000427482917FF3FE1C0F723503A880500CC
:102150003A8837E01701C0DF170000DF0402C0DE55
:102160003A2800F804F6FFDE1509C0DF150800DF85
:10217000040800DF15F93FE00044435015FABFE0C2
:1021800017FABFE026050010744101010430082150
:102190008098025044000001C0063F501795A0D01F
:1021A00015FBBFE015F83FE006500000B441810088
:1021B00004C2B21017F8FFE03A88C7183A88C71867
:1021C0003A88C5101700801026420010B4418100E3
:1021D00004C2B21017F8FFE03A88C7183A88C71847
:1021E0003A88C51017008010172A80100C40801004
:1021F000263A0010B441810004D7B41017F8FFE06C
:10220000240FC0183A88C510040E801017008010E3
:102210001E04001034414101040C492917F83FE124
:10222000004F4350B441810004C2B21017F8FFE0E0
:102230003A88C7183A88C7183A88C510170080101E
:10224000170AC01017F8BFE03A8885103A88851041
:1022500004F83FE13A888520040480101500C0107E
:1022600017F8BFE03A8885103A88851004F8FFE037
:102270003A88851804048010170080101E0400108E
:102280004400400117F83FE180DE4550060300009E
:102290003A880B0017F83FE180DE45500066455054
:1022A00015FABFE017FABFE02606001017F87FE125
:1022B00074410101043908214070025044000001BA
:1022C000C0063F5017F9BFE04400801015F9BFE089
:1022D000060300003A880100060100003A88010068
:1022E00017F8BFE04400801015F8BFE017F8BFE012
:1022F000100180101EAD3F1017F9BFE0262C001012
:102300000602000080782450804721501795E0D0C5
:1023100017FBBFE03AC8851828B28C101E020010C7
:1023200000E4455026F73F1000E445501E21001000
:1023300074410101044308218098025015F83FE0E0
:102340000617000017F83FE180EC45501E11001001
:1023500017F83FE100BB4550B441810004C2B21000
:1023600017F8FFE03A88C7183A88C7183A88C510A6
:102370001700C01017F8BFE03A8885103A8885101A
:1023800004F83FE13A88852004048010170080108B
:10239000150A801817F8BFE04400801015F8BFE058
:1023A00017F8BFE0100180101EE63F100601000084
:1023B0003A8801003A8837E01701C0DF170000DFD4
:1023C0000402C0DE3A2800F804FCFFDE1503C0DF7B
:1023D000150200DF040200DF15FE3FE115FF7FE17B
:1023E00017FFBFE0980180101E360010B441810035
:1023F00004C2B21017FEFFE03A88C7183A88C7181F
:102400003A88C51017008010040180103A880B101C
:10241000744101010451082140700250B44181000F
:1024200004C2B21017FEFFE03A88C7183A88C718EE
:102430003A88C51017008010170A80103A880910D2
:1024400080BA23503A880B1074410101045F0821BF
:1024500040700250B441810004C2B21017FEFFE088
:102460003A88C7183A88C7183A88C51017008010EC
:10247000170C80103A88091080BA23503A880B1044
:10248000744101010464082140700250B44181008C
:1024900004C2B21017FEFFE03A88C7183A88C7187E
:1024A0003A88C51017008010170D80103A8809105F
:1024B00080BA23503A880B10744101010469082145
:1024C000407002503A8805003A8837E01701C0DFB3
:1024D000170000DF0402C0DE3A2800F804FFFFDE28
:1024E000150000DF3A8839D817CEE0D0744181005A
:1024F000048691101500C01074418100048691106B
:1025000015CEA0D017D0E0D074418100048F911077
:102510001500C0107441810004B0911015D0A0D0F6
:102520003A8805003A8837E0170000DF0401C0DE72
:102530003A2800F804FDFFDE150200DF040200DF88
:1025400015FE3FE115FF7FE13A8805003A8837E044
:10255000170000DF0401C0DE3A2800F804FEFFDEA9
:10256000150100DF040100DF15FF3FE13A8801009B
:102570003A8837E0170000DF0401C0DE3A2800F88F
:1025800004F7FFDE1508C0DF150700DF040700DFD2
:1025900015FC3FE115FD7FE115FEBFE115FFFFE1F1
:1025A0003408800015FABFE017FFBFE026070010CF
:1025B00017FFBFE0170180102604001017FFBFE0CF
:1025C000170180101707801015FABFE017FFBFE052
:1025D000170280103A88071017FFBFE0170180101C
:1025E000170680103AC8851815FBBFE017FEFFE0FC
:1025F00017FDBFE03A38851815F9BFE017FBFFE07B
:1026000017F9BFE03A88851817FAFFE02E04801802
:1026100017FAFFE017FBBFE03AC8851815F9BFE0CD
:1026200017FBFFE017FABFE02E05801817F9BFE08F
:10263000ECFFBF101E02001017F9BFE01E020010D1
:102640003A8805000620000017FFBFE01701801040
:102650008B058010CCFFBF101C00A0100400A01040
:102660001610001017FFBFE0170180100301801043
:10267000CC3F80101C20801004E0BF10581B80103D
:102680001E08001017FFBFE01702C01034088000BA
:102690003A88851817F9BFE13A880B1017FC3FE11B
:1026A0004027025017FFBFE01702C01017F9BFE024
:1026B0003A88871817FFBFE01502C01017FD7FE1A9
:1026C00017F93FE1408E10503A8837E01701C0DF1C
:1026D000170000DF0402C0DE3A2800F804FBFFDE2A
:1026E000150400DF040400DF15FC3FE115FD7FE168
:1026F00015FEBFE115FFFFE117FFBFE017018010D6
:1027000003018010CC3F80101C20801004E0BF101B
:10271000581B80101E0200103A88050006090000B0
:1027200017FFBFE01702C01017FE3FE117FDBFE023
:102730003A3885203A88871817FFBFE01502C01085
:1027400017FEBFE03A8837E0170000DF0401C0DE63
:102750003A2800F804FCFFDE150300DF040300DF65
:1027600015FD3FE115FE7FE115FFBFE13A88050049
:102770003A8837E0170000DF0401C0DE3A2800F88D
:1027800004FEFFDE150100DF040100DF15FF3FE15D
:10279000340880003A8837E0170000DF0401C0DE0B
:1027A0003A2800F804FCFFDE150300DF040300DF15
:1027B00015FF3FE115FD3FE017FFBFE01702801056
:1027C0003A88071017FFBFE0170180101706801026
:1027D0003AC8851815FEBFE017FFBFE0170180104B
:1027E0001707801017FEFFE036028018C4FFBF00F5
:1027F000061A000017FFBFE0170180108B0580103C
:10280000CCFFBF101C00A0100400A010160D00107B
:1028100017FFBFE01701801003018010CC3F80102C
:102820001C20801004E0BF10581B80101E050010F3
:1028300017FFBFE01702801003008010CC3F80100C
:1028400015FDBFE017FFBFE0170280104400C01065
:1028500017FFBFE01502C01017FDBFE03A8837E050
:10286000170000DF0401C0DE3A2800F804FEFFDE96
:10287000150100DF040100DF15FF3FE13A88050084
:102880003A8837E0170000DF0401C0DE3A2800F87C
:1028900004FCFFDE1503C0DF150200DF040200DFC9
:1028A00015BC20D0807E3A5015FFBFE015FE3FE0FA
:1028B000061A000017FEBFE02406C0107441810014
:1028C00004BB91103A8885183A880910808F2550EA
:1028D00015FFBFE017FFBFE0260D00107441010196
:1028E000047408218098025017FEBFE0240680106F
:1028F0000401C0107441810004BB91103A8885180E
:102900003A88091040D62350C4FFBF0006130000C8
:1029100017FEBFE04400801015FEBFE01751A0D0A5
:1029200017FEFFE016E3BF18C0833A5015FFBFE063
:1029300017FFBFE02608001074410101047408214C
:1029400080980250744101010479082140D6235037
:10295000C4FFBF00060100003A8805003A8837E04E
:102960001701C0DF170000DF0402C0DE3A2800F8BC
:1029700004FCFFDE1503C0DF150200DF040200DFE8
:1029800015FF3FE100453A504400800015BCA0D03F
:102990001798A0D004FEBFE1041940013A8809103D
:1029A00080C3185003FEBFE0CC3F80102605001006
:1029B00003FEBFE0CC3F8010A00280101E0100107B
:1029C0000053255017BAA0D04400801015BAA0D0EB
:1029D000B441810004FDB1101702801026EC3F10B5
:1029E0008047215006EA3F0004FDFFDE1502C0DFEC
:1029F000150100DF040100DF15FF3FE106030000C1
:102A00000066455084000001C0A31A5017BCA0D036
:102A100026FB3F1084000001C0A31A5017BBA0D0B2
:102A20004400801015BBA0D0409F485006F93F00DD
:102A300004F6FFDE1509C0DF150800DF040800DF1B
:102A400015FD3FE115FE7FE115FFBFE115F93FE000
:102A500074418100047B881015FABFE017FFBFE0C6
:102A600015F8BFE00625000017F8BFE0030080104E
:102A7000CC3F80101C20801004E0BF10880E801016
:102A80001E0E001017F8BFE003008010CC3F80102E
:102A90001C20801004E0BF10900B80101E07001057
:102AA00017F8BFE003008010CC3F80101C2080107E
:102AB00004E0BF10D80B80101E0300107441810089
:102AC000048488100694000017F8BFE0030080100B
:102AD000CC3F80101C20801004E0BF10980B8010A9
:102AE0001E03001017F9BFE04400801015F9BFE085
:102AF00017F8BFE04400801015F8BFE017F8BFE0FA
:102B000003008010CC3F80101C20801004E0BF1018
:102B10001ED53F1017F9BFE00E03800017F9BFE084
:102B2000100180101E03001074418100048F881072
:102B30000679000017FFBFE015F8BFE017F83FE186
:102B400000C14B5015FBBFE017FBBFE010408010E9
:102B50001E02001017FABFE0066F000017FBBFE06F
:102B600005FCBFE00603000017F8BFE0440080103A
:102B700015F8BFE017F8BFE003008010CC3F8010CD
:102B80001C20801004E0BF10980B80101EF63F1030
:102B900017F8BFE04400801015F8BFE017F9BFE058
:102BA000600080101E03001017F9BFE0980080102D
:102BB0001E02001045FC3FE00618000017F83FE138
:102BC00000C14B5015FBBFE00603000017F8BFE043
:102BD0004400801015F8BFE017F8BFE00300801034
:102BE000CC3F80101C20801004E0BF10980B801098
:102BF0001EF63F1017F8BFE04400801015F8BFE044
:102C000017FBBFE0104080101E02001017FABFE053
:102C10000641000017FBBFE045FCBFE017F9BFE02D
:102C2000580080101E02001085FC3FE006180000CE
:102C300017F83FE100C14B5015FBBFE00603000051
:102C400017F8BFE04400801015F8BFE017F8BFE0A8
:102C500003008010CC3F80101C20801004E0BF10C7
:102C6000980B80101EF63F1017F8BFE0440080104C
:102C700015F8BFE017FBBFE0104080101E020010E7
:102C800017FABFE00624000017FBBFE085FCBFE099
:102C900017F83FE100C14B5015FBBFE017FBBFE049
:102CA000104080101E02001017FABFE0061A000044
:102CB00017FBBFE0C5FCBFE003FCBFE0CC3F8010CA
:102CC0001C20801004E0BF101604001017FEBFE0A7
:102CD0000402C0001500C010060B000003FCBFE09A
:102CE000CC3F8010283080101E04001017FEBFE07B
:102CF0000404C0001500C0100603000017FEBFE06A
:102D00000406C0001500C01017FCFFE017FDBFE06F
:102D10001500C0103A8805003A8837E01701C0DF77
:102D2000170000DF0402C0DE3A2800F804FBFFDED3
:102D30001504C0DF150300DF040300DF15FF3FE1CA
:102D400017FF7FE1744101010466142140EB4B50F1
:102D500004FEBFE074418101046694313A880B108F
:102D600004FD3FE180A942501E02001017FDBFE0A4
:102D7000060100003A8805003A8837E01701C0DFF5
:102D8000170000DF0402C0DE3A2800F804FEFFDE70
:102D9000150100DF040100DF15FF3FE117FFBFE071
:102DA000CC03801015FFBFE017FFBFE08802801042
:102DB0001E03001017FFBFE0040C80100602000085
:102DC00017FFBFE0C40D80103A8837E0170000DF1E
:102DD0000401C0DE3A2800F804F8FFDE1507C0DF62
:102DE000150600DF040600DF15FD3FE115FE7FE15B
:102DF00015FFBFE117FDBFE0980080101E15001001
:102E000004FCFFE004FBBFE017FEBFE13A880B18AB
:102E10003A88091080A9425015FABFE017FABFE0BE
:102E20001E07001004FBBFE0040180013A880B106C
:102E300017FF3FE1402702503A88050006060000D0
:102E400074418100049988101552A0D0440080007C
:102E5000060100003A8805003A8837E01701C0DF14
:102E6000170000DF0402C0DE3A2800F804F8FFDE95
:102E70001507C0DF150600DF040600DF15FC3FE183
:102E800015FD7FE115FEBFE115FFFFE117FCBFE077
:102E9000980080101E10001017FDBFE01700801072
:102EA00015FABFE017FA3FE180BA235015FBBFE0E7
:102EB00017FB3FE1402C03503A88071017FFBFE093
:102EC0002E05801817FB7FE117FE3FE140EB4B50CA
:102ED00017FEBFE0060100003A8805003A8837E097
:102EE0001701C0DF170000DF0402C0DE3A2800F837
:102EF00004FCFFDE1503C0DF150200DF040200DF63
:102F000015FF3FE117FFBFE00B008010CCFFBF10A3
:102F1000980080101E07001017FFBFE015FEBFE0ED
:102F200017FEBFE0170180103A88091080BA2350BD
:102F3000060100003A8805003A8837E01701C0DF33
:102F4000170000DF0402C0DE3A2800F804FBFFDEB1
:102F50001504C0DF150300DF040300DF15FE3FE1A9
:102F600015FF7FE117FFBFE08400C0000D00C01017
:102F700017FEBFE04400801003008010CC3F80109B
:102F80001C20801004E0BF10A00B80101E10001049
:102F900017FEBFE08400801003008010CC3F80103B
:102FA0001C20801004E0BF10A00B80101E08001031
:102FB00017FEBFE0C400801003008010CC3F8010DB
:102FC0001C20801004E0BF10980B80101E0A001017
:102FD00017FFBFE015FDBFE017FE3FE140D94250AB
:102FE0003A88071017FDBFE01501C01017FDBFE0BC
:102FF0008400C0000D00C0103A8805003A8837E010
:103000001701C0DF170000DF0402C0DE3A2800F815
:1030100004FCFFDE150300DF040300DF15FE3FE1C3
:1030200015FF7FE117FEBFE00B008010CCFFBF1043
:10303000980080101E0C001017FEBFE015FDBFE0C9
:1030400017FFBFE03AD20510CC3F80103A88071036
:1030500017FFBFE03A9204103AB084183A8807107C
:1030600017FDBFE08D00C0103A8801003A8837E0B4
:10307000170000DF0401C0DE3A2800F804F9FFDE83
:10308000150600DF040600DF15FF3FE117FFBFE074
:1030900015FABFE004FEBFE015FDBFE015FB3FE001
:1030A0000DFC3FE015FE3FE00631000017FABFE0DF
:1030B00003008010CC3F80101C20801004E0BF1063
:1030C000980B80101E0E001017FBBFE017FDFFE0ED
:1030D0003A8885180BFCFFE00500C0100DFC3FE0AE
:1030E00017FBBFE04400801015FBBFE017FBBFE0FB
:1030F000100180101E1B001017FEBFE00628000004
:1031000017FABFE003008010CC3F80101C20801015
:1031100004E0BF10100C80101E12001017FABFE060
:1031200003008010CC3F80101C20801004E0BF10F2
:10313000880E80101E0B00100BFCBFE0A402801054
:103140003A88071017FABFE003008010CC3F8010C8
:103150001C20801004E0BF103A88851804F4BF10CA
:103160000DFCBFE017FABFE04400801015FABFE085
:1031700017FABFE003008010CC3F80101C208010A5
:1031800004E0BF101EC93F1017FBBFE017FDFFE0B2
:103190003A8885180BFCFFE00500C01017FEBFE061
:1031A0003A8837E0170000DF0401C0DE3A2800F853
:1031B00004F7FFDE1508C0DF150700DF040700DF96
:1031C00015FF3FE115FA3FE005FB3FE017FFBFE0C9
:1031D00003008010CC3F8010CC0380103A8885100B
:1031E0003A8885100DFCBFE017FFBFE08B00801010
:1031F000CCFFBF103AD204103A88071017FFBFE087
:103200008B008010CCFFBF103A9204103AB08418A3
:103210003A8807100BFCBFE03AC885180DF9BFE0EB
:1032200017FFBFE003008010CC3F8010CC0380105C
:103230003A8885103A8885103A88071017FFBFE052
:103240003A88C51015FDBFE017FDBFE00B048010E4
:103250000DFEBFE00BF9BFE0840180103AD20510EB
:10326000CC3F80103A8807100BF9BFE08401801032
:103270003A9204103AB084183A88071017FDBFE05C
:103280000D04C0100BF9BFE04C008010260E00109A
:103290000BFCFFE00BF9BFE03A88851817FFFFE051
:1032A0003A88851815FABFE017FABFE003008010CE
:1032B00005FBBFE017FABFE0050000100BF9BFE007
:1032C000440080100DF9BFE017FDBFE004FEFF10C1
:1032D0000BF9BFE0040280107AD005103A880B1079
:1032E0003A880918809623503A3084008DFBBFE05D
:1032F0008BFBFFE00BFEBFE0260780180BFEFFE014
:10330000D4FFBF001E0480188BFBBFE01E0200101C
:10331000C4FFBF008DFBBFE017FDBFE00BFEFFE069
:103320000D04C01007FBBFE02603001017FABFE032
:1033300003FBFFE00500C0108BFBBFE03A8837E0DD
:103340001701C0DF170000DF0402C0DE3A2800F8D2
:1033500004FAFFDE1505C0DF150400DF040400DFFA
:1033600015FF3FE115FC3FE017FF7FE1840D0001F1
:1033700000FE455015FDBFE017FDBFE02610001010
:1033800017FDBFE04400801015FDBFE017FDBFE052
:103390000300801005FEBFE017FDBFE04400801071
:1033A00015FDBFE017FD3FE14034455015FCBFE07F
:1033B00003FEBFE017FDFFE03A88851815FDBFE06A
:1033C00017FCBFE03A8837E01701C0DF170000DFC5
:1033D0000402C0DE3A2800F804FCFFDE1503C0DF5B
:1033E000150200DF040200DF44FFBF00150080D893
:1033F0003441C101044ECD3904118001C410400193
:103400003A880900000A465015BEA0D017BEA0D0C9
:103410001E02001084FABF000616000015FF3FE0F0
:1034200006100000B441810004D7B41017FFFFE07C
:10343000240FC0183A88C51015000010B44181004F
:1034400004D7B41017FFFFE0240FC0183A88C51046
:10345000040180101500001017FFBFE04400801029
:1034600015FFBFE017FFBFE0100180101EED3F10F9
:103470003A8805003A8837E01701C0DF170000DFFF
:103480000402C0DE3A2800F804FDFFDE150200DF6A
:10349000040200DF15FE3FE115FF7FE1B44181002A
:1034A00004D7B41017FEFFE0240FC0183A88C510E7
:1034B000040E801017FFFFE01500C0103A880100CD
:1034C0003A8837E0170000DF0401C0DE3A2800F830
:1034D00004F5FFDE150AC0DF150900DF150800DC62
:1034E000040900DF15FD3FE115FE7FE117FDBFE098
:1034F0001704801015F8BFE015F73FE017FEBFE096
:1035000060FFBF101E0300100053255044FDBF0094
:1035100006D5010017FDBFE0170680103A88091094
:10352000C0E1215015F9BFE0B441810004D7B410C7
:1035300017F9FFE0240FC0183A88C5101700801053
:103540001E0200108400800006C7010017FDBFE0C6
:103550001703801015FABFE017F8BFE0303B80106A
:103560001E0B001017FABFE003008010CC3F801044
:10357000980080101E06001017FABFE0043B801070
:103580001700C01034D59800C498A01026068018E3
:103590000053255017BFA0D04400801015BFA0D005
:1035A0008400800006B0010017FABFE00407C010D5
:1035B00017FDBFE0170680101717001117FDBFE0B9
:1035C00017068010171180103A880D103A880B20CA
:1035D0003A88091880E34B502602001084008000CE
:1035E00006A1010017FABFE0043C80103A880B10D6
:1035F000440D000100FE455015FBBFE017FBBFE086
:103600002610001017FBBFE003008010CC3F801095
:10361000580D80101E0B001017FBBFE084008010B7
:1036200003008010CC3F801015F7BFE017FABFE011
:1036300003008010140180103A88071017FABFE0C9
:103640000500C01017FABFE003008010CC3F8010C7
:103650000C0180102663011017F7BFE04801C0106D
:103660001E050018C800C0101E050018600080105C
:103670001E03001006070000E00180102605001060
:1036800017BFA0D04400801015BFA0D084008000D8
:1036900006750100B441810004D7B41017F9FFE0AA
:1036A000240FC0183A88C510170080106802C01097
:1036B0001E430118BA9006103441810004CD8D10CC
:1036C0003A888518170080103A680010283C0405D5
:1036D00058370405583704058C3904056C37040540
:1036E000E038040558370405E0380405E0380405DF
:1036F00017BFA0D04400801015BFA0D08400800068
:103700000659010017F7BFE0980080101E4F001007
:1037100017C1A0D04400801015C1A0D017FABFE097
:10372000043C80103A880910803B43503A880910C5
:10373000B441810004D7B41017F9FFE0240FC0187A
:103740003A88C510040D801015000011B4418100A5
:1037500004D7B41017F9FFE0240FC0183A88C51039
:10376000040D8010170080101E0D0010005325500E
:1037700017BFA0D04400801015BFA0D017FDBFE038
:103780001707C010B441810004D7B41017F93FE106
:10379000240F00213A880511040D80101500C01077
:1037A00017FABFE0C3008010CC3F8010260A00103B
:1037B00017FDBFE01707C010B441810004D7B41053
:1037C00017F93FE1240F00213A880511040C8010FD
:1037D0001500C01006070000B441810004D7B410E2
:1037E00017F9FFE0240FC0183A88C510040C8010A8
:1037F0001500001017FDBFE0170480103A880D1067
:1038000017FA7FE117F93FE14037445015FCBFE05C
:1038100017FCBFE02609001017BFA0D0440080109D
:1038200015BFA0D04400400117F93FE100F3455017
:103830000053255084008000060B01004401400124
:1038400017F93FE100F345500604010017BFA0D06F
:103850004400801015BFA0D017F7BFE0980180107A
:103860001E03001017C7A0D04400801015C7A0D0B9
:103870008400800006FC0000B441810004D7B4102D
:1038800017F9FFE0240FC0183A88C510040D801006
:103890001700001417FABFE0043C80103A880910A2
:1038A000803B43502605808017BFA0D04400801085
:1038B00015BFA0D08400800006EB0000B441810059
:1038C00004D7B41017F9FFE0240FC0183A88C510C8
:1038D000040C80101700801026120010B4418100E3
:1038E00004D7B41017F9FFE0240FC0183A88C510A8
:1038F000040C80101700C01017FDBFE017078010E0
:103900002608801817CAA0D04400801015CAA0D07D
:1039100017BFA0D04400801015BFA0D08400800045
:1039200006D1000017F7BFE0580180101E85001077
:1039300017C3A0D04400801015C3A0D017FABFE071
:10394000043C80103A880B1017F93FE1003F4550C6
:10395000B441810004D7B41017F9FFE0240FC01858
:103960003A88C5100405801017008010D8FFBF10DA
:103970001E110010B441810004D7B41017F9FFE004
:10398000240FC0183A88C51004068010C4FFFF0039
:103990001500C010B441810004D7B41017F9FFE03E
:1039A000240FC0183A88C51004078010C4FFFF0018
:1039B0001500C010061F0000B441810004D7B410E8
:1039C00017F9FFE0240FC0183A88C51004058010CD
:1039D000170080107AD00610B441810004D7B410CB
:1039E00017F93FE1240F00213A88051104068010E1
:1039F0001500C010B441810004D7B41017F9FFE0DE
:103A0000240FC0183A88C5100405801017008010D4
:103A1000FAD00410E401C010B441810004D7B410FE
:103A200017F93FE1240F00213A880511040780109F
:103A30001500C0101795E0D0B441810004D7B41030
:103A400017F93FE1240F00213A880511040880107E
:103A50001500C01017FABFE0043C80103A88091026
:103A6000803B43503A880910B441810004D7B41018
:103A700017F9FFE0240FC0183A88C510040D801014
:103A800015000011B441810004D7B41017F9FFE00C
:103A9000240FC0183A88C510040D8010170080103C
:103AA0001E0D00100053255017BFA0D044008010F9
:103AB00015BFA0D017FDBFE01707C010B4418100AB
:103AC00004D7B41017F93FE1240F00213A880511FB
:103AD000040D80101500C01017FABFE0C30080105D
:103AE000CC3F8010260A001017FDBFE01707C0105A
:103AF000B441810004D7B41017F93FE1240F00212D
:103B00003A880511040C80101500C010060700004B
:103B1000B441810004D7B41017F9FFE0240FC01896
:103B20003A88C510040C80101500001017F93FE109
:103B3000C0ED44508401400117F93FE100F34550C6
:103B40000646000017F7BFE0980180101E0700101E
:103B50004400400117F93FE100F3455017C7A0D0DA
:103B60004400801015C7A0D0063C0000B44181007D
:103B700004D7B41017F9FFE0240FC0183A88C51015
:103B800017008010580180101E08001017F7BFE0C2
:103B9000980080101E05001017C1A0D044008010AE
:103BA00015C1A0D084008000062F000017BFA0D050
:103BB0004400801015BFA0D084008000062A0000B9
:103BC000005325504400400117F93FE100F34550F0
:103BD00017BFA0D04400801015BFA0D0C4FFBF0005
:103BE0000621000017C4A0D04400801015C4A0D046
:103BF00017FABFE0043C80103A880B1017F93FE138
:103C0000003F455017FABFE01704C010B4418100CF
:103C100004D7B41017F93FE1240F00213A880511A9
:103C2000040980101500C01017F93FE1C0ED4450A1
:103C30008401400117F93FE100F34550B441810090
:103C400004D7B41017F9FFE0240FC0183A88C51044
:103C500004068010C4FFFF001500C01017FD3FE1EF
:103C6000808A40503A88050004FFFFE61702C0DF53
:103C7000170100DF170000DC0403C0DE3A2800F85B
:103C800004FBFFDE1504C0DF150300DF040300DFC3
:103C900015FE3FE115FF7FE1044B80013A880B00E0
:103CA00017FF3FE18051025017FFBFE04400C00002
:103CB0000500C010B441810004C2B21017FEFFE03D
:103CC0003A88C7183A88C7183A88C5101700801074
:103CD0001727801017028010E005C0101E0800187A
:103CE0002007C0101E060018A00180102608001032
:103CF00017FFBFE04400C0004500C01006070000E9
:103D000017FFBFE00405C0004500C0100603000017
:103D10000053255044FDBF00064D0000B441810012
:103D200004C2B21017FEFFE03A88C7183A88C718D5
:103D30003A88C51017008010171180107004C01049
:103D40001E0100180404800015FDBFE017FDBFE050
:103D50003A88071017FFBFE08500C01017FFBFE0CB
:103D6000C5000010B441810004D7B41017FEFFE075
:103D7000240FC0183A88C51017008010D801801091
:103D80001E03001017FFBFE08D02001006030000A5
:103D900017FFBFE00420C0008D02C010B4418100B5
:103DA00004D7B41017FEFFE0240FC0183A88C510DE
:103DB000040280101700C01017FFBFE01501C010EB
:103DC000B441810004D7B41017FEFFE0240FC018DF
:103DD0003A88C510040380100B00C01017FFBFE025
:103DE0000D02C010B441810004C2B21017FEFFE002
:103DF0003A88C7183A88C7183A88C5101700801043
:103E0000171780101E0300100053255044FDBF00FB
:103E1000060F000017FFBFE004070011B441810046
:103E200004C2B21017FEFFE03A88C7183A88C718D4
:103E30003A88C510170080101717801017FDFFE093
:103E40003A880D183A880B10402702503A8805002E
:103E50003A8837E01701C0DF170000DF0402C0DE38
:103E60003A2800F804F6FFDE1509C0DF150800DF68
:103E7000040800DF15FF3FE13A880B00044B000106
:103E8000807C405015FABFE017FABFE01E02001018
:103E900004FBBF000618010017FABFE0044BC00086
:103EA0001504C0101753A0D04400C0101553E0D023
:103EB0003A880910B441810004D7B41017FFFFE01D
:103EC000240FC0183A88C510040280101500001194
:103ED000C0733A50041940013A880910408E1050BE
:103EE0003A880910B441810004D7B41017FFFFE0ED
:103EF000240FC0183A88C510040380100D0000116B
:103F000017FABFE01703801015FBBFE017FB7FE136
:103F100017FF3FE180CE435015FCBFE017FCBFE028
:103F20002602001017FCBFE006F3000017FBBFE0FD
:103F3000043BC01034D59800C498A0101500801818
:103F400017FBBFE0043C801015F8BFE017F8BFE096
:103F50004400C01015F8FFE0440DC0000500C0107B
:103F600017F8BFE04400C01015F8FFE04400C0009F
:103F70000500C01017F8BFE04400C01015F8FFE0BE
:103F80004400C0000500C010C4FFBF0015FDBFE025
:103F900017F8BFE04400C01015F8FFE0C40CC000E3
:103FA0000500C01017F8BFE04400C01015F8FFE08E
:103FB0000401C0000500C01017F8BFE0C400801065
:103FC00004FDFFE00300C0180500C01017F8BFE0B3
:103FD0008400C01004FDBFE0440080100300801086
:103FE0000500801817F8BFE04400C01004FDBFE0D2
:103FF00084008010030080100500801804FDBFE0DD
:10400000C4008010030080103A88071017F8BFE042
:104010000500C01017F8BFE00401801015F8BFE0DC
:10402000B441810004C2B21017FFFFE03A88C718FC
:104030003A88C7183A88C51017008010170A8010F0
:10404000264E0010B441810004C2B21017FFFFE0F9
:104050003A88C7183A88C7183A88C51017008010E0
:10406000170A80103AD60810B441810004C2B21079
:1040700017FFFFE03A88C7183A88C7183A88C51072
:1040800017008010170A80103AD204100CC0BF101D
:104090003AB08820B441810004C2B21017FFFFE09B
:1040A0003A88C7183A88C7183A88C5101700801090
:1040B000170A80100CC0BF103A9204103AB0882042
:1040C000B441810004C2B21017FFFFE03A88C7185C
:1040D0003A88C7183A88C51017008010170A801050
:1040E0003A9604103AB0842015FEBFE017F8BFE0FE
:1040F0004400C01015F8FFE0840CC0000500C0109B
:1041000017F8BFE04400C01015F8FFE00401C0003C
:104110000500C01017F8BFE0C400801004FEFFE0E7
:104120000300C0180500C01017F8BFE08400C010DD
:1041300004FEBFE0440080100300801005008018DA
:1041400017F8BFE04400C01004FEBFE084008010F8
:10415000030080100500801804FEBFE0C40080103A
:10416000030080103A88071017F8BFE00500C01060
:1041700017F8BFE00401801015F8BFE01755A0D074
:104180000E1A800017F8BFE04400C01015F8FFE0D9
:10419000C40DC0000500C01017F8BFE04400C010F7
:1041A00015F8FFE01755E0D00500C01015F93FE005
:1041B000060B000017F8BFE04400C01015F8FFE040
:1041C00017F93FE10454E0D03A88C7200300C01833
:1041D0000500C01017F9BFE04400801015F9BFE0DA
:1041E0001755A0D017F9FFE016F2BF1817F8BFE077
:1041F0004400C01015F8FFE0C4FFFF000500C01028
:104200001795E0D0B441810004D7B41017FF3FE107
:10421000240F00213A880511040480101500C010F5
:1042200017FABFE0C4FFFF001507C010B4418100BA
:1042300004C2B21017FFFFE03A88C7183A88C718BF
:104240003A88C5101700C01017FABFE01506C01055
:10425000B441810004D7B41017FFFFE0240FC01849
:104260003A88C51017008010200180101E0300102E
:104270000401400117FF3FE100F3455017FABFE189
:1042800004114001C4100001C038405017C0A0D034
:104290004400801015C0A0D01795E0D0B441810033
:1042A00004D7B41017FF3FE1240F00213A8805110D
:1042B000040480101500C010B441810004D7B4106C
:1042C00017FFFFE0240FC0183A88C51004018010C2
:1042D000170080104400C010B441810004D7B4100E
:1042E00017FF3FE1240F00213A88051104018010D7
:1042F0001500C0103A8805003A8837E01701C0DF82
:10430000170000DF0402C0DE3A2800F804F9FFDEDF
:104310001506C0DF150500DF040500DF15FD3FE1D0
:1043200015FE7FE115FFBFE1B441810004D7B41051
:1043300017FDFFE0240FC0183A88C5100402801052
:104340001700C01017FEBFE017018010260280186A
:10435000840080000621000017FEBFE0043C8010AE
:1043600015FBBFE017FB7FE117FD3FE1003F455024
:1043700015FCBFE017FCBFE02603001000532550DA
:1043800017FCBFE00615000017FEBFE01704801001
:104390001E06001017FFBFE117FE7FE117FD3FE18A
:1043A000C023455084008000060C000017FEBFE0CB
:1043B0001704C010B441810004D7B41017FD3FE1C9
:1043C000240F00213A880511040980101500C0103F
:1043D0003A880B0017FD3FE1804544503A8837E0AA
:1043E0001701C0DF170000DF0402C0DE3A2800F822
:1043F00004F4FFDE150BC0DF150A00DF040A00DF3E
:1044000015FE3FE115FF7FE13A880B0004890001AA
:10441000807C405015F8BFE017F8BFE01E02001086
:1044200004FBBF00068E020017F8BFE0043BC0008B
:104430001504C01017FFBFE0580080101E120010B6
:104440001753A0D04400C0101553E0D03A8809108B
:10445000B441810004D7B41017FEFFE0240FC01848
:104460003A88C5100402801015000011B441810083
:1044700004D7B41017FEFFE0240FC0183A88C51007
:10448000040380100D00001017F8BFE01703801020
:1044900015F9BFE017F97FE117FE3FE180CE4350E9
:1044A00015FABFE017FABFE02602001017FABFE0C6
:1044B000066B020017F9BFE0043BC01034D598002A
:1044C000C498A0101500801817F9BFE0043C8010B4
:1044D00015F6BFE017F6BFE04400C01015F6FFE088
:1044E000440DC0000500C01017F6BFE04400C01026
:1044F00015F6FFE04400C0000500C01017F6BFE04D
:104500004400C01015F6FFE0C400C0000500C01054
:10451000B441810004D7B41017FEFFE0240FC01887
:104520003A88C51017008010200180101E18001056
:10453000B441810004D7B41017FEFFE0240FC01867
:104540003A88C51017008010600180101E100010FE
:10455000B441810004D7B41017FEFFE0240FC01847
:104560003A88C51017008010E00080101E08001067
:10457000B441810004D7B41017FEFFE0240FC01827
:104580003A88C51017008010980080101E4A00104D
:10459000B441810004D7B41017FEFFE0240FC01807
:1045A0003A88C51004098010170080103AD606100A
:1045B000B441810004D7B41017FE3FE1240F00215D
:1045C0003A88051104098010170080103AD20410AF
:1045D0000CC0BF103AB08618B441810004D7B410A3
:1045E00017FE3FE1240F00213A88051104098010CD
:1045F000170080100CC0BF103A9204103AB0861811
:10460000B441810004D7B41017FE3FE1240F00210C
:104610003A88051104098010170080103A9604109A
:104620003AB0841815FDBFE017F6BFE04400C01093
:1046300015F6FFE0840CC0000500C01017F6BFE0BF
:104640004400C01015F6FFE00401C0000500C010D2
:1046500017F6BFE0C400801004FDFFE00300C0189F
:104660000500C01017F6BFE08400C01004FDBFE0D5
:1046700044008010030080100500801817F6BFE08A
:104680004400C01004FDBFE08400801003008010CF
:104690000500801804FDBFE0C400801003008010F6
:1046A0003A88071017F6BFE00500C01017F6BFE004
:1046B0000401801015F6BFE0B441810004D7B410A6
:1046C00017FEFFE0240FC0183A88C510040A8010B6
:1046D00017008010264A0010B441810004D7B4109E
:1046E00017FEFFE0240FC0183A88C510040A801096
:1046F000170080103AD60610B441810004D7B410D8
:1047000017FE3FE1240F00213A880511040A8010AA
:10471000170080103AD204100CC0BF103AB08618AF
:10472000B441810004D7B41017FE3FE1240F0021EB
:104730003A880511040A8010170080100CC0BF10C1
:104740003A9204103AB08618B441810004D7B410EC
:1047500017FE3FE1240F00213A880511040A80105A
:10476000170080103A9604103AB0841815FDBFE087
:1047700017F6BFE04400C01015F6FFE04400C0008B
:104780000500C01017F6BFE04400C01015F6FFE0AA
:104790000401C0000500C01017F6BFE0C40080107F
:1047A00004FDFFE00300C0180500C01017F6BFE0CD
:1047B0008400C01004FDBFE044008010030080109E
:1047C0000500801817F6BFE04400C01004FDBFE0EC
:1047D00084008010030080100500801804FDBFE0F5
:1047E000C4008010030080103A88071017F6BFE05D
:1047F0000500C01017F6BFE00401801015F6BFE0F9
:10480000B441810004D7B41017FEFFE0240FC01894
:104810003A88C510040B801017008010264A00103B
:10482000B441810004D7B41017FEFFE0240FC01874
:104830003A88C510040B8010170080103AD6061075
:10484000B441810004D7B41017FE3FE1240F0021CA
:104850003A880511040B8010170080103AD204101A
:104860000CC0BF103AB08618B441810004D7B41010
:1048700017FE3FE1240F00213A880511040B801038
:10488000170080100CC0BF103A9204103AB086187E
:10489000B441810004D7B41017FE3FE1240F00217A
:1048A0003A880511040B8010170080103A96041006
:1048B0003AB0841815FDBFE017F6BFE04400C01001
:1048C00015F6FFE0C400C0000500C01017F6BFE0F9
:1048D0004400C01015F6FFE00401C0000500C01040
:1048E00017F6BFE0C400801004FDFFE00300C0180D
:1048F0000500C01017F6BFE08400C01004FDBFE043
:1049000044008010030080100500801817F6BFE0F7
:104910004400C01004FDBFE084008010030080103C
:104920000500801804FDBFE0C40080100300801063
:104930003A88071017F6BFE00500C01017F6BFE071
:104940000401801015F6BFE0B441810004D7B41013
:1049500017FEFFE0240FC0183A88C5100405801028
:10496000170080102638001017F6BFE04400C01072
:1049700015F6FFE0C40CC0000500C01017F6BFE03C
:104980004400C01015F6FFE00401C0000500C0108F
:1049900017F6BFE0C400C01017FEBFE0240F801060
:1049A00004050011B441810004D7B4103A88852071
:1049B000030080100500801817F6BFE08400C010C7
:1049C00017FEBFE0240F801004050011B4418100E0
:1049D00004D7B4103A88852044008010030080106A
:1049E0000500801817F6BFE04400C01017FEBFE0B6
:1049F000240F801004050011B441810004D7B410C5
:104A00003A888520840080100300801005008018FB
:104A100017FEBFE0240F80100405C010B4418100D0
:104A200004D7B4103A888518C400801003008010A1
:104A30003A88071017F6BFE00500C01017F6BFE070
:104A40000401801015F6BFE01755A0D00E1A8000A3
:104A500017F6BFE04400C01015F6FFE0C40DC0001B
:104A60000500C01017F6BFE04400C01015F6FFE0C7
:104A70001755E0D00500C01015F73FE0060B000009
:104A800017F6BFE04400C01015F6FFE017F73FE14E
:104A90000454E0D03A88C7200300C0180500C010B5
:104AA00017F7BFE04400801015F7BFE01755A0D0FE
:104AB00017F7FFE016F2BF18B441810004D7B41015
:104AC00017FEFFE0240FC0183A88C51017008010A9
:104AD000E00180101E080010B441810004D7B4101A
:104AE00017FEFFE0240FC0183A88C5101700801089
:104AF000180280101E0A0010B441810004C2B210D6
:104B000017FEFFE03A88C7183A88C7183A88C510D8
:104B100017008010170AC01017F9BFE01503C01066
:104B2000B441810004D7B41017FEFFE0240FC01871
:104B30003A88C51017008010200180101E08001050
:104B4000B441810004D7B41017FEFFE0240FC01851
:104B50003A88C51017008010580180101E4A0010B6
:104B6000B441810004D7B41017FEFFE0240FC01831
:104B70003A88C510040D8010170080103AD6061030
:104B8000B441810004D7B41017FE3FE1240F002187
:104B90003A880511040D8010170080103AD20410D5
:104BA0000CC0BF103AB08618B441810004D7B410CD
:104BB00017FE3FE1240F00213A880511040D8010F3
:104BC000170080100CC0BF103A9204103AB086183B
:104BD000B441810004D7B41017FE3FE1240F002137
:104BE0003A880511040D8010170080103A960410C1
:104BF0003AB0841815FDBFE017F6BFE04400C010BE
:104C000015F6FFE0840DC0000500C01017F6BFE0E8
:104C10004400C01015F6FFE00401C0000500C010FC
:104C200017F6BFE0C400801004FDFFE00300C018C9
:104C30000500C01017F6BFE08400C01004FDBFE0FF
:104C400044008010030080100500801817F6BFE0B4
:104C50004400C01004FDBFE08400801003008010F9
:104C60000500801804FDBFE0C40080100300801020
:104C70003A88071017F6BFE00500C01017F6BFE02E
:104C80000401801015F6BFE017F6BFE04400C01025
:104C900015F6FFE04414C0000500C0108401800038
:104CA00015FBBFE017F6BFE04400C01015F6FFE0AB
:104CB00017FBFFE00500C01017FBBFE03A880D109E
:104CC0007441410104A0482917F63FE140014C50CE
:104CD00017FBBFE017F6FFE03A88851815F6BFE02E
:104CE00017F6BFE04400C01015F6FFE0040FC00047
:104CF0000500C0101748A0D03A880910402C035076
:104D000015FCBFE017F6BFE04400C01015F6FFE049
:104D100017FCFFE00500C0101748A0D017FCFFE00B
:104D20003A880D183A880B1017F63FE140014C50B5
:104D300017FCBFE017F6FFE03A88851815F6BFE0CC
:104D400017F6BFE04400C01015F6FFE0C4FFFF00F7
:104D50000500C010B441810004D7B41017FEFFE075
:104D6000240FC0183A88C51017008010D801801091
:104D70001E0A0010B441810004D7B41017FEFFE0F2
:104D8000240FC0183A88C510040D80101700C010F9
:104D900017F8BFE01507C0100603000017F8BFE0C2
:104DA000C4FFFF001507C010B441810004C2B21057
:104DB00017FEFFE03A88C7183A88C7183A88C51026
:104DC0001700C01017F8BFE01506C01017F6FFE077
:104DD00017F9BFE03AC885183A88071017F8BFE0FE
:104DE0001504C01017F8BFE104114001C410000100
:104DF000C038405017C2A0D04400801015C2A0D0C7
:104E00001795E0D0B441810004D7B41017FE3FE1FC
:104E1000240F00213A880511040480101500C010E9
:104E2000B441810004D7B41017FEFFE0240FC0186E
:104E30003A88C51004018010170080104400C0108B
:104E4000B441810004D7B41017FE3FE1240F0021C4
:104E50003A880511040180101500C0103A88050039
:104E60003A8837E01701C0DF170000DF0402C0DE18
:104E70003A2800F804FDFFDE1502C0DF150100DF4F
:104E8000040100DF15FF3FE1B441810004C2B2100C
:104E900017FFFFE03A88C7183A88C7183A88C51044
:104EA0001700C010B441810004D7B41017FF3FE1D0
:104EB000240F00213A880511040980101700801082
:104EC000150A8018B441810004C2B21017FFFFE038
:104ED0003A88C7183A88C7183A88C5101700C01012
:104EE000B441810004D7B41017FF3FE1240F002123
:104EF0003A880511040A801017008010150C8018DC
:104F0000B441810004C2B21017FFFFE03A88C7180D
:104F10003A88C7183A88C5101700C010B4418100FC
:104F200004D7B41017FF3FE1240F00213A88051180
:104F3000040B801017008010150D8018B4418100FB
:104F400004C2B21017FFFFE03A88C7183A88C718A2
:104F50003A88C51017008010170C80101E11001021
:104F600017FF3FE1C0232150B441810004C2B210B9
:104F700017FFFFE03A88C7183A88C7183A88C51063
:104F800017008010170CC010B441810004D7B41072
:104F900017FF3FE1240F00213A880511040A801011
:104FA0001500C010B441810004C2B21017FFFFE029
:104FB0003A88C7183A88C7183A88C51017000011F0
:104FC000B441810004C2B21017FFFFE03A88C7184D
:104FD0003A88C7183A88C51017008010170A401180
:104FE000B441810004C2B21017FFFFE03A88C7182D
:104FF0003A88C7183A88C51017008010170C80101F
:105000003A3084003AB08428150E8020B4418100E3
:1050100004C2B21017FFFFE03A88C7183A88C718D1
:105020003A88C51017000011B441810004C2B210C3
:1050300017FFFFE03A88C7183A88C7183A88C510A2
:1050400017008010170A4011B441810004C2B21049
:1050500017FFFFE03A88C7183A88C7183A88C51082
:1050600017008010170C80103A708428150F8020CC
:10507000B441810004C2B21017FFFFE03A88C7189C
:105080003A88C7183A88C51017000011B44181004A
:1050900004C2B21017FFFFE03A88C7183A88C71851
:1050A0003A88C51017008010170A4011B4418100DA
:1050B00004C2B21017FFFFE03A88C7183A88C71831
:1050C0003A88C51017008010170C80103A30840001
:1050D0003AB08428151080203A8805003A8837E0D5
:1050E0001701C0DF170000DF0402C0DE3A2800F815
:1050F00004FEFFDE150100DF040100DF15FF3FE1C4
:10510000B441810004C2B21017FFFFE03A88C7180B
:105110003A88C7183A88C51017008010150A001081
:10512000B441810004C2B21017FFFFE03A88C718EB
:105130003A88C7183A88C51017008010150C00105F
:10514000B441810004C2B21017FFFFE03A88C718CB
:105150003A88C7183A88C51017008010150D00103E
:10516000B441810004C2B21017FFFFE03A88C718AB
:105170003A88C7183A88C51017008010150E00101D
:10518000B441810004C2B21017FFFFE03A88C7188B
:105190003A88C7183A88C51017008010150F0010FC
:1051A000B441810004C2B21017FFFFE03A88C7186B
:1051B0003A88C7183A88C5101700801015100010DB
:1051C0003A8805003A8837E0170000DF0401C0DEA6
:1051D0003A2800F804F8FFDE1507C0DF150600DFE7
:1051E000040600DF15FD3FE115FE7FE115FFBFE17D
:1051F00017FFBFE03A880B003A880910807C4050C6
:1052000015FABFE017FABFE01E02001004FBBF0052
:10521000062D000017FABFE017FFFFE01504C010CD
:1052200017FABFE01703801015FBBFE017FFBFE1BF
:1052300017FE7FE117FB3FE14027025017FBBFE05D
:105240004400C0000500C01017FBBFE0043C801004
:105250003A880B10440D000100FE455015FCBFE0DC
:1052600017FCBFE08400801015FCBFE017FCBFE016
:105270000401C0000500C01017FABFE0C4FFFF0022
:105280001507C010B441810004C2B21017FDFFE041
:105290003A88C7183A88C7183A88C5101700C0104E
:1052A00017FABFE01506C01017FABFE1041140015C
:1052B000C4100001C038405017C5A0D04400801071
:1052C00015C5A0D03A8805003A8837E01701C0DF3D
:1052D000170000DF0402C0DE3A2800F804FCFFDEFD
:1052E000150300DF040300DF15FF3FE104FEBFE00C
:1052F00015FDBFE017FDBFE04400C01015FDFFE045
:1053000017FFFFE04400001915FF3FE10300C0183C
:105310000500C01017FDBFE04400C01015FDFFE000
:1053200017FFFFE04400001915FF3FE10300C0181C
:105330000500C01017FDBFE04400C01015FDFFE0E0
:1053400017FFFFE04400001915FF3FE10300C018FC
:105350000500C01017FDBFE04400C01015FDFFE0C0
:1053600017FFFFE04400001915FF3FE10300C018DC
:105370000500C01017FEBFE03A8837E0170000DFD5
:105380000401C0DE3A2800F804F9FFDE1506C0DF8C
:10539000150500DF150400DC040500DF15FD3FE105
:1053A00015FE7FE117FEBFE0044E801015FBBFE045
:1053B000B441810004D7B41017FDFFE0240FC018DA
:1053C0003A88C510040A801015000010B44181000D
:1053D00004D7B41017FDFFE0240FC0183A88C51099
:1053E000040B801015000010B441810004D7B410E4
:1053F00017FDFFE0240FC0183A88C510040580107F
:10540000150000100671000017FEBFE04400C01038
:1054100015FEFFE003008010CC3F8010E000C010BC
:105420001E2000180801C0101E0400182667001076
:10543000600080101E0A0010065C0000E00CC01026
:105440001E2F0018E03FC0101E030018A00180109E
:105450001E4C0010065500003A880500066000004A
:1054600017FEBFE04400801015FEBFE017FE3FE1CD
:10547000403445503A880910B441810004D7B41033
:1054800017FDFFE0240FC0183A88C510040A8010E9
:105490001500001117FEBFE00401801015FEBFE0EB
:1054A000064A000017FEBFE04400C01015FEFFE0F2
:1054B0000300801005FCBFE003FCBFE0300180105A
:1054C0001E0A001017FE3FE1403445503A8809108B
:1054D000B441810004D7B41017FDFFE0240FC018B9
:1054E0003A88C510040B80101500001103FCBFE0C2
:1054F00017FEFFE03A88851815FEBFE0063300006E
:1055000017FEBFE04400801015FEBFE017FE3FE12C
:10551000403445503AD604103A88211017FE3FE136
:10552000403445503AD205100CC0BF103AB0A080AC
:1055300017FE3FE1403445500CC0BF103A920410B2
:105540003AB0A08017FE3FE1403445503A9604102F
:105550003AB084803A880910B441810004D7B4106D
:1055600017FDFFE0240FC0183A88C510040580100D
:105570001500001117FEBFE00401801015FEBFE00A
:105580000612000017FEBFE04400C01015FEFFE049
:105590000300801005FCBFE003FCBFE017FEFFE046
:1055A0003A88851815FEBFE00608000017FEBFE028
:1055B00003008010CC3F80104400801017FEFFE0F5
:1055C0003A88851815FEBFE03A88010017FEBFE053
:1055D00017FBFFE02E8CBF1800532550C4FFBF00FF
:1055E00004FFFFE61702C0DF170100DF170000DC31
:1055F0000403C0DE3A2800F804FAFFDE1505C0DF18
:10560000150400DF040400DF15FC3FE0064501003F
:10561000B441810004D7B41017FCFFE0240FC01878
:105620003A88C510170080106802C0101E3101189A
:10563000BA9006103441810004AC95103A88851860
:10564000170080103A6800105C5B0405D45604050E
:10565000045704053457040534570405345704052A
:10566000745904051C5A04055058040517FC3FE101
:10567000C0EC435015FFBFE017FFBFE0260300104A
:105680000053255017FFBFE0062A01000401400126
:1056900017FC3FE100F34550061F010017FC3FE1F6
:1056A00000C3455015FFBFE017FFBFE02603001001
:1056B0000053255017FFBFE0061E0100C400400143
:1056C00017FC3FE100F3455006130100B44181008F
:1056D00004D7B41017FCFFE0240FC0183A88C51097
:1056E000040180101700801015FDBFE017FDBFE01A
:1056F000100180101E0200100401800015FDBFE0A3
:10570000B441810004D7B41017FCFFE0240FC01887
:105710003A88C510040480101700C010046400010A
:1057200017FDBFE03A9884203A8887181795A0D0D3
:105730002E198018B441810004D7B41017FCFFE083
:10574000240FC0183A88C510170080102001C0101F
:105750001E0500186001C0101E060018E000801031
:105760001E080010060A000017FC3FE1C0EC435081
:10577000060900003A880B0017FC3FE180454450C1
:105780000605000017FC3FE100C34550060200007B
:10579000005325503A88010017FDBFE01801801022
:1057A0001ED60010B441810004D7B41017FCFFE0EE
:1057B000240FC0183A88C5101700801020018010EF
:1057C0001ECE00104402400117FC3FE100F345509B
:1057D00017FC3FE1801545504400400117FC3FE1B4
:1057E00000F3455006C50000B441810004D7B41051
:1057F00017FCFFE0240FC0183A88C510040580107C
:10580000170080102419C010B441810004D7B410CF
:1058100017FC3FE1240F00213A880511040880108D
:10582000170080103A8885181795E0D02E2E801822
:10583000B441810004D7B41017FCFFE0240FC01856
:105840003A88C510040880101700C010B4418100C8
:1058500004D7B41017FC3FE1240F00213A8805114A
:105860000405801017008010241980103A888718CA
:10587000B441810004D7B41017FC3FE1240F00218C
:105880003A88051104048010170080103AC8851862
:105890007AD0041015FEBFE017FEBFE028DC8510AB
:1058A0001E02001004DC850015FEBFE0B44181003B
:1058B00004D7B41017FCFFE0240FC0183A88C510B5
:1058C000040480101700C01017FEBFE03A88871844
:1058D0001795A0D02E8B80183A880B0017FC3FE15B
:1058E00080454450068700004402400117FC3FE118
:1058F00000F3455017FC3FE180154550440040013E
:1059000017FC3FE100F34550067E0000B4418100E2
:1059100004D7B41017FCFFE0240FC0183A88C51054
:105920000406801017008010E0FFBF101E770010E3
:10593000B441810004D7B41017FCFFE0240FC01855
:105940003A88C51004068010170080102419C01072
:10595000B441810004D7B41017FC3FE1240F0021AB
:105960003A88051104088010170080103A888718BB
:105970001795A0D02E658018C401400117FC3FE1A7
:1059800000F3455017FC3FE100C3455015FFBFE051
:1059900017FFBFE0260300100053255017FFBFE09C
:1059A0000664000017C8A0D04400801015C8A0D01D
:1059B00006560000B441810004D7B41017FCFFE084
:1059C000240FC0183A88C5100407801017008010F3
:1059D0002419C010B441810004D7B41017FC3FE172
:1059E000240F00213A880511040880101700801048
:1059F0003A8885181795E0D02E2E8018B441810082
:105A000004D7B41017FCFFE0240FC0183A88C51063
:105A1000040880101700C010B441810004D7B410EE
:105A200017FC3FE1240F00213A880511040780107C
:105A300017008010241980103A888718B44181001B
:105A400004D7B41017FC3FE1240F00213A88051158
:105A500004048010170080103AC885187AD004100A
:105A600015FEBFE017FEBFE028DC85101E02001007
:105A700004DC850015FEBFE0B441810004D7B410FA
:105A800017FCFFE0240FC0183A88C51004048010EA
:105A90001700C01017FEBFE03A8887181795A0D0EE
:105AA0002E1C80183A880B0017FC3FE180454450BB
:105AB000061800000402400117FC3FE100F34550C6
:105AC0004400400117FC3FE18045445015FFBFE012
:105AD00017FFBFE0260300100053255017FFBFE05B
:105AE0000614000017C9A0D04400801015C9A0D02A
:105AF000060800003A880100060700003A88010005
:105B0000060500003A880100060300003A880100FB
:105B1000060100003A88010017FCBFE04400801035
:105B200015FCBFE017FCBFE0100180101EB83E104E
:105B30003A8805003A8837E01701C0DF170000DF18
:105B40000402C0DE3A2800F804FDFFDE1502C0DFC3
:105B5000150100DF040100DF15FF3FE117FFBFE083
:105B60001603001017FFBFE0500180101E02001046
:105B700000532550060F000017FFBFE0240FC01090
:105B8000B441810004D7B4103A888518040F80010D
:105B90003A880B003A88091080510250B4418100C4
:105BA00004D7B41017FFFFE0240FC0183A88C510BF
:105BB000150000103A8837E01701C0DF170000DF3A
:105BC0000402C0DE3A2800F804FCFFDE1503C0DF43
:105BD000150200DF040200DF15FF3FE1B441810040
:105BE00004C2B21017FFFFE03A88C7183A88C718F6
:105BF0003A88C51017008010170A80101E03001085
:105C00000053255044FDBF0006580000B4418100F8
:105C100004C2B21017FFFFE03A88C7183A88C718C5
:105C20003A88C51017008010170AC010B4418100CF
:105C300004D7B41017FF3FE1240F00213A88051163
:105C4000040980101500C010B441810004C2B210D4
:105C500017FFFFE03A88C7183A88C7183A88C51076
:105C600017008010170CC010B441810004D7B41085
:105C700017FF3FE1240F00213A880511040A801024
:105C80001500C010B441810004C2B21017FFFFE03C
:105C90003A88C7183A88C7183A88C5101700801084
:105CA000170DC010B441810004D7B41017FF3FE1B5
:105CB000240F00213A880511040B80101500C01034
:105CC000B441810004D7B41017FFFFE0240FC018BF
:105CD0003A88C510040C8010170080102620001090
:105CE000B441810004D7B41017FFFFE0240FC0189F
:105CF0003A88C510040D8010170080102617001078
:105D0000B441810004D7B41017FFFFE0240FC0187E
:105D10003A88C510040D801017000011B4418100AD
:105D200004D7B41017FFFFE0240FC0183A88C5103D
:105D3000040C80101700C01084008000150080D86B
:105D400017FFFFE13A880D18C4FF7F0100713F5033
:105D50001E0300100053255006010000005325507B
:105D60004400400117FF3FE1804544503A8837E046
:105D70001701C0DF170000DF0402C0DE3A2800F878
:105D800004FBFFDE1504C0DF150300DF040300DFA2
:105D900015FE3FE115FF7FE117FFBFE058008010BF
:105DA0001E020010440080000601000084008000F4
:105DB00015FDBFE017FD7FE117FE3FE100F3455001
:105DC0003A8801003A8837E01701C0DF170000DF8A
:105DD0000402C0DE3A2800F804FEFFDE150100DFF1
:105DE000040100DF15FF3FE006150000B44181000B
:105DF00004D7B41017FFFFE0240FC0183A88C5106D
:105E00001700801026080010B441810004D7B41098
:105E100017FFFFE0240FC0183A88C5101700801044
:105E2000980180101E04001017FFBFE0440080108E
:105E300015FFBFE0060200003A88050006040000D6
:105E400017FFBFE0100180101EE83F1044008000E3
:105E50003A8837E0170000DF0401C0DE3A2800F876
:105E600004FEFFDE150100DF040100DF15FF3FE146
:105E7000B441810004D7B41017FFFFE0240FC0180D
:105E80003A88C5101700801026080010B441810020
:105E900004D7B41017FFFFE0240FC0183A88C510CC
:105EA00017008010980180101E020010440080002E
:105EB000060100003A8805003A8837E0170000DF45
:105EC0000401C0DE3A2800F804FCFFDE1503C0DF41
:105ED000150200DF040200DF15FE3FE115FF7FE140
:105EE00017FFFFE0B441810004D7B41017FE3FE173
:105EF000240F00213A8805111500C010B44181001B
:105F000004D7B41017FEFFE0240FC0183A88C5105C
:105F10000401801015000010B441810004D7B410B2
:105F200017FEFFE0240FC0183A88C510040E801039
:105F300017008010260A0010B441810004D7B41065
:105F400017FEFFE0240FC0183A88C510040E801019
:105F50001700801017FF7FE117FE3FE13AE83E107F
:105F60003A8801003A8837E01701C0DF170000DFE8
:105F70000402C0DE3A2800F804FCFFDE150300DF4F
:105F8000040300DF3A88052015FF7FE105FEBFE02E
:105F900017FFBFE0044E801015FDBFE0061E000095
:105FA00017FFBFE003008010CC3FC01003FEBFE02E
:105FB0001E02801817FFBFE0061B000017FFBFE09E
:105FC00003008010CC3F8010D83F80101E020010CC
:105FD0003A8805000614000017FFBFE00300801098
:105FE000CC3F80101E04001017FFBFE0440080105B
:105FF00015FFBFE00608000017FFBFE04400801057
:1060000003008010CC3F80108400801017FFFFE059
:106010003A88851815FFBFE017FFFFE017FDBFE0C6
:1060200036DFBF183A8805003A8837E0170000DFEE
:106030000401C0DE3A2800F804F4FFDE150BC0DFCF
:10604000150A00DF040A00DF15FC3FE13A88072843
:106050003A88053015FFFFE10DFDFFE00DFEBFE0C2
:106060001782A0D00C0180102615001017FCBFE08D
:10607000CC3F001217FCBFE03AD20410CC3F801195
:1060800017FCBFE03AD40410CC3FC01117FCBFE0AE
:106090003AD604100BFEFFE00BFD3FE1170240E192
:1060A000150340D9150200D91501C0D8150080D8B4
:1060B0003A880B407441010104A20821407002504B
:1060C0003A880900C07A255015FB3FE017CBA0D0D5
:1060D00015FABFE00620000017FABFE015FBBFE08D
:1060E00017FABFE08B018010CCFFFF100BFEBFE062
:1060F0001E16801817FABFE00B028010CCFFFF10AD
:106100000BFDBFE01E11801817FABFE017038010C7
:106110001E0E001017FABFE01704C01017FCBFE0F6
:106120001E0A80181782A0D00C05801026030010CC
:106130007441010104B10821809802503A88090095
:10614000008725503A8805000635000017FABFE0A1
:106150001700801015FABFE017FABFE01EDE3F10EF
:10616000040800018010265015FABFE017FABFE0BE
:106170001E0A00101782A0D00C0180102603001008
:106180007441010104B90821809802503A8809003D
:10619000008725503A8805000621000017FBBFE064
:1061A0002604001017FBBFE017FAFFE01500C0102F
:1061B0000602000017FABFE015CBA0D017FABFE027
:1061C0001500001017FABFE00BFEFFE08D01C010B4
:1061D00017FABFE00BFDFFE00D02C01017FABFE099
:1061E0001503001017FABFE017FCFFE01504C010FC
:1061F00017FABFE017FFFFE01505C01017FABFE060
:106200001702C0E01506C01017FABFE04400C00036
:106210000D01C0103A8809000087255017FABFE029
:106220003A8837E01701C0DF170000DF0402C0DE44
:106230003A2800F804FBFFDE1504C0DF150300DF79
:10624000040300DF15FF3FE117FFBFE02602001047
:1062500017CBA0D01E0200100053255006260000C8
:106260003A880900C07A255015FE3FE017CBA0D030
:1062700015FDBFE00608000017FDFFE017FFBFE0B7
:106280002608801817FDBFE015FEBFE017FDBFE030
:106290001700801015FDBFE017FDBFE01EF63F1090
:1062A000060100003A88010017FDBFE01E0400103F
:1062B000005325503A88090000872550060E00003B
:1062C00017FEBFE02605001017FFBFE01700C01043
:1062D00017FEBFE01500C0100603000017FFBFE067
:1062E0001700801015CBA0D017FF3FE1C013265038
:1062F0003A880900008725503A8837E01701C0DF47
:10630000170000DF0402C0DE3A2800F804FBFFDEBD
:106310001504C0DF150300DF040300DF15FE3FE1B5
:1063200015FF7FE1040B00018010265015FDBFE032
:1063300017FDBFE01E0200100403800006100000DD
:1063400017FDBFE017FFFFE01502C01017FDBFE00B
:1063500017FEFFE01508C01017FDBFE00480C00065
:106360001506C01017FF7FE117FD3FE1C0C22650A0
:1063700017FEBFE017FDFFE01501C0103A880500C9
:106380003A8837E01701C0DF170000DF0402C0DEE3
:106390003A2800F804FCFFDE1503C0DF150200DF19
:1063A000040200DF15FF3FE117FFBFE01708801070
:1063B00015FEBFE017FEBFE01501001017FE3FE11C
:1063C00040CA295017FF3FE1C0BB265017FF3FE1ED
:1063D000C01326503A8801003A8837E01701C0DF21
:1063E000170000DF0402C0DE3A2800F804F5FFDEE3
:1063F000150AC0DF150900DF040900DF15FE3FE1C3
:1064000015FF7FE117FEBFE01708801015FBBFE006
:1064100017FEBFE01702801015FCBFE00DF93FE04A
:1064200017FEBFE08B078010CCFFBF101E030010CB
:1064300017FEBFE0170480102602001084058000BC
:106440000669000017FFBFE02639001017FFBFE004
:106450001703801015FDBFE017FDBFE01701801086
:10646000260A001017FDBFE0170180103A880910B6
:10647000809B3D503A88071017FDBFE01701801040
:1064800026028018441F80000657000017FDBFE059
:106490008B0080100DF9BFE00BF9BFE0261F001044
:1064A00015FA3FE017FBBFE0170480100C018010C5
:1064B0001E0C001017FBBFE0170280100B018010AC
:1064C000CCFFBF100C0180102604001017FBBFE0AA
:1064D000170480108C0080101E0200104400800001
:1064E00015FABFE017FDBFE0170100110BF9BFE07F
:1064F00017FAFFE01501C0D8150080D83A880F20A0
:106500003A880D003A880B0017FC3FE1809A46500C
:1065100026020010041C80000633000017FEBFE0B6
:1065200017FDFFE01701C0181504C0100601000098
:106530003A8801000BF9BFE01E27001017FCBFE0EE
:106540008B0780104400C0103A88091817FCFFE040
:106550008D070019CCFFBF10300081101E05001000
:1065600017FCBFE08B078010CCFFBF1070E28410D7
:106570001E03001017FCBFE00400C1008D07C0100F
:1065800017FCBFE08B078010CCFFBF103AD204107D
:106590003A88071017FCBFE08B078010CCFFBF10B4
:1065A0003A9204103AB084180DF9BFE017FEBFE02C
:1065B0001704C0100BF9BFE0150100D8150080D8F2
:1065C0003A880F183A880D003A880B0017FC3FE113
:1065D000809A46501ED93F1017FEBFE00BF9FFE02E
:1065E0008D07C0103A8805003A8837E01701C0DFF0
:1065F000170000DF0402C0DE3A2800F804F6FFDED0
:106600001509C0DF150800DF040800DF15FE3FE1B3
:1066100015FF7FE117FFBFE01703801015FBBFE0F8
:1066200017FFBFE017028010280480101E02001020
:10663000840580000664000017FBBFE00B0080109B
:10664000CCFFBF101C00A0100400A010A000801000
:106650001E020010841A8000065B000017FBBFE0DA
:106660008B008010CCFFBF101E020010441F800062
:106670000655000017FBBFE0170180101E0D00102B
:1066800017FEBFE02609001017FEBFE0170A8010B2
:106690002606001017FEBFE0170A8010170AC01068
:1066A00017FBBFE01501C01006080000441F800062
:1066B0000645000017FBBFE017018010D8FFBF1090
:1066C0001E020010441F8000063F000017FEBFE0BE
:1066D000170480101E0F001017FBBFE01701801079
:1066E00004FDFFE03A880B183A88091040D03D506D
:1066F00015FCBFE017FCBFE01E020010441F800025
:106700000631000017FCBFE0170A801015FABFE041
:106710000603000017FEBFE01704801015FABFE063
:1067200017FEBFE01702C01017FBBFE017010011F2
:1067300017FBBFE08B008010CCFF7F1117FEBFE07E
:106740008B078010CCFFBF10150100D8150080D832
:1067500017FAFFE13A880D283A880B203A88091881
:10676000809A465026020010041C80000616000085
:1067700017FEBFE0170480101E0A001017FEBFE0CE
:106780008B078010CCFFBF101E0300103A880B004F
:1067900017FE3FE14045465017FEBFE017FAFFE005
:1067A0001504C01017FEBFE017FBFFE01701C0186B
:1067B0001503C01017FBBFE08B00C01017FEBFE031
:1067C0000D07C0103A8805003A8837E01701C0DF8E
:1067D000170000DF0402C0DE3A2800F804FDFFDEE7
:1067E0001502C0DF150100DF040100DF15FF3FE1E6
:1067F00017FFBFE01503001017FFBFE00D070010E3
:1068000017FFBFE0170880108B088010CCFFBF1067
:106810004C0080102602001017FF3FE1C03F465099
:106820003A8801003A8837E01701C0DF170000DF1F
:106830000402C0DE3A2800F804FBFFDE1504C0DFC6
:10684000150300DF040300DF15FE3FE115FF7FE1C4
:1068500017FFBFE00404C0001502C01017FFBFE01F
:106860001703801015FDBFE0040480013A880B0077
:1068700017FD3FE18051025017FDBFE08400C000CA
:106880000D00C01017FEBFE08B07C01017FDBFE062
:106890008D00C01017FDBFE017FEFFE01704C01801
:1068A0001501C0103A8801003A8837E01701C0DFAF
:1068B000170000DF0402C0DE3A2800F804FBFFDE08
:1068C0001504C0DF150300DF040300DF15FE3FE100
:1068D00015FF7FE117FFBFE00404C0001502C010E0
:1068E00017FFBFE01703801015FDBFE0040480010F
:1068F0003A880B0017FD3FE18051025017FDBFE0C1
:106900008400C0000D00C01017FEBFE00B07C010D0
:1069100017FDBFE08D00C01017FDBFE017FEFFE0C0
:106920001703C0181501C0103A8801003A8837E0F3
:106930001701C0DF170000DF0402C0DE3A2800F8AC
:1069400004F5FFDE150A00DF040A00DF15FB3FE156
:1069500015FC7FE13A88073015FEFFE1170180E062
:106960000DFDFFE00DFFBFE015F73FE00BFDBFE0C1
:106970000DFABFE00BFFBFE08DFABFE0C40080005E
:1069800015F8BFE017FBBFE01700801015F6BFE059
:10699000064F000017F6BFE08B078010CCFFFF10FA
:1069A0008BFABFE01E40801817F6BFE01708801072
:1069B00017058010A0008010263D001015F93FE05B
:1069C00017F6BFE017048010260B001017FEBFE07B
:1069D0001E04001017F9BFE04400801015F9BFE055
:1069E000060A000017F6BFE01704C01017FEBFE04C
:1069F000260680180633000017FEBFE026030010AD
:106A000017F9BFE04400801015F9BFE017F6BFE0AA
:106A1000170380102610001017FCBFE01E040010A2
:106A200017F9BFE04400801015F9BFE0060F000021
:106A300017F6BFE01703C01017FCBFE01E1E80183A
:106A400017F6BFE00B078010CCFFFF100BFABFE07A
:106A5000260680180618000017FCBFE02603001069
:106A600017F9BFE04400801015F9BFE017F9BFE047
:106A700026030010170280E04C0080102610001042
:106A800017F9FFE017F8BFE00E0E801817F6BFE009
:106A900015F7BFE017F9BFE015F8BFE017F8BFE042
:106AA000260F0010060700003A88010006050000C6
:106AB0003A880100060300003A8801000601000040
:106AC0003A88010017F6BFE01700801015F6BFE006
:106AD00017F6FFE017FBBFE01EAEBF18060100006F
:106AE0003A88010017F7BFE01E02001017F7BFE059
:106AF0000624000017FBBFE01700C01017F7BFE027
:106B00001E04801817CCA0D04400801015CCA0D053
:106B1000061B000017CDA0D04400801015CDA0D0DA
:106B200017F7BFE01700801017F7FFE01701C01834
:106B30001501C01017F7BFE01701801017F7FFE02D
:106B40001700C0181500C01017FBBFE01700C010D9
:106B500017F7BFE01500C01017FBBFE017F7FFE005
:106B60001500C01017F7BFE017FBFFE01501C010BC
:106B700017F7BFE01700801017F7FFE01501C010EE
:106B800017F7BFE03A8837E0170000DF0401C0DEE6
:106B90003A2800F804FEFFDE150100DF040100DFE3
:106BA00015FF3FE117FFBFE015D1A0D03A880100E3
:106BB0003A8837E0170000DF0401C0DE3A2800F809
:106BC00004FFFFDE150000DF3A8839D817D1A0D0C6
:106BD0003A8837E0170000DF0401C0DE3A2800F8E9
:106BE00004FDFFDE1502C0DF150100DF040100DF38
:106BF00017D3A0D0F03F80101E0200103A88050085
:106C0000060E0000040500018010265015FFBFE0AD
:106C100017FFBFE02608001017CFE0D017FFBFE036
:106C20001500C01017FFBFE015CFA0D017D3A0D01C
:106C30004400801015D3A0D017FFBFE03A8837E09A
:106C40001701C0DF170000DF0402C0DE3A2800F899
:106C500004F9FFDE1506C0DF150500DF040500DFBF
:106C600015FF3FE117D4E0D017FFBFE03A88851841
:106C7000D4FFFF002E0280183A880500062100008C
:106C80000401800015FBBFE00401800015FCBFE09B
:106C900017FBBFE017FCFFE02E10801817FCBFE0C9
:106CA000A000801026080010F4FFBF0015FDBFE013
:106CB0003A88010017FFFFE017FDBFE03A70841823
:106CC0002606001006030000005325503A880500F0
:106CD000060C00003A880500060A000017FF3FE195
:106CE0008010265015FEBFE017FEBFE026040010FE
:106CF00017D4E0D017FFBFE03A88851815D4A0D08C
:106D000017FEBFE03A8837E01701C0DF170000DF49
:106D10000402C0DE3A2800F804FCFFDE1503C0DFE1
:106D2000150200DF040200DF15FE3FE115FF7FE1E1
:106D300017FEBFE02602001017FE3FE1C0132650E9
:106D400017D4E0D017FFBFE03AC8851815D4A0D0FB
:106D50003A8801003A8837E01701C0DF170000DFEA
:106D60000402C0DE3A2800F804F9FFDE1506C0DF91
:106D7000150500DF040500DF15FE3FE115FF7FE18B
:106D80003A880900C0BF4650C40F400117FE3FE1DA
:106D900080AE025026030010005325503A880500AB
:106DA00006BA000017FE3FE14005485015FCBFE061
:106DB00017FCBFE0264A001017FFBFE00300801059
:106DC000CC3F80101C20801004E0BF10D81D801024
:106DD0001E09001017FCBFE08B058010CCFFBF1010
:106DE0000C0880101E04001084F93F01C0BF4650FB
:106DF0003A88050006A5000080C4465015FDBFE096
:106E000017FDBFE01E04001004FB3F01C0BF465049
:106E10003A880500069D000017FDBFE017FCFFE063
:106E20001501C01017FCBFE01706C01017FDBFE02A
:106E30001502C01017FFBFE003008010CC3F801088
:106E40001C20801004E0BF10581880101E0A00108B
:106E500017FCBFE0170680102607001017FCBFE0E4
:106E60001706C01017FCBFE0170880103A88871873
:106E700017FDBFE01502C01017FFBFE00300801030
:106E8000CC3F80101C20801004E0BF10D81D801063
:106E90001E11001017FCBFE01507001017FCBFE023
:106EA0001508001017FCBFE08B05801014808010BF
:106EB0003A88071017FCBFE08D05C01017FCBFE033
:106EC0008B05C01084FFBF003A7084183A88071001
:106ED00017FCBFE08D05C01017FDBFE0066B00007A
:106EE00017FFBFE003008010CC3F80101C208010F3
:106EF00004E0BF10A01C80101E12001017CEA0D0FE
:106F000015FBBFE0060D000017FBBFE01701801066
:106F100017FF7FE117FE3FE13AE83E1015FDBFE0A5
:106F200017FDBFE02602001017FDBFE00657000066
:106F300017FBBFE01700801015FBBFE017FBBFE099
:106F40001EF13F1017FFBFE003008010CC3F801000
:106F50001C20801004E0BF10A01C80101E480010F0
:106F600017D5A0D0F03F80101E04001004FB3F0195
:106F7000C0BF46503A8805000644000017FE3FE1B6
:106F8000402C0350700480101E04001084FD3F014B
:106F9000C0BF46503A880500063C0000040B0001C3
:106FA0008010265015FCBFE017FCBFE01E04001047
:106FB00004FB3F01C0BF46503A880500063300007D
:106FC00080C4465015FDBFE017FDBFE01E0600104F
:106FD00017FC3FE1C013265004FB3F01C0BF4650E1
:106FE0003A8805000629000017D0E0D017FCBFE062
:106FF0001500C01017FCBFE015D0A0D017D5A0D049
:107000004400801015D5A0D017FEBFE0030080100B
:10701000CC3F80101C20801004E0BF10E00B8010DB
:107020001E07001017FEBFE003008010CC3F801049
:107030001C20801004E0BF10181780101E030010E1
:1070400017FEBFE04400801015FEBFE017FCBFE054
:107050000401801017FE7FE13A88091040EB4B5085
:1070600017FCBFE004D8C0008D05C01017FDBFE0BD
:1070700017FCFFE01501C01017FDBFE0060300007C
:10708000C4F93F01C0BF46503A8805003A8837E04E
:107090001701C0DF170000DF0402C0DE3A2800F845
:1070A00004FBFFDE1504C0DF150300DF040300DF6F
:1070B00015FE3FE115FF7FE14401000140B425507A
:1070C00017FF7FE117FE3FE100DD465015FDBFE0F1
:1070D0004401000100C0255017FDBFE03A8837E0A9
:1070E0001701C0DF170000DF0402C0DE3A2800F8F5
:1070F00004F8FFDE1507C0DF150600DF040600DF19
:1071000015FF3FE115FB3FE017CFA0D015FABFE018
:107110000608000017FFFFE017FABFE026088018F6
:1071200017FABFE015FBBFE017FABFE017008010A9
:1071300015FABFE017FABFE01EF63F100601000087
:107140003A88010017FFFFE017FABFE01E518018D0
:1071500017FFBFE01701801015FCBFE017FCBFE070
:107160002638001017FCBFE0170A80102608001010
:1071700017FCBFE0170A801015FDBFE017FDBFE048
:107180001702801017FF3FE13AE83E10063000007A
:1071900017FCBFE08B058010CCFFBF100C208010C7
:1071A000262A001017FCBFE01709C01017FCBFE02B
:1071B000170880103AC88518304080101E23001030
:1071C00017FCBFE0170680102620001017FCBFE058
:1071D000170880103A88091080CB465015FEBFE092
:1071E00017FEBFE02619001017FCBFE01706C010FD
:1071F00017FCBFE0170880103A880D103A880B186A
:1072000017FE3FE14027025017FCBFE01706C010F1
:1072100017FCBFE0170980103A880B103A8809184C
:1072200000D8465017FCBFE017FEFFE01506C0105F
:1072300017FCBFE01708C01017FCBFE01509C0100D
:10724000060200003A880100060100003A880100A9
:1072500017FBBFE02605001017FABFE01700C010AB
:1072600017FBBFE01500C0100603000017FABFE0CF
:107270001700801015CFA0D017FA3FE1C013265099
:1072800017D3A0D0C4FFBF1015D3A0D03A880100F7
:10729000060100003A8801003A8837E01701C0DF94
:1072A000170000DF0402C0DE3A2800F804FDFFDE0C
:1072B0001502C0DF150100DF040100DF15FF3FE10B
:1072C0004401000140B4255017FF3FE180154750AD
:1072D0004401000100C025503A8801003A8837E097
:1072E0001701C0DF170000DF0402C0DE3A2800F8F3
:1072F00004FDFFDE1502C0DF150100DF040100DF21
:1073000015FF3FE14401000140B4255074410101E3
:1073100004C30821809802504401000100C0255098
:107320003A8805003A8837E01701C0DF170000DF10
:107330000402C0DE3A2800F804F9FFDE1506C0DFBB
:10734000150500DF040500DF15FD3FE115FE7FE1B7
:1073500015FFBFE1C4FFBF0015FBBFE017FDBFE095
:1073600015FCBFE0060B000017FCBFE04400C01096
:1073700015FCFFE017FBFFE00500C01003008010C4
:10738000CC3F80101C20801004E0BF1098028010B9
:10739000260C001017FEBFE0C4FFBF1015FEBFE0B3
:1073A00017FEBFE00E08800017FF3FE1C000485005
:1073B00015FBBFE017FBBFE0D8FFBF101EEA3F1070
:1073C000060100003A88010017FCBFE0050000102C
:1073D00017FBBFE0D8FFBF101E03001017FCFFE033
:1073E00017FDBFE02602801817FDBFE00601000070
:1073F0003A8805003A8837E01701C0DF170000DF40
:107400000402C0DE3A2800F804FCFFDE1503C0DFEA
:10741000150200DF040200DF15FF3FE115FE3FE02B
:1074200017FF3FE1C000485015FEBFE017FEBFE068
:10743000D8FFBF101E0200104400800006010000AB
:107440003A8805003A8837E01701C0DF170000DFEF
:107450000402C0DE3A2800F804FDFFDE150200DF5A
:10746000040200DF15FF3FE117CFA0D015FEBFE0FB
:107470000609000017FEBFE01701C01017FFBFE0AC
:107480001E02801817FEBFE01501001017FEBFE0B6
:107490001700801015FEBFE017FEBFE01EF53F107D
:1074A0003A8801003A8837E0170000DF0401C0DEA7
:1074B0003A2800F804F6FFDE1509C0DF150800DFE2
:1074C000040800DF15FF3FE115F83FE017FF3FE13B
:1074D000402C0350440080103A88091000E14B50C2
:1074E00015FBBFE017FF7FE117FB3FE140EB4B507F
:1074F0004401000140B4255017FB3FE140054850CE
:1075000015FCBFE017FCBFE01E060010440100019F
:1075100000C0255017FB3FE140E24B50C4FFBF00C5
:10752000065F000017FCBFE01700801015FDBFE0EC
:1075300015FA3FE017D0A0D015F9BFE0060800000B
:1075400017F9FFE017FCBFE02608801817F9BFE025
:1075500015FABFE017F9BFE01700801015F9BFE07A
:1075600017F9BFE01EF63F10060100003A8801003F
:1075700017F9BFE01E070010005325504401000119
:1075800000C0255017FB3FE140E24B50C4FFBF0055
:107590000643000017FCBFE0170A80102609001000
:1075A00017FCBFE0170A801015FEBFE017FEBFE012
:1075B0001708801017FB3FE13AE83E1015F8BFE0CE
:1075C0000626000017FCBFE08B058010CCFFBF1023
:1075D0000C0880101E0600104401000100C0255058
:1075E00017FB3FE140E24B50C4FFBF00062C0000F8
:1075F00017FCBFE08B058010CCFFBF100C20801063
:10760000260A001017FCBFE017068010260700109E
:1076100017FCBFE01706C01017FCBFE01709801069
:107620003A880B103A88091800D8465017FCBFE07A
:107630008B058010CCFFBF100C10801026050010A9
:1076400017D5A0D0C4FFBF1015D5A0D017FC3FE1BF
:10765000C013265015F83FE03A88010017FABFE042
:107660002604001017FABFE017FDFFE01500C01058
:107670000602000017FDBFE015D0A0D017FC3FE1C7
:10768000004C47504400800015D2A0D044010001B6
:1076900000C0255017FB3FE140E24B5017F8BFE018
:1076A0003A8837E01701C0DF170000DF0402C0DEB0
:1076B0003A2800F804F6FFDE1509C0DF150800DFE0
:1076C000040800DF15FC3FE115FD7FE115FEBFE179
:1076D00015FFFFE14401000140B4255017FF3FE1D1
:1076E000C0384850264E001017FFBFE01701801029
:1076F0001E0400104401000100C025503A88050016
:10770000064A000017FFBFE017018010170A80101B
:107710002610001017FFBFE017018010170A801015
:1077200015F9BFE017F9BFE01703801017FFFFE15D
:1077300017FEBFE117FD7FE117FC3FE13AE83E107D
:1077400015FABFE04401000100C0255017FABFE060
:107750000636000017FFBFE01701801017068010E3
:107760001E0400104401000100C025503A880500A5
:10777000062E000017FEFFE017FDBFE03A3885181F
:1077800015F8BFE017FFBFE0170280103A88071016
:1077900017FFBFE017018010170680103AC8851840
:1077A00015FBBFE017FBFFE017F8BFE03A8885182C
:1077B00017FFFFE01701C0181708C0182E06801821
:1077C00017FFBFE0170180101708C01017FBBFE0BC
:1077D0003AC8851815F8BFE017FFBFE01702801000
:1077E00017F8BFE13A880B1017FC3FE14027025021
:1077F00017FFBFE01702C01017F8BFE03A888718DC
:1078000017FFBFE01502C0104401000100C0255061
:1078100017FD7FE117F83FE1408E1050060300008E
:107820004401000100C025503A8805003A8837E03D
:107830001701C0DF170000DF0402C0DE3A2800F89D
:1078400004F2FFDE150DC0DF150C00DF040C00DFB5
:1078500015FC3FE115FD7FE115FEBFE115FFFFE1DE
:1078600017FF3FE1C03848501E020010440280005C
:1078700006DA000017FFBFE017018010170A80101A
:10788000260E001017FFBFE017018010170A8010A6
:1078900015F4BFE017F4BFE01704801017FFFFE1F5
:1078A00017FEBFE117FD7FE117FC3FE13AE83E100C
:1078B00015F5BFE017F5BFE006C8000017FFBFE0F1
:1078C000170180101E0200103A88050006C3000050
:1078D00017FFBFE01701801015F6BFE017F6BFE0F5
:1078E0008B058010CCFFBF100C0880101E05001007
:1078F00017FFBFE084F9FF001504C0103A880500A7
:1079000006B6000017FDFFE017FEBFE03A38851805
:1079100015F7BFE017F7BFE01E0200103A88050018
:1079200006AE000017F6BFE0170680101E3D0010DF
:1079300017F7BFE0C4FFBF107AD3041044008010D3
:107940007A93041015F8BFE017F83FE180CB46505A
:107950003A88071017F6BFE01506C01017F6BFE00B
:10796000170680101E05001017FFBFE004FBFF0084
:107970001504C0103A8805000698000017F6BFE00D
:1079800017F8FFE01509C01017F6BFE017F7FFE082
:107990001507C01017F6BFE017F7FFE01508C01075
:1079A00017F6BFE01706C01017F7BFE03A88871830
:1079B00017FFBFE01502C01017F6BFE08B05C0101F
:1079C00084FFBF003A7084183A88071017F6BFE0AA
:1079D0008D05C01017F6BFE08B0580101480801055
:1079E0003A88071017F6BFE08D05C01017F6BFE004
:1079F0008B058010142080103A88071017F6BFE01E
:107A00008D05C01017F6BFE01706801017F7BFE10D
:107A100017FC7FE13A8809104027025017FEBFE0AB
:107A2000066E000017FFBFE0170280103A880710AB
:107A300017F6BFE0170680103AC8851815F9BFE0A1
:107A400017F9FFE017F7BFE03A88851817F6FFE04F
:107A50001709C0182E38801817F9FFE017F7BFE094
:107A60003A888518C4FFBF107AD3041044008010F0
:107A70007A93041015FABFE017FA3FE180CB465025
:107A800015FBBFE017FBBFE01E05001017FFBFE0AE
:107A900004FBFF001504C0103A880500064F0000E3
:107AA00017F6BFE01706C01017F6BFE017088010E2
:107AB0003A880D103A880B1817FB3FE14027025017
:107AC00017F6BFE08B058010CCFFBF100C20801094
:107AD0002607001017F6BFE01706C01017F6BFE024
:107AE000170980103A880B103A88091800D84650B8
:107AF00017F6BFE017FBFFE01506C01017F6BFE052
:107B000017FAFFE01509C01017F6BFE08B058010CB
:107B1000142080103A88071017F6BFE08D05C010BA
:107B200017F6BFE01706C01017F9BFE03A888718AC
:107B300017FFBFE01502C01017FFBFE0170280104B
:107B400017F7BFE117FC7FE13A8809104027025080
:107B500017FFBFE01702C01017F7BFE03A88871879
:107B600017FFBFE01502C01017F9FFE017F7BFE0DD
:107B70003A88851817F6FFE01708C0182E058018F8
:107B800017F9FFE017F7BFE03A88871817F6BFE04C
:107B90001508C01017F6BFE01708C01017F6BFE0B1
:107BA0001507C01017F6BFE08B05C01084FFBF009B
:107BB0003A7084183A88071017F6BFE08D05C01098
:107BC00017F6BFE08B058010148080103A880710EC
:107BD00017F6BFE08D05C01017FEBFE03A8837E00A
:107BE0001701C0DF170000DF0402C0DE3A2800F8EA
:107BF00004F9FFDE1506C0DF150500DF040500DF10
:107C000015FC3FE115FD7FE115FEBFE115FFFFE12A
:107C10004401000140B4255017FFFFE117FEBFE10A
:107C200017FD7FE117FC3FE1808A475015FBBFE05D
:107C30004401000100C0255017FBBFE03A8837E03F
:107C40001701C0DF170000DF0402C0DE3A2800F889
:107C500004F9FFDE1506C0DF150500DF040500DFAF
:107C600015FD3FE115FE7FE115FFBFE14401000175
:107C700040B4255017FD3FE1C0384850263F001062
:107C800017FDBFE0170180101E0400104401000121
:107C900000C02550C4FFBF00063B000017FDBFE039
:107CA00017018010170A8010260F001017FDBFE083
:107CB00017018010170A801015FBBFE017FBBFE00B
:107CC0001705801017FFBFE117FE7FE117FD3FE1A9
:107CD0003AE83E1015FCBFE04401000100C0255009
:107CE00017FCBFE00628000017FFBFE06000C010CF
:107CF0001E0B0018A000C0101E1000181E1B001044
:107D000017FDBFE0170180101706C01017FEBFE077
:107D10003A88871817FDBFE01502C010061300004F
:107D200017FDBFE01702C01017FEBFE03A888718A2
:107D300017FDBFE01502C010060C000017FDBFE0E4
:107D4000170180101706C01017FDBFE01701801043
:107D50001708001117FEBFE03A8885203A88871877
:107D600017FDBFE01502C0103A8801004401000170
:107D700000C025503A8805000603000044010001B8
:107D800000C02550C4FFBF003A8837E01701C0DFAC
:107D9000170000DF0402C0DE3A2800F804FBFFDE13
:107DA0001504C0DF150300DF040300DF15FF3FE10A
:107DB0004401000140B4255017FF3FE1C03848504E
:107DC0002632001017FFBFE0170180101E040010BC
:107DD0004401000100C02550C4FFBF00062E000072
:107DE00017FFBFE017018010170A8010260D001042
:107DF00017FFBFE017018010170A801015FDBFE0C4
:107E000017FDBFE01706801017FF3FE13AE83E106C
:107E100015FEBFE04401000100C0255017FEBFE081
:107E2000061D000017FFBFE01702C01017FFBFE0DC
:107E3000170180101706001117FFBFE0170180100F
:107E4000170880103A8885201E068018440100011A
:107E500000C0255017FFBFE01701801017088010E1
:107E6000060D00004401000100C0255017FFBFE0CF
:107E7000170280103A88071017FFBFE01701801023
:107E8000170680103AC88518060300004401000157
:107E900000C02550440280003A8837E01701C0DF57
:107EA000170000DF0402C0DE3A2800F804FBFFDE02
:107EB0001504C0DF150300DF040300DF15FF3FE1F9
:107EC00017FF3FE1C0384850262F001017FFBFE0D2
:107ED000170180101E020010C4FFBF00062C000016
:107EE00017FFBFE017018010170A80102609001045
:107EF00017FFBFE017018010170A801015FEBFE0C2
:107F000017FEBFE01707801017FF3FE13AE83E1069
:107F1000061F000017FFBFE0170180101706801032
:107F20001E020010C4FFBF000619000017FFBFE0CB
:107F30001702C01017FFBFE01701801017060011CD
:107F400017FFBFE017018010170880103A888520BE
:107F500036038018C4FFBF0015FDBFE0060800000F
:107F600017FFBFE0170280104400001117FFFFE069
:107F70001502001903008010CC3F801015FDBFE0F2
:107F800017FDBFE00602000000532550C4FFBF00EC
:107F90003A8837E01701C0DF170000DF0402C0DEB7
:107FA0003A2800F804FCFFDE1503C0DF150200DFED
:107FB000040200DF15FF3FE14401000140B42550F9
:107FC00017FF3FE140F1475015FEBFE044010001BB
:107FD00000C0255017FEBFE03A8837E01701C0DF28
:107FE000170000DF0402C0DE3A2800F804FBFFDEC1
:107FF0001504C0DF150300DF040300DF15FF3FE1B8
:1080000017FFBFE003008010CC3F80101C208010C1
:1080100004E0BF10E00B80101E07001017FFBFE048
:1080200003008010CC3F80101C20801004E0BF10A3
:10803000181780101E19001017FF3FE1001C485050
:1080400015FEBFE017FEBFE01E12001017FFBFE0D5
:1080500003008010CC3F80101C20801004E0BF1073
:10806000E00B80101E07001017FFBFE00300801018
:10807000CC3F80101C20801004E0BF101817801027
:108080001E06001017FFBFE04400801015FFBFE080
:108090000602000017FEBFE015FFBFE0C40F40015D
:1080A00017FF3FE180AE0250260300100053255019
:1080B0003A8805000611000017D0A0D015FDBFE0DA
:1080C000060B000017FDBFE0040180103A880B107A
:1080D00017FF3FE100A30C501E02001017FDBFE088
:1080E0000606000017FDBFE01700801015FDBFE079
:1080F00017FDBFE01EF33F103A8805003A8837E0CD
:108100001701C0DF170000DF0402C0DE3A2800F8C4
:1081100004FCFFDE1503C0DF150200DF040200DFF0
:1081200015FF3FE14401000140B4255017FF3FE136
:108130004005485015FEBFE04401000100C0255035
:1081400017FEBFE03A8837E01701C0DF170000DFF5
:108150000402C0DE3A2800F804F9FFDE1506C0DF8D
:10816000150500DF040500DF15FF3FE117FF3FE1C4
:1081700000F0235015FCBFE01756A0D015FBBFE060
:10818000063A000017FBBFE04400801015FBBFE07B
:1081900017FBBFE003008010CC3F80101C20801034
:1081A00004E0BF10E00B80101EF63F1017FBBFE08D
:1081B00003008010CC3F80101C20801004E0BF1012
:1081C00026370010C40B400117FB3FE180AE025080
:1081D00015FEBFE017FEBFE02605001017FEFFE00A
:1081E00017FBBFE03AC8851815FDBFE00607000081
:1081F00017FB3FE1402C035015FDBFE006030000D4
:1082000017FCBFE04400801015FCBFE017FCBFE086
:1082100003008010CC3F80101C20801004E0BF10B1
:10822000E00B80101EF63F1017FDBFE03A880D10DE
:1082300017FB7FE117FC3FE140F44B501E09001093
:1082400017FDBFE017FBFFE03A88851815FBBFE07C
:1082500017FDBFE017FCFFE03A88851815FCBFE06A
:10826000060200003A8805000629000017FBBFE05F
:1082700003008010CC3F80101C20801004E0BF1051
:108280002608001017FCBFE003008010CC3F8010D0
:108290001C20801004E0BF101EBD3F10060100002E
:1082A0003A88010017FBBFE003008010CC3F80102C
:1082B0001C20801004E0BF101E14001006030000F4
:1082C00017FCBFE04400801015FCBFE017FCBFE0C6
:1082D00003008010CC3F80101C20801004E0BF10F1
:1082E000201780101EF63F1017FCBFE0030080101F
:1082F000CC3F80101C20801004E0BF10E00B8010E9
:108300001EEF3F1017FCBFE0060100003A88050091
:108310003A8837E01701C0DF170000DF0402C0DE33
:108320003A2800F804FDFFDE150200DF040200DF3A
:1083300015FF3FE117CFA0D015FEBFE006080000F3
:1083400017FEFFE017FFBFE01E0280184400800008
:108350000606000017FEBFE01700801015FEBFE004
:1083600017FEBFE01EF63F103A8805003A8837E056
:10837000170000DF0401C0DE3A2800F804FCFFDE2D
:108380001503C0DF150200DF040200DF15FF3FE127
:108390004401000140B4255017FF3FE1C038485068
:1083A00015FEBFE04401000100C0255017FEBFE0EC
:1083B0003A8837E01701C0DF170000DF0402C0DE93
:1083C0003A2800F804FDFFDE1502C0DF150100DFCA
:1083D000040100DF15FF3FE14401000140B42550D6
:1083E00017FF3FE1C0384850260500104401000146
:1083F00000C0255017FFBFE01704801006030000DF
:108400004401000100C02550C4FFBF003A8837E096
:108410001701C0DF170000DF0402C0DE3A2800F8B1
:1084200004FDFFDE1502C0DF150100DF040100DFDF
:1084300015FF3FE14401000140B4255017FF3FE123
:10844000C0384850260500104401000100C02550E6
:1084500017FFBFE0150400100602000044010001F0
:1084600000C025503A8837E01701C0DF170000DF51
:108470000402C0DE3A2800F804FEFFDE150100DF2A
:10848000040100DF15FF3FE017FFBFE03A8837E047
:10849000170000DF0401C0DE3A2800F804FEFFDE0A
:1084A0001501C0DF150000DF3A8839D81741A0D088
:1084B000260300101741A0D03AE83E100601000044
:1084C0000463A0D03A8837E01701C0DF170000DF4F
:1084D0000402C0DE3A2800F804F7FFDE1506C0DF0C
:1084E000150500DF040500DF15FE3FE115FF7FE104
:1084F000150280E11503C0E117FEBFE0160600106B
:1085000017FEBFE02403C01074418100041D9110C8
:108510003A888518060100003A88050015FBBFE07F
:1085200017FBBFE0262A001017FFBFE0E000C010D5
:108530001E030018200180101E070010061E0000F8
:1085400017FBBFE01702C01034009000C4FFBF103B
:108550003A70841806230000040280E015FDBFE095
:1085600017FDBFE00401C01015FDFFE017008010EB
:1085700015FCBFE017FBBFE01702C010C4FDAF0041
:108580003A70861817FBBFE01502C01017FBBFE05A
:10859000170280103A88071017FCBFE00C029010F9
:1085A0003AB084183A88071017FBBFE01502C010D4
:1085B0003A880500060B0000405048503A880710E2
:1085C0008405800015008018C4FFBF000605000068
:1085D000405048503A880710441480001500801815
:1085E000C4FFBF003A8837E01701C0DF170000DF83
:1085F0000404C0DE3A2800F804FBFFDE1504C0DFE7
:10860000150300DF040300DF15FF3FE1173CA0D096
:1086100015FDBFE00631000017FDBFE01702801016
:108620003A880910402C035015FEBFE017FDBFE04B
:108630001702C01017FEBFE0C4FFBF103A888518AC
:1086400003008010CC3F80101C20801004E0BF107D
:10865000D80B80101E03001017FEBFE0C4FFBF1030
:1086600015FEBFE017FEBFE017FFFFE03A88851850
:1086700003008010CC3F80101C20801004E0BF104D
:10868000E00B80101E08001017FEBFE017FFFFE090
:108690003A88851803008010CC3F80101C20801081
:1086A00004E0BF101E0A001017FDBFE01702801083
:1086B00017FEFFE03A880D1817FF7FE13A8809108E
:1086C00080E34B501E02001017FDBFE006070000BC
:1086D00017FDBFE01700801015FDBFE017FDFFE09C
:1086E000043CA0D01ECCBF183A8805003A8837E079
:1086F0001701C0DF170000DF0402C0DE3A2800F8CF
:1087000004F9FFDE1506C0DF150500DF040500DFF4
:1087100015FF3FE104FABF0015FCBFE017A3A0D08E
:1087200015FDBFE00DFE3FE00BFEBFE084FEFFE065
:108730003A880D183A880B1017FD3FE180C3185096
:1087400015FB3FE00619000074418100041D9110E3
:1087500017FBFFE02403C0183A88C51017008010EB
:108760001E0F001074418100041D911017FBFFE0E3
:108770002403C0183A88C51017FFFFE01500C01089
:108780001740E0D017FBBFE00E02801817FBBFE0D8
:108790001540A0D017FBBFE015FCBFE006060000A7
:1087A00017FBBFE04400801015FBBFE017FBBFE0E4
:1087B000100880101EE43F1017A3A0D03A880910BB
:1087C00000FB185017FCBFE03A8837E01701C0DF04
:1087D000170000DF0402C0DE3A2800F804FEFFDEC6
:1087E000150100DF040100DF15FF3FE117FFBFE0C7
:1087F00084FEBF102804C0101E1A0018BA9006107C
:1088000074418100041FA2103A8885181700801057
:108810003A680010BC880405BC880405CC880405AF
:10882000CC880405CC880405BC880405C4880405EC
:10883000CC880405BC880405BC880405CC880405E4
:10884000BC880405C4880405CC880405CC880405CC
:10885000BC88040544008000060300003A88050037
:10886000060100003A8805003A8837E0170000DF6B
:108870000401C0DE3A2800F804FAFFDE1505C0DF67
:10888000150400DF150300DC040400DF15FE3FE1E2
:10889000436BA0D0CC3F80101E03001017FE3FE1B9
:1088A000C0B833500633000017A5A0D015FDBFE0B7
:1088B00017FEBFE0F4034001049050293A880910E4
:1088C000408E10503A88071017FDBFE03A38A118C3
:1088D00017FEBFE0F4034001049050293A880910C4
:1088E000809410503A88071017FDBFE03A38851879
:1088F000F4034001049050293A880910408E10502A
:108900003A88858015FCBFE006070000D4FF3F01D0
:10891000C0A31A5017FCFFE0F4FFBF004400801012
:108920003A88851815FCBFE017FCBFE0D4FFFF00B4
:1089300036F6BF1817FCBFE0CCFFBF103A8809100D
:10894000C0A31A5017FD7FE1F40300010490102129
:10895000408E10503A88071017FEBFE03A880B1877
:108960003A880910809410503A880910C0B83350E2
:108970003A88050004FFFFE61702C0DF170100DF99
:10898000170000DC0403C0DE3A2800F804FEFFDE16
:108990001501C0DF150000DF3A8839D817DDE0D0B7
:1089A0001795A0D02E018018C04A4B5040992750EF
:1089B00000A848501786E0D01795A0D02E01801847
:1089C0004002225017D7E0D01795A0D03604801867
:1089D0001795A0D004FAC01017D7A0D02E08801881
:1089E0001795A0D00419801015D7A0D017D8A0D003
:1089F0002602001017D8A0D03AE83E100066455075
:108A00003A8801003A8837E01701C0DF170000DF1D
:108A10000402C0DE3A2800F804FCFFDE1503C0DFC4
:108A2000150200DF040200DF15FF3FE017D9A0D0D8
:108A30000E56800015FE3FE0064F0000B441810055
:108A40000413B51017FEFFE02405C0183A88C510BE
:108A50001700801026450010B44181000413B510A2
:108A600017FEFFE02405C0183A88C51004038010E3
:108A70001700C0101795A0D02E368018B441810081
:108A80000413B51017FEFFE02405C0183A88C5107E
:108A900004048010170080101E2E0010B4418100C5
:108AA0000413B51017FEFFE02405C0183A88C5105E
:108AB000040280101700C0101795A0D03A888718BC
:108AC000B44181000413B51017FE3FE124050021D5
:108AD0003A880511040380101500C010B4418100CC
:108AE0000413B51017FEFFE02405C0183A88C5101E
:108AF000040480104400C0001500C010B44181007F
:108B00000413B51017FEFFE02405C0183A88C510FD
:108B10001700C010B44181000413B51017FE3FE1E7
:108B2000240500213A8805110401801017008010E7
:108B30003A8809103AE83E18B44181000413B51090
:108B400017FEFFE02405C0183A88C5100404801001
:108B50001500001017FFBFE04400801015FFBFE0B4
:108B600017D9A0D017FFFFE00E07801817FEBFE04F
:108B70004400801015FEBFE017FEBFE050018010DA
:108B80001EAE3F10060100003A8801003A8801003D
:108B90003A8837E01701C0DF170000DF0402C0DEAB
:108BA0003A2800F804FAFFDE1505C0DF150400DFDF
:108BB000040400DF15FD3FE115FE7FE115FFBFE175
:108BC00015FC3FE006460000B44181000413B510D7
:108BD00017FCFFE02405C0183A88C5101700801064
:108BE0001E3C0010B44181000413B51017FCFFE0D7
:108BF0002405C0183A88C51017FDFFE01500C01005
:108C0000B44181000413B51017FCFFE02405C0181F
:108C10003A88C5100401801017FFFFE01500C0104E
:108C200017FEBFE02419801004FA40013A880910A9
:108C3000C07E10503A880910B44181000413B51069
:108C400017FCFFE02405C0183A88C5100402801004
:108C500015000011B44181000413B51017FCFFE0AA
:108C60002405C0183A88C510040280101700C010EF
:108C70001795A0D03A888718B44181000413B51025
:108C800017FC3FE1240500213A88051104038010F8
:108C90001500C010B44181000413B51017FCFFE0AB
:108CA0002405C0183A88C51004048010150000106F
:108CB00017D9A0D04400801015D9A0D017FCBFE070
:108CC0002405C010B44181000413B5103A888518FA
:108CD0000607000017FCBFE04400801015FCBFE051
:108CE00017FCBFE0500180101EB73F103A88050006
:108CF0003A8837E01701C0DF170000DF0402C0DE4A
:108D00003A2800F804FCFFDE1503C0DF150200DF7F
:108D1000040200DF15FF3FE115FE3FE006160000EC
:108D200017FEBFE02405C010B44181000413B51044
:108D30003A8885183A88071017FFBFE01E0B801885
:108D4000B44181000413B51017FEFFE02405C018DC
:108D50003A88C5101500001017D9A0D0C4FFBF1065
:108D600015D9A0D03A8805000608000017FEBFE01C
:108D70004400801015FEBFE017FEBFE050018010D8
:108D80001EE73F100053255084FDBF003A8837E0AE
:108D90001701C0DF170000DF0402C0DE3A2800F828
:108DA00004EFFFDE1510C0DF150F00DF150E40DCED
:108DB000150D00DC040F00DF15FD3FE105F33FE07A
:108DC000B4418100042CB510170080104400C0107D
:108DD000B4418100042CB5101500C01017FDBFE090
:108DE0001703801015F4BFE017FDBFE01704C01093
:108DF00017F4BFE003008010CC3F8010CC0380103C
:108E00003A8885103A8885103AC8851815F5BFE06C
:108E100017FDBFE01707801015F6BFE01782A0D03E
:108E20000C008110261500101782A0D00C80801035
:108E30002612001017F6BFE0CC3F001117F6BFE076
:108E40003AD20410CC3F401117F6BFE03AD40410D8
:108E5000CC3F801017F6FFE03AD606181501C0D8AF
:108E6000150080D83A880F283A880D2017F57FE141
:108E70007441010104D008214070025017F4BFE092
:108E800003008010CC3F8010CC0380103A888510FE
:108E90003A8885103A88071017F4BFE03A88C51061
:108EA00015F7BFE017F7BFE08B0080100DF8BFE0AB
:108EB00017F7BFE08D00001017F5BFE04C008010E1
:108EC0002609001017F7FFE017F5BFE03A8885186C
:108ED0000300801005F3BFE017F7FFE017F5BFE0D0
:108EE0003A8885180500001017F5BFE0440080108F
:108EF0007AD004103A880B1017F73FE18096235080
:108F00003A3084008DF8BFE017F5BFE04C008010C8
:108F10002605001017F7FFE017F5BFE03A8885181F
:108F200003F3FFE00500C0108BF8FFE00BF8BFE093
:108F30002624801817F7BFE00BF8FFE08D00C01063
:108F40001782A0D00C008110260F00101782A0D02D
:108F50000C808010260C00100BF8BFE08BF8FFE0AF
:108F60003A880D183A880B107441010104D8082181
:108F7000407002501782A0D08C0080102602001092
:108F800017FD3FE1C0A53D50B4418100042CB51050
:108F9000170180104400C010B4418100042CB510AA
:108FA0001501C01084000001C07A255017FD3FE173
:108FB000C0FA2450840000010087255004F8BF0047
:108FC0000649020017F7BFE00BF8FFE08D00C01064
:108FD00017F7BFE003008010CC3F80101C208010EA
:108FE00004E0BF102804C0101E250218BA90061015
:108FF00074418100041BA4103A8885181700801062
:109000003A68001020930405E8980405E8980405E0
:109010004893040544940405E0940405E898040585
:10902000E8980405AC900405E8980405E898040560
:10903000149604051C97040580970405E898040518
:10904000B4980405B4418100042CB51017078010B2
:109050004400C010B4418100042CB5101507C010A5
:109060001782A0D00C008110261400101782A0D007
:109070000C8080102611001017F6BFE0CC3FC01006
:1090800017F6BFE03AD20410CC3F001117F6BFE04C
:109090003AD40410CC3F401117F6BFE03AD6041082
:1090A000150080D83A880F283A880D203A880B1886
:1090B0007441010104E308214070025017F7BFE03A
:1090C0000500001017F7BFE08D00001017F5BFE096
:1090D0004C0080102609001017F7FFE017F5BFE0DD
:1090E0003A8885180300801005F3BFE017F7FFE00A
:1090F00017F5BFE03A8885180500001017F5BFE0A6
:10910000440080107AD004103A880B1017F73FE122
:10911000809623503A3084003A88071017F7BFE052
:109120008D00C01017F5BFE04C0080102605001020
:1091300017F7FFE017F5BFE03A88851803F3FFE063
:109140000500C01017F4BFE017048010E0FFBF1047
:109150001E1F001017F4BFE0170480103AD6061047
:1091600017F4BFE0170480103AD204100CC0BF10EF
:109170003AB0861817F4BFE0170480100CC0BF1077
:109180003A9204103AB0861817F4BFE01704801022
:109190003A9604103AB084182C00FC103400B80041
:1091A000260B801817F4BFE01704C01017FDBFE0AE
:1091B00017068010170A001117FDBFE01706801070
:1091C000170C80103A3084003AB084201E068018B4
:1091D00017FDBFE017068010170AC01017F4BFE094
:1091E0001503C0100604000017F4BFE01704C010F8
:1091F00017F4BFE01503C01017F4BFE017F6FFE047
:109200001504C010B4418100042CB510171580104E
:109210004400C010B4418100042CB5101515C010D5
:10922000B4418100042CB510170D80104400C0100B
:10923000B4418100042CB510150DC01017FDBFE01E
:1092400017F6FFE01507C01017FDBFE01703C010A9
:1092500017F4BFE003008010CC3F8010CC038010D7
:109260003A8885103A8885103A88871817FDBFE03C
:109270001503C01017FDBFE017F5FFE01504C0107F
:1092800017FD7FE14400000180963C5015F9BFE0D6
:1092900017F9BFE00E0600101782A0D00C00811055
:1092A000260300107441010104EC0821809802504B
:1092B0003A880500068C0100B4418100042CB510E9
:1092C000170880104400C010B4418100042CB51070
:1092D0001508C01017FD3FE140253F5006820100F0
:1092E000B4418100042CB510170280104400C01056
:1092F000B4418100042CB5101502C01017F7BFE06F
:1093000015FABFE01782A0D00C008110262F0010A4
:109310007441010104F108214070025017FABFE0C6
:1093200043008010CC3F00111C20002104E03F21AD
:1093300017FABFE017068010CC3F401117FABFE0C4
:10934000170680103AD20410CC3F801117FABFE004
:10935000170680103AD40410CC3F801017FAFFE0B3
:109360001706C0183AD606181501C0D8150080D8BF
:109370003A880F303A880D283A880B207441010151
:1093800004FA08214070025017F6BFE0CC3FC0102D
:1093900017F6BFE03AD20410CC3F001117F6BFE039
:1093A0003AD40410CC3F401117F6BFE03AD604106F
:1093B000150080D83A880F283A880D203A880B1873
:1093C0007441010104FF08214070025017FA7FE147
:1093D00017FD3FE100F8495006420100B441810009
:1093E000042CB510170580104400C010B441810052
:1093F000042CB5101505C0101782A0D00C008110E8
:109400002616001017F6BFE0CC3FC01017F6BFE0DD
:109410003AD20410CC3F001117F6BFE03AD4041042
:10942000CC3F401117F6BFE03AD60410150080D8A3
:109430003A880F283A880D203A880B1874410101A8
:1094400004040921407002501782A0D08C008010C3
:109450002602001017FD3FE1C0A53D508400000129
:10946000C07A255017FD3FE1C0FA24508400000166
:1094700000872550061B0100B4418100042CB51063
:10948000170680104400C010B4418100042CB510B0
:109490001506C01017F7BFE015FBBFE01782A0D07C
:1094A0000C008110262A001017FBBFE01706801061
:1094B000CC3FC01017FBBFE0170680103AD2041053
:1094C000CC3F001117FBBFE0170680103AD4041000
:1094D000CC3F401117FBBFE0170680103AD60410AE
:1094E000150080D83A880F283A880D203A880B1842
:1094F00074410101040E09214070025017FBBFE0C6
:1095000017018010CC3FC01017FBBFE0170180107F
:109510003AD20410CC3F001117FBBFE017018010B6
:109520003AD40410CC3F401117FBBFE01701801064
:109530003AD60410150080D83A880F283A880D20B2
:109540003A880B1874410101041809214070025037
:1095500017FBBFE01706001417FBBFE0170140140C
:1095600017FDBFE0170680103A880910C0E12150AE
:109570003A88071004018000150080D83A880F1837
:109580003A880D88C4FF7F013A88098000713F50F6
:1095900084000001C07A255017FD3FE1C0FA245035
:1095A000840000010087255006CE0000B4418100F0
:1095B000042CB510170380104400C010B441810082
:1095C000042CB5101503C0101782A0D00C00811018
:1095D0002631001017F7BFE015FCBFE017FDBFE014
:1095E00017078010CC3FC01017FDBFE01707801091
:1095F0003AD20410CC3F001117FDBFE017078010CE
:109600003AD40410CC3F401117FDBFE0170780107B
:109610003AD60410150080D83A880F283A880D20D1
:109620003A880B1874410101041C09214070025052
:1096300017FCBFE017068010CC3FC01017FCBFE03E
:10964000170680103AD20410CC3F001117FCBFE07F
:10965000170680103AD40410CC3F401117FCBFE02D
:10966000170680103AD60410150080D83A880F28C3
:109670003A880D203A880B1874410101042509210C
:10968000407002501782A0D08C008010260200107B
:1096900017FD3FE1C0A53D5084000001C07A255070
:1096A00017FD3FE1C0FA24508400000100872550D7
:1096B000068C0000B4418100042CB5101704801002
:1096C0004400C010B4418100042CB5101504C01032
:1096D0001782A0D00C0081102603001074410101F4
:1096E000042A0921809802501782A0D08C00801093
:1096F0002602001017FD3FE1C0A53D508400000187
:10970000C07A255017FD3FE1C0FA245084000001C3
:109710000087255006730000B4418100042CB51069
:10972000170980104400C010B4418100042CB5100A
:109730001509C0101782A0D00C008110260300105C
:1097400074410101043209218098025017F7BFE0EB
:109750008403C0000500C01017F7BFE08D000010A3
:109760008402400117F73FE1809623503A3084008D
:109770003A88071017F7BFE08D00C01017F4BFE05C
:109780001704C01017F4BFE01503C01017F4BFE0B2
:1097900017F6FFE01504C010B4418100042CB51089
:1097A000170D80104400C010B4418100042CB51086
:1097B000150DC010B4418100042CB510171780108E
:1097C0004400C010B4418100042CB5101517C0101E
:1097D00017FDBFE01703C01017F4BFE003008010AF
:1097E000CC3F8010CC0380103A8885103A888510D1
:1097F0003A88871817FDBFE01503C01017FDBFE0BA
:109800000405C0001504C01017FDBFE017F6FFE007
:109810001507C01017FD7FE14400000180963C5001
:1098200015F9BFE017F9BFE00E0600101782A0D0AF
:109830000C00811026030010744101010439092134
:10984000809802503A880500062700001782A0D0B1
:109850000C0081102603001074410101044209210B
:109860008098025084000001C07A255017FD3FE126
:10987000C0FA24508400000100872550061900001A
:109880001782A0D00C008110260E001017F7BFE041
:1098900003008010CC3F80101C20801004E0BF101B
:1098A0003A880B10744101010448092140700250AC
:1098B0001782A0D08C0080102602001017FD3FE117
:1098C000C0A53D5084000001C07A255017FD3FE13E
:1098D000C0FA2450840000010087255084008000D5
:1098E000060100008400800004FEFFE61703C0DFCD
:1098F000170200DF170140DC170000DC0404C0DEA3
:109900003A2800F804F4FFDE150BC0DF150A00DF6B
:10991000040A00DF15FC3FE115FD7FE115FEBFE104
:1099200015FFFFE11782A0D00C048010261A00104A
:1099300017FFBFE0CC3FC0107441810004E79110D5
:109940003A88C7183A88C7183A88C5101700001116
:1099500017FCBFE0CC3F401117FCBFE03AD2041027
:10996000CC3F801117FCBFE03AD40410CC3F8010EC
:1099700017FCFFE03AD606181501C0D8150080D8AC
:109980003A880F303A880D283A880B20744101013B
:10999000046209214070025084000001C07A255001
:1099A00004850001C0C5245015F8BFE08400000103
:1099B0000087255017F8BFE01E0E00101782A0D0B8
:1099C0000C8080102603001074410101046F0921EE
:1099D00080980250B4418100042CB510170E8010FD
:1099E0004400C010B4418100042CB510150EC01005
:1099F000067F000017F8BFE01703801015F9BFE0DD
:109A000017F9BFE017FDFFE01503C01017F9BFE01D
:109A100017FCFFE01504C01017F8BFE01703801013
:109A20000405C01017F8BFE01503C01017F8BFE019
:109A30001704801004FBFF1017F8BFE01504C010D6
:109A400017F8BFE01702C0E01506C01017F8BFE016
:109A50001703801015FABFE017FFBFE00CC0BF105E
:109A60002606001017FFBFE03AD204103A8807100C
:109A700017FABFE00500C0100603000017FABFE0A8
:109A8000C400C0000500C01017FFBFE03A880710EF
:109A900017FABFE04500C01017FABFE08D010010B3
:109AA00017FABFE08B01C01017FABFE00D01C0101C
:109AB00017FFBFE0CC3F8010180180101E1200106D
:109AC000170280E01709C010170280E01708801005
:109AD0003AC885183AD20510CC3F80103A88091050
:109AE000170280E01709C010170280E017088010E5
:109AF0003AC885183A9204103AB084203A88071080
:109B000017FABFE08D01C01017FABFE00402801001
:109B10000407800117FE7FE13A88091040270250B0
:109B200017FABFE08D0000108404400117FA3FE1EE
:109B3000809623503A3084003A88071017FABFE025
:109B40008D00C01017F8BFE00409C0001504C01054
:109B500017F8BFE017FCFFE01507C01017F87FE10A
:109B60004400000180963C5015FBBFE017FBBFE0AE
:109B70000E0E0010B4418100042CB510170E801099
:109B80004400C010B4418100042CB510150EC01063
:109B90001782A0D00C868010261400107441010199
:109BA000047509218098025006100000B44181001C
:109BB000042CB510170D80104400C010B441810072
:109BC000042CB510150DC010B4418100042CB51043
:109BD000170F80104400C010B4418100042CB51050
:109BE000150FC0103A880100060100003A880100F4
:109BF0003A8837E01701C0DF170000DF0402C0DE3B
:109C00003A2800F804F5FFDE150AC0DF150900DF69
:109C1000040900DF15FE3FE13A88052805FFBFE093
:109C20001782A0D00C0480102630001007FF7FE1BF
:109C300017FEBFE0170380103AD20410CC3FC010CB
:109C400017FEBFE0170380103A920410CCFFBF103C
:109C50003AB08418CC3F801117FEBFE01703801084
:109C60003AD20410CC3FC01017FEBFE0170380109B
:109C70003A920410CCFFBF103AB084183AD20410C4
:109C8000CC3FC01117FEBFE0170380103AD204107A
:109C9000CC3FC01017FEBFE0170380103A920410AB
:109CA000CCFFBF103AB084183AD40410CC3F8010D7
:109CB00017FEFFE01703C0183AD20618CC3F001970
:109CC00017FEFFE01703C0183A920618CCFFFF18E2
:109CD0003AB0C6203AD606181501C0D8150080D86B
:109CE00074410101047E09214070025017FEBFE05B
:109CF00003008010CC0380103A8885103A888510C4
:109D00000404801005F9BFE084000001C07A2550EA
:109D100003F9BFE01780E0D03A88C5100405801031
:109D20003A880910C0C5245015FABFE0840000012C
:109D30000087255017FABFE01E0E00101782A0D032
:109D40000C8080102603001074410101046F09216A
:109D500080980250B4418100042CB510170E801079
:109D60004400C010B4418100042CB510150EC01081
:109D70000664000017FABFE01703801015FBBFE070
:109D800017FEBFE01704C01017FBBFE01503C0109B
:109D900017FEBFE01703C01017FBBFE01504C0108B
:109DA00017FABFE0170380100405C01017FABFE0D0
:109DB0001503C01017FABFE01703801015FCBFE0B1
:109DC00017FCBFE0C402C0000500C01017FCBFE0D4
:109DD00003FFFFE04500C01017FCBFE08D0100103D
:109DE00017FCBFE08B01C01017FCBFE00D01C010D5
:109DF00017FCBFE00402C01017FEBFE00300801094
:109E0000CC3F8010CC0380103A8885103A888510AA
:109E1000040280103A880D1017FE7FE13A88091875
:109E20004027025017FCBFE08D00001003F9BFE08F
:109E30007AD00410CC3F80103A880B1017FC3FE119
:109E4000809623503A3084003A88071017FCBFE010
:109E50008D00C01003F9FFE017FABFE01504C01031
:109E600017FBBFE01704C01017FABFE01507C010BA
:109E700017FA7FE14400000180963C5015FDBFE0D9
:109E800017FDBFE00E0E0010B4418100042CB51088
:109E9000170E80104400C010B4418100042CB5108E
:109EA000150EC0101782A0D00C868010261400104A
:109EB00074410101048E09218098025006100000AF
:109EC000B4418100042CB510170D80104400C0105F
:109ED000B4418100042CB510150DC010B4418100AF
:109EE000042CB510171080104400C010B44181003C
:109EF000042CB5101510C0103A88010006010000AE
:109F00003A8801003A8837E01701C0DF170000DF08
:109F10000402C0DE3A2800F804FCFFDE1503C0DFAF
:109F2000150200DF040200DF15FE3FE115FF7FE1AF
:109F300017DAA0D02604001017DAA0D017FF7FE1AF
:109F400017FE3FE13AE83E1017FF7FE117FE3FE1C1
:109F5000C06427503A8801003A8837E01701C0DF13
:109F6000170000DF0402C0DE3A2800F804FAFFDE22
:109F7000150500DF040500DF15FF3FE117FFBFE017
:109F80001703801015FCBFE017FFBFE01704801017
:109F900015FDBFE017FFBFE04302801005FEBFE0E4
:109FA00017FFBFE00B0180108DFEBFE017DCA0D0D3
:109FB00015FBBFE00617000017FBBFE01701C0103C
:109FC00017FCBFE01E10801817FBBFE01702C0107F
:109FD00017FDBFE01E0C801817FBBFE08303801045
:109FE000CC3FC01003FEBFE01E07801817FBBFE088
:109FF0000B038010CCFFFF108BFEBFE01E02801809
:10A0000017FBBFE00606000017FBBFE0170080103B
:10A0100015FBBFE017FBBFE01EE73F103A880500C5
:10A020003A8837E0170000DF0401C0DE3A2800F864
:10A0300004FCFFDE150300DF040300DF15FF3FE132
:10A0400017FFBFE08B018010CCFFBF103AD2041085
:10A05000CCFFBF10CC3FC01017FFBFE08B018010BA
:10A06000CCFFBF103A920410CCFFBF103AB0841856
:10A070000C0088107AD305100DFEBFE017FFBFE07B
:10A080008B018010CCFFBF103AD204103A88071021
:10A0900017FFBFE08B018010CCFFBF103A92041075
:10A0A0003AB08418CCFF87108DFEBFE00BFEBFE0F6
:10A0B0001E0700108BFEBFE01E02001015FD3FE0E2
:10A0C000060A00004401800015FDBFE006070000FD
:10A0D0008BFEBFE01E0300104400800015FDBFE0B2
:10A0E00006020000C400800015FDBFE017FDBFE0C0
:10A0F0003A8837E0170000DF0401C0DE3A2800F894
:10A1000004FEFFDE150100DF040100DF3A880520B0
:10A110000DFFBFE017DBA0D0B401C0002E078018F0
:10A12000B44181000446B510170280104400C010ED
:10A13000B44181000446B5101502C01017DBE0D011
:10A14000B4018000260580180BFFFFE017DBA0D0CC
:10A150003A888518B401C0002E098018B4418100E6
:10A160000446B510170380104400C010B4418100AC
:10A170000446B5101503C01084FABF0006010000A4
:10A180003A8805003A8837E0170000DF0401C0DE96
:10A190003A2800F804FEFFDE150100DF040100DFAD
:10A1A0003A8805200DFFBFE017DBA0D0B401C00046
:10A1B0002E098018B44181000446B51017028010A2
:10A1C0004400C010B44181000446B5101502C0100F
:10A1D00084FABF00061300000BFFFFE017DBA0D0DE
:10A1E0003A888518B401C0002E098018B441810056
:10A1F0000446B510170480104400C010B44181001B
:10A200000446B5101504C01084FABF00060500000E
:10A210000BFFFFE017DBA0D03A88851815DBA0D034
:10A220003A8805003A8837E0170000DF0401C0DEF5
:10A230003A2800F804FEFFDE150100DF040100DF0C
:10A240003A8805200DFFBFE017DBA0D0B401C000A5
:10A250002E098018B44181000446B5101702801001
:10A260004400C010B44181000446B5101502C0106E
:10A2700084FABF00061100000BFFBFE017DBE0D03F
:10A280002E098018B44181000446B51017058010CE
:10A290004400C010B44181000446B5101505C0103B
:10A2A00084FABF000605000017DBE0D00BFFBFE01B
:10A2B0003AC8851815DBA0D03A8805003A8837E0FF
:10A2C000170000DF0401C0DE3A2800F804F7FFDEC3
:10A2D0001508C0DF150700DF040700DF15FF3FE1A9
:10A2E00017FFBFE01702801004228010CCFFBF10C0
:10A2F0003A88091080164A5015F9BFE017F9BFE0F7
:10A30000260F001084000001C07A255017FF3FE19E
:10A31000C0FA24508400000100872550B441810018
:10A3200004BFB410170F80104400C010B441810066
:10A3300004BFB410150FC01017F9BFE0068C000061
:10A34000042200018010265015FABFE017FABFE082
:10A350001E0F001084000001C07A255017FF3FE156
:10A36000C0FA24508400000100872550B4418100C8
:10A3700004BFB410170F80104400C010B441810016
:10A3800004BFB410150FC01084FABF000678000097
:10A3900017FFBFE01703801015FBBFE017FBBFE0FE
:10A3A00003008010CC0380103A8885103A8885100D
:10A3B00005FCBFE017FB3FE180094A5015FDBFE0F7
:10A3C00017FBBFE08B018010CCFFBF103AD2041006
:10A3D000CCFFBF10CC3FC01017FBBFE08B0180103B
:10A3E000CCFFBF103A920410CCFFBF103AB08418D3
:10A3F000FA9004100DFEBFE017FBBFE08B00801049
:10A40000CCFFBF103AD204103A88071017FBBFE008
:10A410008B008010CCFFBF103A9204103AB0841821
:10A420008DFEBFE017FBBFE01703C01017FABFE0B7
:10A430001501C01017FBBFE01704C01017FABFE0EA
:10A440001502C01017FBBFE04302C01017FABFE0AF
:10A450008503C01017FBBFE00B01C01017FABFE067
:10A460000D03C01017FDBFE0580180101E0A001038
:10A4700003FCBFE08BFEFFE03AC885183A8807105E
:10A480000BFEBFE03A8885183A88071017FABFE03C
:10A490000D04C010060A000017FDBFE05800801030
:10A4A0001E07001017FFBFE01701C01017FABFE02A
:10A4B000151FC01017FABFE017FBFFE01520C010F2
:10A4C00003FCBFE08BFEFFE03AC885183A8807100E
:10A4D00017FABFE08D04C01017FABFE01505001091
:10A4E00017FABFE003218010540080103A8807104B
:10A4F00017FABFE00521C01017FABFE017FFFFE011
:10A500001507C01017FABFE00BFEFFE00D17C010D3
:10A5100017FFBFE01703C01003FCBFE03A8887189D
:10A5200017FFBFE01503C01017FFBFE01704C010EE
:10A5300003FCBFE03AC8871817FFBFE01504C0103E
:10A5400017DCE0D017FABFE01500C01017FABFE023
:10A5500015DCA0D017FFBFE0170280100422801086
:10A56000CCFFBF103A880910C01F4A503A88050036
:10A570003A8837E01701C0DF170000DF0402C0DEB1
:10A580003A2800F804F9FFDE1506C0DF150500DFE4
:10A59000040500DF15FF3FE117FFBFE01703801040
:10A5A00015FBBFE017FB3FE140FD495015FCBFE044
:10A5B00017FCBFE01E07001017FF3FE140334A5071
:10A5C00015FDBFE017FDBFE0260A001017FDBFE034
:10A5D0000609000017FC7FE117FF3FE180BD4A50EC
:10A5E00015FEBFE017FEBFE02602001017FEBFE019
:10A5F000060100003A8805003A8837E01701C0DFFD
:10A60000170000DF0402C0DE3A2800F804F2FFDE83
:10A61000150DC0DF150C00DF040C00DF15FC3FE159
:10A6200015FD7FE115FEBFE115FFFFE117FD3FE1DD
:10A6300080104B50CC3F8010600080101E0F001027
:10A64000B44181000446B510170080104400C010CA
:10A65000B44181000446B5101500C010840000010B
:10A66000C07A255017FC3FE1C0FA24508400000155
:10A6700000872550440080000638010017FCBFE029
:10A680001703801015F7BFE017F7BFE00300801035
:10A69000CC0380103A8885103A88851005F8BFE011
:10A6A00017F7BFE08B018010CCFFBF103AD2041027
:10A6B000CCFFBF10CC3FC01017F7BFE08B0180105C
:10A6C000CCFFBF103A920410CCFFBF103AB08418F0
:10A6D000FA9004100DF5BFE017F7BFE08B00801073
:10A6E000CCFFBF103AD204103A88071017F7BFE02A
:10A6F0008B008010CCFFBF103A9204103AB084183F
:10A700003A88071003F8BFE03AC885183A8807105E
:10A710000BF5BFE03A888518C4FFBF108DF5BFE088
:10A7200017FCBFE01703C01003F8BFE03A88871892
:10A7300017FCBFE01503C01017FCBFE01704C010E2
:10A7400003F8BFE03AC8871817FCBFE01504C01033
:10A75000170280E00BF5FFE00D00C01017FEBFE010
:10A760000404C0000D00C01017FFBFE0150000106A
:10A77000170380E00500001017FDBFE004068010FD
:10A7800015F4BFE006EF00000DF63FE006DD000027
:10A790000BF6BFE017F4FFE0440080103A88851004
:10A7A0003A8885103A8885181700801015F9BFE09F
:10A7B00017F9BFE026C000100BF6BFE017F4FFE06A
:10A7C000840880103A8885103A8885180B0080101C
:10A7D0000DFABFE017F9BFE0170480103A880710A0
:10A7E0000BFABFE03A888518C4FFBF108DFABFE0AE
:10A7F0000BFAFFE00BF5BFE02E2B80188BFAFFE081
:10A800008BF5BFE02E2080188BFAFFE00BF5BFE040
:10A8100036B980188BFAFFE00BF5BFE03AC885180F
:10A82000440080100DFBBFE017FCBFE01703C01011
:10A830000BFBBFE03A88871817FCBFE01503C01078
:10A8400017FCBFE01704C0100BFBBFE03AC8871825
:10A8500017FCBFE01504C0100BF5FFE00BFBBFE0D9
:10A860003A8885180DF5BFE017FCBFE0170480108B
:10A870003A8807100BF5BFE03A888518C4FFBF106F
:10A880008DF5BFE0069C000084000001C07A2550D1
:10A8900017FC3FE1C0FA24508400000100872550D6
:10A8A0003A88050006AD00000BFABFE00BF5FFE0AB
:10A8B0002E4E80188BFABFE08BF5FFE02E1180182A
:10A8C0000BFABFE08BF5FFE0368B80180BFAFFE048
:10A8D0000BF5BFE03AC885183A88071017FCBFE0AF
:10A8E0001504C01017FCBFE0170480103A88071049
:10A8F0000BF5BFE03A888518C4FFBF108DF5BFE0A7
:10A90000067D00008BFAFFE08BF5BFE01E0E80187D
:10A910000BFAFFE00BF5BFE03AC885183A8807103C
:10A9200017FCBFE01504C01017FCBFE0170480102F
:10A930003A8807100BF5BFE03A888518C4FFBF10AE
:10A940008DF5BFE0066C000017F9BFE0170280101C
:10A95000CCFFBF103A880910C0294A5017FDBFE04C
:10A960008B04801017F9FFE01704C0183AC8C5100F
:10A970003A88071017FDBFE08D04C0108400000165
:10A98000C07A255017F93FE1C0FA24508400000135
:10A99000008725500BF6BFE017F4FFE0440080105D
:10A9A0003A8885103A8885103A8885181500001075
:10A9B00017FEBFE00B008010CCFFBF101804801002
:10A9C0001E06001017FEBFE00BF6FFE00D00C010E2
:10A9D00017FFBFE017F4FFE01500C010170380E079
:10A9E0004400C0000500C010064300008BFAFFE0E1
:10A9F0008BF5BFE01E08801884000001C07A255046
:10AA000017FC3FE1C0FA2450840000010087255064
:10AA10003A880500065100008BFABFE08BF5FFE095
:10AA20002E08801884000001C07A255017FC3FE1F1
:10AA3000C0FA245084000001008725503A880500A0
:10AA4000064600008BFAFFE00BF5BFE03AC8851818
:10AA5000440080100DFBBFE017FCBFE01703C010DF
:10AA60000BFBBFE03A88871817FCBFE01503C01046
:10AA700017FCBFE01704C0100BFBBFE03AC88718F3
:10AA800017FCBFE01504C0100BF5FFE00BFBBFE0A7
:10AA90003A8885180DF5BFE017FCBFE01704801059
:10AAA0003A8807100BF5BFE03A888518C4FFBF103D
:10AAB0008DF5BFE00610000017FEBFE00B00801010
:10AAC000CCFFBF10180480101E06001017FEBFE058
:10AAD0000BF6FFE00D00C01017FFBFE017F4FFE01A
:10AAE0001500C01017FDBFE003218010CC3F80107F
:10AAF0004C0080101E0700100BF6BFE044008010D1
:10AB00000DF6BFE00BF6BFE0300480101E203F10B2
:10AB1000060100003A88010017FEBFE00B0080101C
:10AB2000CCFFBF10180480101E03001017FFBFE0F9
:10AB300017F4FFE01500C01017F4BFE017008010F5
:10AB400015F4BFE017F4BFE01E0F3F10170280E0BE
:10AB50000BF5FFE00D00C010840080003A8837E05C
:10AB60001701C0DF170000DF0402C0DE3A2800F83A
:10AB700004F1FFDE150EC0DF150D00DF040D00DF50
:10AB800015FE3FE115FF7FE115F53FE017FF3FE1BF
:10AB900080104B50CC3F8010600080101E160010BB
:10ABA000B44181000446B510170080104400C01065
:10ABB000B44181000446B5101500C01084000001A6
:10ABC000C07A255017FE3FE1C0FA245084000001EE
:10ABD00000872550B441810004BFB410170F8010C6
:10ABE0004400C010B441810004BFB410150FC01060
:10ABF00084FDBF000625010017FEBFE0170380108B
:10AC000015F6BFE017F63FE180094A5015F7BFE09F
:10AC100017F7BFE0580180101E25001017F6BFE09F
:10AC20008B018010CCFFBF103AD20410CCFFBF10B4
:10AC3000CC3FC01017F6BFE08B018010CCFFBF10D7
:10AC40003A920410CCFFBF103AB08418FA90041066
:10AC50003A88071017F6BFE08B008010CCFFBF10BA
:10AC60003AD204103A88091017F6BFE08B00801022
:10AC7000CCFFBF103A9204103AB084203A880910F1
:10AC800017F6BFE003008010CC3F8010CC0380108B
:10AC90003A8885103A8885103AC885203A88851800
:10ACA0003A88071017FFBFE00D04C010060A000025
:10ACB00017F7BFE0580080101E07001017FEBFE016
:10ACC0001701C01017FFBFE0151FC01017FFBFE02E
:10ACD00017F6FFE01520C01004FC3FE104FBFFE085
:10ACE00084FDBFE0150180D804FDBFE0150080D8C9
:10ACF0003A880F203A880D1817FF7FE117FE3FE1D1
:10AD000040674A5015F8BFE017F8BFE0A000801078
:10AD10001E09001017F8BFE06000C0101E030018E5
:10AD2000360480003A88050006D8000084FDBF0084
:10AD300006D600003A88010017FEBFE01702801017
:10AD4000CCFFBF103A88091080164A5015F9BFE0B1
:10AD500017F9BFE02611001084000001C07A2550C9
:10AD600017FE3FE1C0FA24508400000100872550FF
:10AD700017FF3FE140584B50B441810004BFB4106D
:10AD8000170F80104400C010B441810004BFB410FC
:10AD9000150FC01017F9BFE006BC00000BFBBFE0A9
:10ADA000CCFFBF10200480101E12001017FCFFE023
:10ADB0000BFBBFE0CCFFBF10440080103A88851029
:10ADC0003A8885103A88851817FEFFE01500C010F4
:10ADD00017FC3FE10BFBBFE0CCFFBF100BFDFFE01A
:10ADE000840880103A8885103A8885200D00C010AC
:10ADF0000639000017FEBFE017028010041980100A
:10AE0000CCFFBF103A88091080164A5015F9BFE0F0
:10AE100017F9BFE02611001084000001C07A255008
:10AE200017FE3FE1C0FA245084000001008725503E
:10AE300017FF3FE140584B50B441810004BFB410AC
:10AE4000170F80104400C010B441810004BFB4103B
:10AE5000150FC01017F9BFE0068C0000041900019F
:10AE60008010265015F5BFE017F5BFE01E11001049
:10AE700084000001C07A255017FE3FE1C0FA24503B
:10AE8000840000010087255017FF3FE140584B50D8
:10AE9000B441810004BFB410170F80104400C010EB
:10AEA000B441810004BFB410150FC01084FABF0074
:10AEB0000676000017F5BFE017FEFFE01501C01091
:10AEC0000BFDFFE017F5BFE00D11C01017FCBFE050
:10AED00017F5FFE01500C01083FDBFE0CC3F8010E8
:10AEE0002614001017FF3FE180734B5015F9BFE0A7
:10AEF00017F9BFE0260F001084000001C07A25502A
:10AF000017FE3FE1C0FA245084000001008725505D
:10AF1000B441810004BFB410170F80104400C0106A
:10AF2000B441810004BFB410150FC01017F9BFE081
:10AF30000656000017FFBFE08B04801017FEFFE0ED
:10AF40001704C0183A88C5103A88071017FFBFE0E9
:10AF50008D04C01017FEBFE0170280103A8807105A
:10AF600017F5BFE01E0200103A8805000601000038
:10AF7000041980003A888518CCFFBF103A88091060
:10AF8000C01F4A5017FFBFE00B048010CCFFBF105A
:10AF9000263D001017FFBFE08B04C01017FFBFE075
:10AFA0000B048010CCFFFF18CCFFBF101E3680189A
:10AFB00017FFBFE01720801015F6BFE084000001E6
:10AFC000C07A255017FFBFE00B048010CCFFFF10A4
:10AFD00017FFBFE0172080103A88091017FFBFE065
:10AFE000171F80103AC885203A88871817F6BFE0E7
:10AFF00003008010CC3F8010CC0380103A8885106D
:10B000003A8885103A8885183A880910C0C52450B6
:10B0100015FABFE0840000010087255017FABFE051
:10B020001E0B001017FF3FE140584B50B441810008
:10B0300004BFB410170F80104400C010B441810049
:10B0400004BFB410150FC010C4FABF00060F0000F3
:10B0500017FF7FE117FA3FE100164B5017FF3FE162
:10B0600040584B50B441810004BFB410170E8010FB
:10B070004400C010B441810004BFB410150EC010CC
:10B0800017FA3FE1C0953E503A8805003A8837E00C
:10B090001701C0DF170000DF0402C0DE3A2800F805
:10B0A00004FDFFDE150200DF040200DF15FF3FE1B3
:10B0B00017DCA0D015FEBFE00608000017FEFFE079
:10B0C00017FFBFE01E028018440080000606000043
:10B0D00017FEBFE01700801015FEBFE017FEBFE0AF
:10B0E0001EF63F103A8805003A8837E0170000DF67
:10B0F0000401C0DE3A2800F804F5FFDE150AC0DFBF
:10B10000150900DF040900DF15FE3FE115FF7FE1AF
:10B1100015F93FE017FFBFE01720801015FABFE0D8
:10B1200017FABFE003008010CC0380103A88851026
:10B130003A88851005FBBFE017FFBFE0172080109D
:10B140003A88071017FFBFE0171F80103AC885180C
:10B150003A88071003FBBFE03A88851845FBBFE03B
:10B1600017FEBFE01701C01017FFBFE0171F8010C8
:10B1700043FB3FE13A880D203A880B103A880918C2
:10B180004027025017FFBFE00406801015F7BFE00C
:10B1900017FEBFE01701C01043FBBFE03A888518D7
:10B1A00015FCBFE0064500000DF83FE0063B00003F
:10B1B0000BF8BFE017F7FFE0440080103A888510D5
:10B1C0003A8885103A8885181700801015FDBFE071
:10B1D00017FDBFE0262900100BF8BFE017F7FFE0CE
:10B1E000840880103A8885103A8885180B008010F2
:10B1F000CCFFBF1017FCFFE03A88871817FDBFE0AF
:10B200001703001117FDBFE0170480103A880D10D6
:10B210003A880B203A8809184027025017F9BFE0F6
:10B220001E03001017FDBFE015F9BFE0060B00007C
:10B2300017FDBFE017028010CCFFBF103A8809103D
:10B24000C0294A5084000001C07A255017FD3FE113
:10B25000C0FA245084000001008725500BF8BFE09D
:10B2600017F7FFE0440080103A8885103A8885106F
:10B270003A888518150000100605000017FFBFE08A
:10B2800003218010CC3F80104C0080101E0700105E
:10B290000BF8BFE0440080100DF8BFE00BF8BFE0F2
:10B2A000300480101EC23F10060100003A880100E1
:10B2B00017F7BFE01700801015F7BFE017F7BFE0E2
:10B2C0001EB93F1017FEBFE01701801017FFFFE007
:10B2D0001720C0183A88091817FFFFE0171FC01879
:10B2E0003AC8C7203A88C71017FEBFE01503C01040
:10B2F00017FFBFE00B048010CCFFFF1003FBBFE083
:10B300003A8885183A88071017FEBFE01504C01068
:10B310001795A0D03A88071017FEBFE01505C0109A
:10B3200017FEBFE0170AC01017F9BFE0170A801018
:10B33000CC0080103AB0861817FEBFE0150AC01086
:10B3400017F9BFE01706C01017FEBFE01506C010C2
:10B3500017F9BFE00B08C01017FEBFE00D08C010C2
:10B3600017F9BFE017028010CCFFBF103A88091010
:10B37000C0294A5084000001C07A255017F93FE1E6
:10B38000C0FA2450840000010087255017FEBFE05A
:10B390001703801015FABFE017FEBFE017048010F6
:10B3A0003AD20410CC3F80103A88071017FEBFE055
:10B3B000170480103A9204103AB084183A880710A3
:10B3C00017FABFE08D00C01017FABFE08B01C01064
:10B3D000C4F7BF003A7084183A88071017FABFE024
:10B3E0008D01C01017FABFE08B0180100C3880105F
:10B3F0003A88071017FABFE08D01C01017FABFE0B6
:10B400008D02001003FBBFE07AD00410CC3F801007
:10B410003A880B1017FA3FE1809623503A308400A7
:10B420003A88071017FABFE08D02C0103A8805006D
:10B430003A8837E01701C0DF170000DF0402C0DEE2
:10B440003A2800F804FCFFDE1503C0DF150200DF18
:10B45000040200DF3A880900C07A255017DCA0D02A
:10B4600015FEBFE00620000017FEBFE017008010A9
:10B4700015FFBFE017FEBFE0170580104400C010A5
:10B4800017FEBFE01505C01017FEBFE017058010BE
:10B49000181E80101E120010B44181000446B51021
:10B4A000170180104400C010B44181000446B5105B
:10B4B0001501C01017FE3FE1C0BA4B5017FE3FE127
:10B4C00040584B50B441810004BFB410170F801096
:10B4D0004400C010B441810004BFB410150FC01067
:10B4E00017FFBFE015FEBFE017FEBFE01EDE3F10F6
:10B4F0001795A0D00419801015DDA0D03A88090056
:10B50000008725503A8805003A8837E01701C0DFE8
:10B51000170000DF0402C0DE3A2800F804F6FFDE60
:10B520001509C0DF150800DF040800DF15FF3FE143
:10B5300015FB3FE017DCA0D015FABFE006140000B1
:10B5400017FAFFE017FFBFE01E0C801817DCA0D031
:10B5500017FAFFE01E04801817FFBFE017008010E5
:10B5600015DCA0D0060C000017FFBFE01700C010CC
:10B5700017FBBFE01500C0100607000017FABFE078
:10B5800015FBBFE017FABFE01700801015FABFE007
:10B5900017FABFE01EEA3F1017FABFE01E090010BD
:10B5A000B44181000446B510170080104400C0105B
:10B5B000B44181000446B5101500C01084FDBF00E1
:10B5C000063E000017FFBFE00406801015FCBFE038
:10B5D00017FCBFE015F8BFE0063100000DF93FE0B1
:10B5E000061E00000BF9BFE017F8FFE044008010D2
:10B5F0003A8885103A8885103A8885181700801097
:10B6000015FDBFE017FDBFE0260C001017FDBFE0E1
:10B6100017028010CCFFBF103A880910C0294A5089
:10B6200084000001C07A255017FD3FE1C0FA245084
:10B6300084000001008725500605000017FFBFE0C9
:10B6400003218010CC3F80104C0080101E0700109A
:10B650000BF9BFE0440080100DF9BFE00BF9BFE02B
:10B66000300480101EDF3F10060100003A88010000
:10B6700017F8BFE015FEBFE017F8BFE01700801015
:10B6800015F8BFE017FEFFE017FCBFE026048018A6
:10B6900004190001C0294A5017FE3FE1C01326508B
:10B6A00017F8BFE01ECD3F1004220001C0294A5008
:10B6B00017FF3FE1C01326503A8805003A8837E06B
:10B6C0001701C0DF170000DF0402C0DE3A2800F8CF
:10B6D00004FBFFDE1504C0DF150300DF040300DFF9
:10B6E00015FF3FE185FE3FE044008000C5FEBFE05E
:10B6F00017FF3FE180104B50CC3F8010600080105E
:10B700001E090010B44181000446B51017008010D6
:10B710004400C010B44181000446B5101500C010AB
:10B7200084FDBF000631000017FFBFE00406801053
:10B7300015FDBFE0061A00000DFE3FE006120000F6
:10B740000BFEBFE017FDFFE0440080103A88851033
:10B750003A8885103A888518170080101E0300105B
:10B760004400800085FEBFE00604000083FEBFE0C9
:10B7700026020010C5FE3FE0060600000BFEBFE0FB
:10B78000440080100DFEBFE00BFEBFE030048010CF
:10B790001EEB3F1017FDBFE01700801015FDBFE046
:10B7A00017FDBFE01EE43F10C3FEBFE026070010F8
:10B7B00017FFBFE003218010540080103A88071063
:10B7C00017FFBFE00521C0100607000017FFBFE00C
:10B7D0000321C01084FFBF003A7084183A88071014
:10B7E00017FFBFE00521C0103A8805003A8837E00E
:10B7F0001701C0DF170000DF0402C0DE3A2800F89E
:10B8000004ECFFDE1513C0DF151200DF151100DC9C
:10B81000041200DF15FE3FE11795A0D015FCBFE034
:10B82000042280000DFDBFE0041980008DFDBFE003
:10B830000DF93FE00DFB3FE07441410104964929B9
:10B8400017FE3FE1C0F7235017DB20D417FCBFE001
:10B85000041940013A880910408E10503A880910A6
:10B860000BFDBFE08BFDFFE01502C0D8150180D8AD
:10B87000150000D917FCFFE13A880D8074414101A1
:10B88000049D492917FE3FE1C0F72350B4418100D0
:10B890000446B51017018011B44181000446B5106B
:10B8A0001700C011B44181000446B5101702C01042
:10B8B000B44181000446B51017030011B441810062
:10B8C0000446B51017044011B44181000446B51078
:10B8D00017058010150380D8150240D9150100D92D
:10B8E0001500C0D87441410104AD492917FE3FE15C
:10B8F000C0F7235017DCA0D03A880D1074414101E5
:10B9000004C2492917FE3FE1C0F7235017DCA0D03D
:10B9100015F8BFE0067C00000BF9BFE04400801082
:10B920000DF9BFE017F8BFE00406801015FABFE07C
:10B93000061E00008DFB3FE0061400008BFBBFE0FD
:10B9400017FAFFE0440080103A8885103A88851085
:10B950003A88851817008010260400100BFBBFE002
:10B96000440080100DFBBFE00605000017F8BFE0A3
:10B9700003218010CC3F80104C0080101E07001067
:10B980008BFBBFE0440080108DFBBFE08BFBBFE072
:10B99000300480101EE93F10060100003A880100C3
:10B9A00017FABFE01700801015FABFE017FABFE0E2
:10B9B0001EE03F100BFB3FE317F8BFE017018010BC
:10B9C0003AD6061017F8BFE0170180103AD20410DB
:10B9D0000CC0BF103AB0861817F8BFE017018010EE
:10B9E0000CC0BF103A9204103AB0861817F8BFE0A6
:10B9F000170180103A9604103AB0841817F8FFE047
:10BA00001702C0183AD6081817F8FFE01702C01836
:10BA10003AD206180CC0FF183AB0C82017F8FFE059
:10BA20001702C0180CC0FF183A9206183AB0C82086
:10BA300017F8FFE01702C0183A9606183AB0C62069
:10BA400017F83FE183030021CC3F002117F87FE185
:10BA50000B034029CCFF7F293AD20A28CCFF7F294B
:10BA6000CC3F802917F87FE10B034029CCFF7F29C9
:10BA70003A920A28CCFF7F293AB04A3117F8BFE141
:10BA80000B048031CCFFBF3117F8FFE18B04C039C4
:10BA9000CCFFFF3917F83FE21705004217F87FE2A5
:10BAA000171F404A17F8BFE21720805217F8FFE22D
:10BAB0000321C05ACC3FC05A4C00C05A1509C0DA05
:10BAC000150880DA150740DA150600DA1505C0D921
:10BAD000150480D9150340D9150200D91501C0D825
:10BAE000150080D83A880F6017F8BFE17441410112
:10BAF00004C8492917FE3FE1C0F7235017F8BFE0FB
:10BB00001700801015F8BFE017F8BFE01E823F1045
:10BB10000BF9BFE03A880D107441410104E3492953
:10BB200017FE3FE1C0F723503A88050004FFFFE607
:10BB30001702C0DF170100DF170000DC0403C0DEBE
:10BB40003A2800F804FCFFDE1503C0DF150200DF11
:10BB5000040200DF15FF3FE117FFBFE0171F801051
:10BB60002606001017FFBFE01720801015FEBFE06B
:10BB70004400400117FE3FE1C0C649503A88050025
:10BB80003A8837E01701C0DF170000DF0402C0DE8B
:10BB90003A2800F83A880B203A880F003A880D00BE
:10BBA0003A880900C13E4C50840280013A880B005B
:10BBB00081334C508402C0013A880D0001104C5072
:10BBC00004FEFFDE3A880B00150000DC1501C0DF23
:10BBD0003A88212040504C507441810004EE91106D
:10BBE00017000011170F8020260100103AE83E10C0
:10BBF0003A880980C0694C507441810004EF91106B
:10BC00003A880D283A880B201700001181C74B5045
:10BC1000040280002E53401104FAFFDE150400DDFB
:10BC2000150140DC1505C0DF1503C0DC150280DC02
:10BC3000150000DCC40380003A8823283A882920B4
:10BC40003601401104044004C40280308405C00061
:10BC50002E3E801804FEBF043A70A414163D0090D6
:10BC6000363C8091040440893A888B2C3A8809A09C
:10BC7000C07E0A503A882710264900103A8809A049
:10BC8000405713503A880B883A88099804FE3F9C25
:10BC900080941050261C0010C4FFBF883A888798F3
:10BCA0003AC845043A70841804FEBF103AC8091413
:10BCB000C40340013A8807800E2C00293A882110DD
:10BCC00017FF3F9904FFBF003AC8C7803A7084202D
:10BCD0003AC8C51054000011150100813A888580CA
:10BCE000170180113A880B983A8809A054008031D6
:10BCF0001501801117FFBF984C0080103AB0C61094
:10BD000015FFFF9800C009501701C08004FFBF0055
:10BD10003A7084183AC88514C403C00016158018F8
:10BD20003A8809A040691350040280801705C0DFDB
:10BD3000170400DD1703C0DC170280DC170140DCAC
:10BD4000170000DC0406C0DE3A2800F80404800472
:10BD50002EC4BF9104038000150080A03A8805001E
:10BD600006F23F003A880B30C17E0A503A886114CF
:10BD700006D33F003A888B84540080101501802838
:10BD800017018080040240293A8809A04C008010E5
:10BD90003AB0A4141501808400C0095006E03F00A9
:10BDA0003A88050006E13F007441810004EF9110DC
:10BDB0003A880B2017000011C17E0A50744181009F
:10BDC00004EF91103A880B201700001101C00950B0
:10BDD000C400C0012E1980393AB044213A70C41110
:10BDE000260F0010030080200300C0281E15C0107D
:10BDF00084FFBF31C4FFFF01060400000300802060
:10BE00000300C028C4FFBF311E0EC0104400002133
:10BE1000440040291EF9FF313A8805003A2800F80D
:10BE20001700C020170080281EEEBF1804FFBF3186
:10BE3000040100210401402936F9BF391EE93F30D1
:10BE400006F53F003AC8C5103A2800F83AB006296E
:10BE5000CC00C0183A8805201E1600181700C0290B
:10BE6000F4BFFF02C4BFFF5A7420A0023A30C601DB
:10BE70003A88C93A0420A0523A70C6203A70861A0D
:10BE80001E0C00183A8811101500C0410401402909
:10BE90001700C029040180413A8811303A88D33A0A
:10BEA0003A30C6013A70C6483A70861A26F63F18EC
:10BEB000060100003A880D100300C02844008031BC
:10BEC00044004029C5FFFF30CC3FC0181C20C018DB
:10BED00004E0FF181EF83F183A2800F82631003019
:10BEE0003AB04421CC0080101E1E0010C400400255
:10BEF0002E1C8049170080201700C0281E19C01072
:10BF000004FFBF3126270030F4BFFF02C4BFFF5A31
:10BF10003A3086007420A0023A88C5120420A0524C
:10BF20003A70C4103A708412260B0010061D0000EF
:10BF30001700C0201700C0293A88D11A3A30C4002F
:10BF40003A7084403A7084121E06C01904FFBF3153
:10BF5000261400301E1300100401002104014029A2
:10BF600036F3BF49070080280700C020C4FFBF3157
:10BF70001E08C010260B0030260A001044000021C5
:10BF800044004029070080200700C028C4FFBF31BB
:10BF900026F8FF10030080200300C0283AC8C5100F
:10BFA0003A2800F83A8805003A2800F83AB00629FD
:10BFB000CC00C0183A8805201E2C0018C4000001CF
:10BFC0002E2A8021F4BF3F037420E002C4BF3F63E8
:10BFD0000420E05A3A880F101700002A3A881538D2
:10BFE0003A8813433A3006023A70C6483A70C61A85
:10BFF0001E2600180401C0391500005204FFBF318D
:10C000003A8811380401402936F3BF21261E00303A
:10C010000300C029C4FFBF314400C0400500C04137
:10C02000CC3FC0391C20C03904E0FF39440040290E
:10C03000261000383A881118060900000300C029AC
:10C04000C4FFBF31440040290500C041CC3FC03986
:10C050001C20C03904E0FF393A8811182605003841
:10C060004400C0181EF53F303A2800F83A881110F5
:10C0700006E63F00260700303A888D1905000018B3
:10C080004400C0181EFDBF193A2800F83A8811383C
:10C0900006DF3F003A2800F87441810004F4FFDE17
:10C0A00004ED9110150740DD17004015150880DDDF
:10C0B000150600DD1505C0DC150000D9150BC0DF25
:10C0C000150A00DF1509C0DD150480DC150340DC0E
:10C0D000150200DC3A8829283A8827303A882D381A
:10C0E0003A88092803000024440040243A880720A5
:10C0F0003A8805AC430080103A8809880C02801009
:10C100001EF83F10440B800026588080C40A80002F
:10C11000265A80803A883900264400B00404800002
:10C12000266080B03A882FB03400A0003A0025E0A5
:10C130003AC8A5143A880BB83A88099080941050F0
:10C140003A880BB83A880990150180D8408E105073
:10C150003A8807AC4300C0183A880B883A880D002B
:10C160000C01001A3A88090044008002C4FF7F02D3
:10C170001701C0D9260E004004F43F840E128085BA
:10C180002605403236250011262380203A38C9255D
:10C19000440080013A8809810300002C44004029B2
:10C1A0003A8807AC4300C0180C01001A1EF23F4049
:10C1B000CC00C01826040018261A801AC415C00026
:10C1C0003AC8E18016EEBF85C4FFBF00261E80304E
:10C1D0001E1B00E03A880520260300981E2100302F
:10C1E0003A880BA015004099170BC0DF170A00DF33
:10C1F0001709C0DD170880DD170740DD170600DDD1
:10C200001705C0DC170480DC170340DC170200DCD4
:10C21000040CC0DE3A2800F80EDC3F3CC4FFBF012E
:10C2200006DD3F00C40DC00006E53F00040C8000A1
:10C2300026168080840280053A882FB006BA3F0017
:10C240003AC8090106E33F00170000D98408C0007E
:10C250003A0005E01500C0203400E0003AC8851817
:10C2600026E13F98C4FF7F2906DE3F008400401C82
:10C270004300001C4400000706A73F008400401C48
:10C280004300001C3A88390006A33F000300808861
:10C290000416C000CC3780102608C01004028005A8
:10C2A00006A03F00040C80001E9EBF800300808813
:10C2B0000416C000CC3780101E9AFF100404C0057D
:10C2C0004300008C3A882DB88400408C06963F00CD
:10C2D0007441810004EF91103A880F303A880D289C
:10C2E0003A880B201700001101104C507441810056
:10C2F00004EF91103A880D20170000113A880F289A
:10C300001702402141684C503A880F303A880D2876
:10C310001702402141684C503400A00004E5FFDEC4
:10C32000C4FFBF103A88072804820002150280D893
:10C33000150580D83A880BD8C4FFBF001500C0D8B7
:10C340001504C0D8151AC0DF0D0300DA8D0380D89C
:10C35000C03503501700C0D805000018171AC0DFF9
:10C36000041BC0DE3A2800F87441810004EF9110EC
:10C370003A880F303A880D283A880B2017000011B0
:10C3800001384C5004FAFFDE150300DC744101044F
:10C3900004EE11841700C080150440DC1505C0DFD1
:10C3A000175280183A882320263700101701C01032
:10C3B000C4070001160EC0204400001A1E22008887
:10C3C0008400C0183A88C7183A88C71815010012A7
:10C3D0003A88C710150040193A8805001705C0DFD4
:10C3E000170440DC170300DC0406C0DE3A2800F81E
:10C3F000744181000484AF102626001004640001FB
:10C40000150040D9150180D91502C0D900E14B5063
:10C41000170040D9170180D91702C0D9261D001076
:10C42000170000811501001044000002175240223D
:10C430003A8807001500401215528020156200103E
:10C440001563001026DE3F883A88C9183A8809210A
:10C450003A88091115228021440080011762401298
:10C460003A98CC303AB09249156240121542C02138
:10C47000840000011ED23F89176300113AB08C215D
:10C480001563801106CE3F000453801815528018A2
:10C4900006C63F00C4FFBF0006D03F0004F5FFDE24
:10C4A000150900DF150640DD150380DC150AC0DF25
:10C4B0001508C0DD150780DD150500DD1504C0DC9D
:10C4C000150240DC150100DC150000D93A88392836
:10C4D00044008004C4FF7F057441810004EE911084
:10C4E00017000012175200450452C044261C00A039
:10C4F000170180A0C4FFFF15160D00B844000014FA
:10C500003A8821843A882184042040843A8863A4AC
:10C510003A8821A4261E00E017408080261C80E077
:10C52000C4FFFFBD04FF3F8404FF7F8C1EF97FBD65
:10C53000744181000489AF1026090010170180A002
:10C540001E300010170080A0263200103A8809A083
:10C550001500809840E24B501700009D1EE43FA05C
:10C56000170AC0DF170900DF1708C0DD170780DDD5
:10C57000170640DD170500DD1704C0DC170380DC5B
:10C58000170240DC170100DC040BC0DE3A2800F87B
:10C59000170180A01700C080C4FFBF102614C0156B
:10C5A0001500008026DE3F183A98C895176280A0D3
:10C5B000170180A53A708420260B0010176380A015
:10C5C0003A7088201E0C002017004089170000D9FF
:10C5D0003AE83E18170180A01EBFBF1517008098CB
:10C5E00026CF3F1506BC3F003AE83E1806F93F004B
:10C5F0001501C0A506EB3F00170000893AE83E1878
:10C6000006F43F00170080A03A8827A03A88291036
:10C6100006B63F003A88050006FB3F0004FFFFDE38
:10C620001500C0DFC05305501700C0DF0401C0DE95
:10C630003A2800F804FDFFDE150200DF040200DFE7
:10C6400015FF3FE1456B20D017FFBFE015FEBFE0AF
:10C6500017FEBFE02602001070F02A00060100005D
:10C66000B0F02A0006FF3F00417474656D70746578
:10C670006420746F2061737369676E207461736BDB
:10C68000207072696F726974792061726561647972
:10C6900020696E207573652E0A0000005370656373
:10C6A0006966696564207461736B207072696F726A
:10C6B00069747920686967686572207468616E20A2
:10C6C000616C6C6F776564206D61782E0A000000E4
:10C6D0005461736B2063616E2774206265206173FF
:10C6E0007369676E65642061207072696F72697426
:10C6F0007920686967686572207468616E202564B6
:10C700000A0000005461736B20436F6E74726F6C8B
:10C7100020426C6F636B732068617665206265658B
:10C720006E206578686175737465640A00000000A6
:10C7300043757272656E74206D6178206E756D62DE
:10C740006572206F66207461736B73206973202596
:10C75000640A0000417474656D7074656420506FE4
:10C76000737420746F204D61696C626F7820616C06
:10C77000726561647920686F6C64696E67206D65AD
:10C7800073736167650A0000417474656D70746548
:10C790006420746F20616363657373206120726528
:10C7A000736F757263652077697468206E6F206D92
:10C7B0006174636820666F722074686520726571A9
:10C7C0007569726564206461746120747970652E86
:10C7D0000A000000417474656D7074696E6720749E
:10C7E0006F206163636573732061207265736F7579
:10C7F00072636520706F696E74696E6720746F2054
:10C800004E554C4C0A000000417474656D7074659F
:10C810006420746F20506F73742061204E554C4C0F
:10C8200020746F2061207265736F757263652E20AE
:10C830000A0000005265736F75726365206E6F7435
:10C8400020726563656976656420696E2073706522
:10C850006369666965642074696D650A000000009B
:10C86000417474656D7074696E6720746F207065B3
:10C870006E6420666F722061207265736F757263DB
:10C880006520696E20616E204953520A0000000045
:10C89000417474656D7074656420746F2064656C98
:10C8A000657465207468652049444C452074617343
:10C8B0006B0A0000417474656D7074656420746F58
:10C8C0002064656C6574652061207461736B2074ED
:10C8D00068617420646F6573206E6F742065786979
:10C8E00073740A00417474656D7074656420746FAC
:10C8F0002064656C6574652061207461736B2066CB
:10C90000726F6D20616E204953520A004174746544
:10C910006D7074656420746F20706F737420746F11
:10C9200020612066756C6C206D657373616765208E
:10C9300071756575650A0000417474656D70746584
:10C940006420746F20706F73742061206D7574653E
:10C9500078206E6F74206F776E6564206279207422
:10C960006865207461736B0A000000000A5B4D6902
:10C9700063726F432F4F532D49495D3A20536565CC
:10C980002053544445525220666F7220657870617E
:10C990006E64656420646961676E6F736973207487
:10C9A00072616E736C6174696F6E2E000A5B4D6903
:10C9B00063726F432F4F532D49495D3A204578707C
:10C9C000616E64656420446961676E6F7369733A70
:10C9D0002025732E000000000A5B4D6963726F43CF
:10C9E0002F4F532D49495D3A20284E6F7420612006
:10C9F0004D6963726F432F4F532D49492065727201
:10CA00006F722920536565205354444552522E00BD
:10CA10000A5B4D6963726F432F4F532D49495D3A4D
:10CA2000000000000A4572726F725F636F646520D8
:10CA300025642E0A000000000A5B4D6963726F4393
:10CA40002F4F532D49495D3A20284E6F74206120A5
:10CA50004D6963726F432F4F532D494920657272A0
:10CA60006F72292C204552524E4F3A200000000090
:10CA70000A5B4D6963726F432F4F532D49495D3AED
:10CA80002053656520535444455252202846415551
:10CA90004C545F4C4556454C206973205441534BD0
:10CAA000292E00000A5B4D6963726F432F4F532D8F
:10CAB00049495D3A204641554C545F4C4556454CDA
:10CAC000206973205441534B000000000A5B4D69FC
:10CAD00063726F432F4F532D49495D3A2054617360
:10CAE0006B206973206265696E672064656C65748C
:10CAF00065642E0A000000000A5B4D6963726F4393
:10CB00002F4F532D49495D3A2053656520535444B6
:10CB100045525220284641554C545F4C4556454C91
:10CB20002069732053595354454D292E00000000AD
:10CB30000A5B4D6963726F432F4F532D49495D3A2C
:10CB4000204641554C545F4C4556454C2069732056
:10CB500053595354454D00000A5B4D6963726F434E
:10CB60002F4F532D49495D3A20464154414C2045B1
:10CB700072726F722C2052657374617274207265C8
:10CB80007175697265642E000A5B4D6963726F434B
:10CB90002F4F532D49495D3A204C6F636B696E6787
:10CBA000207363686564756C6572202D20656E6402
:10CBB0006C657373206C6F6F702E0A000A5B4D6991
:10CBC00063726F432F4F532D49495D3A20464155BB
:10CBD0004C545F4C4556454C206973204E4F4E4592
:10CBE000000000000A5B4D6963726F432F4F532DA5
:10CBF00049495D3A20496E666F726D6174696F6E66
:10CC0000616C206572726F72206F6E6C792C20637C
:10CC10006F6E74726F6C000072657475726E65640D
:10CC200020746F207461736B20746F20636F6D705C
:10CC30006C6574652070726F63657373696E6720CD
:10CC40006174206170706C69636174696F6E206CCF
:10CC50006576656C2E0A00000A5B4D6963726F434E
:10CC60002F4F532D49495D3A205365652053544455
:10CC700045525220284641554C545F4C4556454C30
:10CC800020697320556E6B6E6F776E292E00000041
:10CC90000A5B4D6963726F432F4F532D49495D3ACB
:10CCA000204641554C545F4C4556454C20697320F5
:10CCB000756E6B6E6F776E213F210A000A5B4E65C1
:10CCC00074776F726B5D3A20536565205354444509
:10CCD000525220666F7220657870616E64656420C0
:10CCE000646961676E6F736973207472616E736CCF
:10CCF0006174696F6E2E00000A5B4E6574776F7207
:10CD00006B5D3A20257300000A5B4E6574776F7285
:10CD10006B5D3A20204552524E4F3A2000000000F1
:10CD20000A5B4E6574776F726B5D3A2053656520C0
:10CD30005354444552522E000A5B4E6574776F720D
:10CD40006B5D3A204572726F725F636F6465202578
:10CD500064210A000A5B4E6574776F726B5D3A203E
:10CD60005365652053544445525220284641554C42
:10CD7000545F4C4556454C206973205441534B2910
:10CD80002E0000000A5B4E6574776F726B5D3A206F
:10CD90004641554C545F4C4556454C2069732054D0
:10CDA00041534B000A5B4E6574776F726B5D3A209E
:10CDB0005461736B206973206265696E67206465D6
:10CDC0006C657465642E0A000A5B4E6574776F7239
:10CDD0006B5D3A20536565205354444552522028D8
:10CDE0004641554C545F4C4556454C206973205381
:10CDF000595354454D292E000A5B4E6574776F7266
:10CE00006B5D3A204641554C545F4C4556454C208D
:10CE100069732053595354454D2E00000A5B4E65EB
:10CE200074776F726B5D3A20464154414C204572D5
:10CE3000726F722C20526573746172742072657106
:10CE400075697265642E00000A5B4E6574776F72B7
:10CE50006B5D3A204C6F636B696E67207363686526
:10CE600064756C6572202D20656E646C657373202B
:10CE70006C6F6F702E0A00000A5B4E6574776F72DC
:10CE80006B5D3A204641554C545F4C4556454C200D
:10CE90006973204E4F4E452E000000000A5B4E6520
:10CEA00074776F726B5D3A20496E666F726D617454
:10CEB000696F6E616C206572726F72206F6E6C7933
:10CEC0002C20636F6E74726F6C2072657475726E55
:10CED00065640000746F207461736B20746F20634D
:10CEE0006F6D706C6574652070726F6365737369C4
:10CEF0006E6720617420746865206170706C69636E
:10CF00006174696F6E206C6576656C2E0A00000096
:10CF10000A5B4E6574776F726B5D3A2053656520CE
:10CF200053544445525220284641554C545F4C4579
:10CF300056454C20697320756E6B6E6F776E292E87
:10CF4000000000000A5B4E6574776F726B5D2046CF
:10CF500041554C545F4C4556454C20697320756EC5
:10CF60006B6E6F776E20213F210A00000A5B5353DE
:10CF7000535D3A2053656520535444455252206610
:10CF80006F7220657870616E6465642064696167A2
:10CF90006E6F736973207472616E736C6174696F04
:10CFA0006E2E00000A5B5353535D3A202573000038
:10CFB0000A5B5353535D3A20417474656D70746518
:10CFC0006420746F20706F737420746F206120660A
:10CFD000756C6C206D65737361676520717565751F
:10CFE000652E00000A5B5353535D3A20536565205C
:10CFF0005354444552522E000A5B5353535D3A201A
:10D000004572726F725F636F646520256421000052
:10D010000A5B5353535D3A20204552524E4F3A20FB
:10D02000000000000A5B5353535D3A2053656520AE
:10D0300053544445525220284641554C545F4C4568
:10D0400056454C206973205441534B292E00000053
:10D050000A5B5353535D3A204641554C545F4C454F
:10D0600056454C206973205441534B000A5B53537F
:10D07000535D3A205461736B206973206265696E59
:10D08000672064656C657465642E0A000A5B5353FF
:10D09000535D3A205365652053544445525220282D
:10D0A0004641554C545F4C4556454C2069732053BE
:10D0B000595354454D292E000A5B5353535D3A2072
:10D0C0004641554C545F4C4556454C20697320539E
:10D0D000595354454D2E00000A5B5353535D3A207B
:10D0E000464154414C204572726F722C2052657338
:10D0F000746172742072657175697265642E0000C6
:10D100000A5B5353535D3A204C6F636B696E672023
:10D110007363686564756C6572202D20656E646C40
:10D12000657373206C6F6F702E0A00000A5B535397
:10D13000535D204641554C545F4C4556454C206943
:10D1400073204E4F4E452E000A5B5353535D2049CA
:10D150006E666F726D6174696F6E616C206572725C
:10D160006F72206F6E6C792C20636F6E74726F6CAF
:10D170002072657475726E656420746F20746173BB
:10D180006B20746F20000000636F6D706C657465B8
:10D190002070726F63657373696E672061742074A9
:10D1A0006865206170706C69636174696F6E206C72
:10D1B0006576656C2E0A00000A5B5353535D3A2076
:10D1C0005365652053544445525220284641554CDE
:10D1D000545F4C4556454C20697320556E6B6E6FFD
:10D1E000776E292E000000000A5B5353535D2046E2
:10D1F00041554C545F4C4556454C20697320756E23
:10D200006B6E6F776E213F210A00000056616C75CE
:10D210006520666F72204C45445F50494F5F424124
:10D2200053452073657420746F2025642E0A000016
:10D23000506C6561736520656E74657220796F75D9
:10D240007220392D64696769742073657269616C35
:10D25000206E756D6265722E205468697320697343
:10D26000207072696E746564206F6E20612000000A
:10D270006C6162656C20756E64657220796F757281
:10D28000204E696F73206465762E20626F61726430
:10D290002E20546865206669727374203320646997
:10D2A00067697473206F6620746865200000000051
:10D2B0006C6162656C206172652041534A20616E29
:10D2C00064207468652073657269616C206E756D89
:10D2D00062657220666F6C6C6F7773207468697317
:10D2E0002E0A202D2D3E000053657269616C206E60
:10D2F000756D626572206F6E6C7920636F6E7461FC
:10D30000696E7320646563696D616C206469676927
:10D31000747320616E64206973206E6F6E2D7A6560
:10D32000726F000043616E2774207265616420741F
:10D330006865204D414320616464726573732066A3
:10D34000726F6D20796F757220626F6172642E004A
:10D3500041204D4143206164647265737320616EA6
:10D360006420737461746963206E6574776F726B87
:10D370002073657474696E67732077696C6C2062C2
:10D38000652061737369676E65642E000A43616E80
:10D390002774207265616420746865204D414320C4
:10D3A000616464726573732066726F6D20796F7546
:10D3B0007220626F6172642E2057652077696C6CF1
:10D3C0002061737369676E20796F750061204D412C
:10D3D0004320616464726573732E0A00596F75721D
:10D3E0002045746865726E6574204D414320616408
:10D3F000647265737320697320253032783A253062
:10D4000032783A253032783A253032783A2530323F
:10D41000783A253032780A004661696C6564207478
:10D420006F20637265617465205353534C454443C8
:10D430006F6D6D616E64512E0A0000004661696C6B
:10D44000656420746F206372656174652053535363
:10D450004C45444C6967687473686F7753656D2EEB
:10D460000A0000003D3D3D3D3D3D3D3D3D3D3D3DD6
:10D470003D3D3D3D3D3D3D3D3D3D3D3D3D3D3D3DDC
:10D480003D3D3D3D3D0A0D004E696F7320494920E9
:10D4900053696D706C6520536F636B6574205365C1
:10D4A00072766572204D656E750A0D00302D373A23
:10D4B00020546F67676C6520626F617264204C4511
:10D4C0004473204430202D2044370A0D0000000012
:10D4D000533A20372D5365676D656E74204C454473
:10D4E000204C696768742053686F770A0D0000004C
:10D4F000513A205465726D696E617465207365736D
:10D5000073696F6E0A0D0000456E74657220796F45
:10D5100075722063686F6963652026207072657379
:10D52000732072657475726E3A0A0D005B737373C3
:10D530005F68616E646C655F6163636570745D20D4
:10D54000616363657074206661696C6564000000E6
:10D550005B7373735F68616E646C655F6163636561
:10D5600070745D20616363657074656420636F6EC1
:10D570006E656374696F6E20726571756573742072
:10D5800066726F6D2025730A000000005B73737371
:10D590005F68616E646C655F6163636570745D2074
:10D5A00072656A656374656420636F6E6E6563742B
:10D5B000696F6E20726571756573742066726F6D28
:10D5C0002025730A000000002D2D3E2053696D7048
:10D5D0006C6520536F636B6574205365727665725A
:10D5E00020436F6D6D616E642025632E0A0000007C
:10D5F0005465726D696E6174696E6720636F6E6EDB
:10D60000656374696F6E2E0A0A0D00005B73737395
:10D610005F68616E646C655F726563656976655DA0
:10D620002070726F63657373696E6720525820644F
:10D63000617461005B7373735F68616E646C655FD6
:10D64000726563656976655D20636C6F73696E678B
:10D6500020636F6E6E656374696F6E005B737373C6
:10D660005F7461736B5D20536F636B6574206372CD
:10D67000656174696F6E206661696C6564000000A5
:10D680005B7373735F7461736B5D2042696E6420BA
:10D690006661696C656400005B7373735F746173CA
:10D6A0006B5D204C697374656E206661696C65649E
:10D6B000000000005B7373735F7461736B5D2053D4
:10D6C000696D706C6520536F636B65742053657270
:10D6D000766572206C697374656E696E67206F6E13
:10D6E00020706F72742025640A0000002F64657634
:10D6F0002F6D7367646D615F74785F637372000090
:10D700002F6465762F6D7367646D615F72785F63F8
:10D71000737200002020202020202020202828288C
:10D7200028282020202020202020202020202020E9
:10D730002020202088101010101010101010101031
:10D740001010101004040404040404040404101051
:10D7500010101010104141414141410101010101EE
:10D76000010101010101010101010101010101109A
:10D7700010101010104242424242420202020202C3
:10D78000020202020202020202020202020202106B
:10D790001010102000000000000000000000000039
:10D7A0000000000000000000000000000000000079
:10D7B0000000000000000000000000000000000069
:10D7C0000000000000000000000000000000000059
:10D7D0000000000000000000000000000000000049
:10D7E0000000000000000000000000000000000039
:10D7F0000000000000000000000000000000000029
:10D800000000000000000000000000000000000018
:10D810000000000000000000000000000000000008
:10D8200000000000000000000000000000000000F8
:10D8300000000000000000000000000000000000E8
:10D8400000000000000000000000000000000000D8
:10D8500000000000000000000000000000000000C8
:10D8600000000000000000000000000000000000B8
:10D8700000000000000000000000000000000000A8
:10D880000000000000000000000000000000000098
:10D8900000000000202020202020202020282828F0
:10D8A0002828202020202020202020202020202068
:10D8B00020202020881010101010101010101010B0
:10D8C00010101010040404040404040404041010D0
:10D8D000101010101041414141414101010101016D
:10D8E0000101010101010101010101010101011019
:10D8F0001010101010424242424242020202020242
:10D9000002020202020202020202020202020210E9
:10D9100010101020000000000000000000000000B7
:10D9200000000000000000000000000000000000F7
:10D9300000000000000000000000000000000000E7
:10D9400000000000000000000000000000000000D7
:10D9500000000000000000000000000000000000C7
:10D9600000000000000000000000000000000000B7
:10D9700000000000000000000000000000000000A7
:10D980000000000000000000000000000000000097
:10D9900000000000430000003A2000000A000000E0
:10D9A00053756363657373004E6F74206F776E6594
:10D9B000720000004E6F20737563682066696C65A5
:10D9C000206F72206469726563746F727900000061
:10D9D0004E6F20737563682070726F636573730098
:10D9E000496E7465727275707465642073797374AE
:10D9F000656D2063616C6C00492F4F206572726FFA
:10DA0000720000004E6F207375636820646576694C
:10DA10006365206F72206164647265737300000037
:10DA2000417267206C69737420746F6F206C6F6E25
:10DA3000670000004578656320666F726D61742031
:10DA40006572726F72000000536F636B65742061C2
:10DA50006C726561647920636F6E6E656374656472
:10DA6000000000004261642066696C65206E756D7F
:10DA7000626572004E6F206368696C6472656E0047
:10DA800044657374696E6174696F6E206164647259
:10DA900065737320726571756972656400000000BA
:10DAA0004E6F206D6F72652070726F636573736562
:10DAB000730000004E6F7420656E6F756768207389
:10DAC00070616365000000005065726D6973736971
:10DAD0006F6E2064656E69656400000042616420B9
:10DAE0006164647265737300446576696365206F71
:10DAF00072207265736F7572636520627573790049
:10DB000046696C65206578697374730043726F733E
:10DB1000732D646576696365206C696E6B00000027
:10DB20004E6F2073756368206465766963650000D5
:10DB30004E6F742061206469726563746F7279003E
:10DB4000486F737420697320646F776E0000000063
:10DB5000436F6E6E656374696F6E20616C72656190
:10DB6000647920696E2070726F677265737300004C
:10DB700049732061206469726563746F7279000073
:10DB8000496E76616C696420617267756D656E744B
:10DB9000000000004E6574776F726B20696E7465CB
:10DBA0007266616365206973206E6F7420636F6EA7
:10DBB0006669677572656400436F6E6E656374694C
:10DBC0006F6E2061626F72746564206279206E6589
:10DBD00074776F726B000000546F6F206D616E7907
:10DBE000206F70656E2066696C657320696E2073A6
:10DBF000797374656D00000046696C652064657317
:10DC000063726970746F722076616C756520746FD1
:10DC10006F206C61726765004E6F742061206368CD
:10DC20006172616374657220646576696365000082
:10DC3000546578742066696C65206275737900009C
:10DC400046696C6520746F6F206C617267650000B7
:10DC5000486F737420697320756E726561636861C3
:10DC6000626C65004E6F207370616365206C656641
:10DC700074206F6E20646576696365004E6F742052
:10DC8000737570706F72746564000000496C6C6528
:10DC900067616C207365656B00000000526561640C
:10DCA0002D6F6E6C792066696C652073797374656D
:10DCB0006D000000546F6F206D616E79206C696E8D
:10DCC0006B73000042726F6B656E20706970650047
:10DCD0004D617468656D6174696373206172677505
:10DCE0006D656E74206F7574206F6620646F6D6152
:10DCF000696E206F662066756E6374696F6E0000D2
:10DD0000526573756C7420746F6F206C61726765F7
:10DD1000000000004E6F206D657373616765206FB2
:10DD200066206465736972656420747970650000AB
:10DD30004964656E7469666965722072656D6F7697
:10DD400065640000496C6C6567616C20627974657C
:10DD50002073657175656E636500000044656164DC
:10DD60006C6F636B000000004E6574776F726B2000
:10DD7000697320756E726561636861626C6500002D
:10DD80004E6F206C6F636B004E6F74206120737454
:10DD90007265616D0000000053747265616D2069E9
:10DDA0006F63746C2074696D656F7574000000009A
:10DDB0004E6F2073747265616D207265736F75723A
:10DDC000636573005669727475616C206369726370
:10DDD00075697420697320676F6E650050726F7487
:10DDE0006F636F6C206572726F720000556E6B6EA0
:10DDF0006F776E2070726F746F636F6C000000003D
:10DE00004D756C7469686F7020617474656D7074A1
:10DE100065640000426164206D657373616765002D
:10DE200046756E6374696F6E206E6F7420696D70D5
:10DE30006C656D656E746564000000004469726510
:10DE400063746F7279206E6F7420656D70747900E1
:10DE500046696C65206F722070617468206E616D18
:10DE60006520746F6F206C6F6E670000546F6F20B9
:10DE70006D616E792073796D626F6C6963206C6976
:10DE80006E6B73004E6F20627566666572207370EC
:10DE900061636520617661696C61626C6500000098
:10DEA0004E6F206461746100416464726573732015
:10DEB00066616D696C79206E6F7420737570706F18
:10DEC000727465642062792070726F746F636F6C16
:10DED0002066616D696C790050726F746F636F6C4E
:10DEE0002077726F6E67207479706520666F72207C
:10DEF000736F636B65740000536F636B6574206FA1
:10DF00007065726174696F6E206F6E206E6F6E2D1A
:10DF1000736F636B6574000050726F746F636F6C26
:10DF2000206E6F7420617661696C61626C650000BF
:10DF3000436F6E6E656374696F6E2072656675738C
:10DF400065640000436F6E6E656374696F6E207266
:10DF50006573657420627920706565720000000049
:10DF60004164647265737320616C726561647920C9
:10DF7000696E207573650000416464726573732077
:10DF80006E6F7420617661696C61626C650000007F
:10DF9000536F667477617265206361757365642081
:10DFA000636F6E6E656374696F6E2061626F727409
:10DFB00000000000536F636B6574206973206E6FFF
:10DFC0007420636F6E6E656374656400536F636B7A
:10DFD000657420697320616C726561647920636F78
:10DFE0006E6E6563746564004F7065726174696F0D
:10DFF0006E2063616E63656C6564000053746174C8
:10E0000065206E6F74207265636F76657261626CF5
:10E010006500000050726576696F7573206F776ECA
:10E0200065722064696564004F7065726174696F20
:10E030006E206E6F7420737570706F7274656420DB
:10E040006F6E20736F636B657400000056616C75B2
:10E050006520746F6F206C6172676520666F722037
:10E06000646566696E6564206461746120747970AA
:10E07000650000004D65737361676520746F6F20E4
:10E080006C6F6E6700000000436F6E6E65637469AD
:10E090006F6E2074696D6564206F757400000000F8
:10E0A000494E4600696E66004E414E006E616E003C
:10E0B00030313233343536373839414243444546BE
:10E0C0000000000030313233343536373839616280
:10E0D0006364656600000000286E756C6C290000A2
:10E0E0003000303030303030303030303030303060
:10E0F0003030202020202020202020202020202000
:10E10000202030303030303030303030303030302F
:10E1100030302020202020202020202020202020DF
:10E1200020200000496E66696E6974790000000065
:10E130004E614E00504F5349580000002E00000021
:10E1400005000000190000007D000000BC89D89780
:10E15000B2D29C3C33A7A8D523F649393DA7F44455
:10E16000FD0FA5329D978CCF08BA5B25436FAC6439
:10E170002806C80A0080E03779C34143176E05B509
:10E18000B5B89346F5F93FE9034F384D321D30F9E4
:10E190004877825A3CBF737FDD4F15750000000041
:10E1A0000000F03F000000000000244000000000DC
:10E1B000000059400000000000408F4000000000B7
:10E1C0000088C34000000000006AF8400000000022
:10E1D00080842E4100000000D01263410000000046
:10E1E00084D797410000000065CDCD41000000209C
:10E1F0005FA00242000000E876483742000000A21B
:10E20000941A6D42000040E59C30A2420000901E2E
:10E21000C4BCD64200003426F56B0C430080E037C6
:10E2200079C3414300A0D8855734764300C84E6770
:10E230006DC1AB43003D9160E458E143408CB5783B
:10E240001DAF154450EFE2D6E41A4B4492D54D066B
:10E25000CFF08044F64AE1C7022DB544B49DD97988
:10E260004378EA4430303030303030303030303085
:10E27000303030302020202020202020202020205E
:10E2800020202020303030303030303030303030CE
:10E29000303030302020202020202020202020203E
:10E2A00020202020000102020303030304040404CD
:10E2B0000404040405050505050505050505050512
:10E2C00005050505060606060606060606060606F2
:10E2D00006060606060606060606060606060606DE
:10E2E00006060606070707070707070707070707C2
:10E2F00007070707070707070707070707070707AE
:10E30000070707070707070707070707070707079D
:10E31000070707070707070707070707070707078D
:10E320000707070708080808080808080808080871
:10E33000080808080808080808080808080808085D
:10E34000080808080808080808080808080808084D
:10E35000080808080808080808080808080808083D
:10E36000080808080808080808080808080808082D
:10E37000080808080808080808080808080808081D
:10E38000080808080808080808080808080808080D
:10E3900008080808080808080808080808080808FD
:10E3A000080808082F6465762F6A7461675F7561D5
:10E3B000727400000000010002000100030001006F
:10E3C000020001000400010002000100030001003E
:10E3D000020001000500010002000100030001002D
:10E3E000020001000400010002000100030001001E
:10E3F000020001000600010002000100030001000C
:10E4000002000100040001000200010003000100FD
:10E4100002000100050001000200010003000100EC
:10E4200002000100040001000200010003000100DD
:10E4300002000100070001000200010003000100CA
:10E4400002000100040001000200010003000100BD
:10E4500002000100050001000200010003000100AC
:10E46000020001000400010002000100030001009D
:10E47000020001000600010002000100030001008B
:10E48000020001000400010002000100030001007D
:10E49000020001000500010002000100030001006C
:10E4A000020001000400010002000100030001005D
:10E4B0000200010075432F4F532D49492049646CD8
:10E4C0006500000075432F4F532D49492053746157
:10E4D000740000002F6465762F6A7461675F756150
:10E4E000727400002F6465762F6578745F657063C1
:10E4F000715F666C6173685F61766C5F6D656D00FE
:10E500002F6465762F6574685F7473650000000082
:10E510002F6465762F6D7367646D615F72785F63DA
:10E5200073720000416C69676E65642041636365C6
:10E5300073736573000000002F6465762F6D736739
:10E54000646D615F74785F63737200002F64657639
:10E550002F72656D6F74655F75706461746500001E
:10E5600074696D65206F75742061667465722035FD
:10E57000206D736563207768696C652077616974C5
:10E58000696E672066726565204649464F20627550
:10E590006666657220666F722073746F72696E674B
:10E5A000207374616E646172642064657363726960
:10E5B00070746F720A00000074696D65206F757465
:10E5C0002061667465722035206D736563207768FD
:10E5D000696C652077616974696E6720667265652C
:10E5E000204649464F2062756666657220666F72E6
:10E5F0002073746F72696E6720657874656E6465E8
:10E60000642064657363726970746F720A0000003D
:10E6100074696D65206F757420616674657220354C
:10E62000206D736563207768696C65207761697414
:10E63000696E672066726565204649464F2062759F
:10E640006666657220666F722073746F72696E679A
:10E650002064657363726970746F720A0000000051
:10E6600074696D65206F75742061667465722035FC
:10E67000206D736563207768696C652077726974B3
:10E68000696E67207374616E64617264206465737F
:10E6900063726970746F7220746F204649464F0A26
:10E6A0000000000074696D65206F757420616674E8
:10E6B00065722035206D736563207768696C65200D
:10E6C00077726974696E6720657874656E646564D5
:10E6D0002064657363726970746F7220746F204672
:10E6E00049464F0A0000000074696D65206F75741B
:10E6F0002061667465722035206D736563207768CC
:10E70000696C652077616974696E6720666F722035
:10E71000616E792070656E64696E67207472616ED7
:10E720007366657220636F6D706C6574650A0000B6
:10E730006661696C656420746F20637265617465DD
:10E740002073656D6170686F7265730A0000000068
:10E75000616C746572615F6574685F7473655F692D
:10E760006E69742025640A00707265705F74736549
:10E770005F6D61632025640A00000000416C7465D0
:10E78000726120545345204D414320657468657281
:10E790006E6574007473655F6D61635F696E697443
:10E7A0002025640A000000005B616C746572615F83
:10E7B0006574685F7473655F696E69745D20457226
:10E7C000726F72206F70656E696E67205458204DAD
:10E7D0005347444D410000005B616C746572615F9A
:10E7E0006574685F7473655F696E69745D204572F6
:10E7F000726F72206F70656E696E67205258204D7F
:10E800005347444D410000005453454D414320536C
:10E810005720726573657420626974206E65766531
:10E820007220636C65617265642100005741524E2D
:10E830003A2052582F5458206E6F742064697361C7
:10E84000626C6564206166746572207265736574BC
:10E850002E2E2E206D697373696E672050485920E3
:10E86000636C6F636B3F20434D445F434F4E46499B
:10E87000473D3078253038780A0000004F4B2C2077
:10E88000783D25642C20434D445F434F4E46494715
:10E890003D3078253038780A000000005B747365DD
:10E8A0005F6D61635F696E69745D204572726F723E
:10E8B0003A20496E636F6D70617469626C652025E2
:10E8C000642076616C756520776974682054585FA0
:10E8D000434D445F535441542072656769737465B6
:10E8E000722072657475726E20547853686966740C
:10E8F00031362076616C75652E200A005B74736575
:10E900005F6D61635F696E69745D204572726F72DD
:10E910003A20496E636F6D70617469626C65202581
:10E92000642076616C756520776974682052585F41
:10E93000434D445F53544154207265676973746555
:10E94000722072657475726E2052785368696674AD
:10E9500031362076616C75652E200A000A4D4143E0
:10E9600020706F73742D696E697469616C697A6166
:10E9700074696F6E3A20434D445F434F4E4649479A
:10E980003D3078253038780A000000005453455F48
:10E990004D41435F494E4954206572726F720000C9
:10E9A0007261775F73656E642043414C4C4544202F
:10E9B000414741494E212121000000007261775FEB
:10E9C00073656E642829204D5347444D41206E6F76
:10E9D0007420617661696C61626C652C207265746B
:10E9E0003D25642C206C656E3D25640A0000000006
:10E9F0005258204552524F520000000054582053A4
:10EA0000544F5050454400005B7473655F6D7367ED
:10EA1000646D615F726561645F696E69745D2046F3
:10EA20006174616C206572726F723A204E6F20665D
:10EA3000726565207061636B6574206275666665DA
:10EA4000727320666F722052580000005B74736509
:10EA50005F6D7367646D615F726561645F696E6944
:10EA6000745D2052582064657363726970746F72AC
:10EA700020636861696E20646573632028256420C3
:10EA800064657074682920637265617465640A0046
:10EA90004E6F2066726565206275666665727320CA
:10EAA000666F7220727800007473655F6D61635FDA
:10EAB000737461747328292C2073746174732077C4
:10EAC000696C6C206265206164646564206C6174AB
:10EAD0006572210A00000000696E69742065727217
:10EAE0006F72202564206F6E206E65745B25645DF7
:10EAF0000A0000006E6574636C6F736528292063DB
:10EB0000616C6C65640000006E6574636C6F7365A6
:10EB10003A20636C6F73696E672069666163652074
:10EB200025730A006E65742025733A206E6F20638A
:10EB30006C6F736520726F7574696E65210A0000D1
:10EB4000706B7464656D75783A20676F74206E75AC
:10EB50006C6C20706B740000706B7464656D7578FC
:10EB60003A20636F727275707420706B74000000CD
:10EB7000706B7464656D75783A20626164204966D3
:10EB8000616365207479706520256C640A0000005B
:10EB9000706B7464656D75783A2062616420706B87
:10EBA000742074797065203078253034780A00003C
:10EBB000756E61626C6520746F20696E697469613D
:10EBC0006C697A65204950204D756C746963617376
:10EBD00074000000756E61626C6520746F20666958
:10EBE0006E6420616E7920776F726B696E67206941
:10EBF0006E7465726661636573000000756E6162B4
:10EC00006C6520746F20696E697469616C697A65DE
:10EC1000206E657400000000756E61626C65207482
:10EC20006F20696E697469616C697A6520617270C0
:10EC300000000000756E61626C6520746F20696E63
:10EC4000697469616C697A6520495000756E61620A
:10EC50006C6520746F20696E697469616C697A658E
:10EC60002054435000000000657869745F686F6F3E
:10EC70006B00000069705F657869743A2063616CAD
:10EC80006C696E672066756E632025700A0000004F
:10EC9000626164206E6574207074720076310000C9
:10ECA0007632000025733A206D6F64653A20257531
:10ECB000205B25735D20000070726573656E7400C3
:10ECC000616273656E7400007631207274723A204E
:10ECD0002575205B25735D207631206C617374206F
:10ECE00071756572793A202578205B6E6F772025E3
:10ECF000785D0A000A0000005B5278205D204947D9
:10ED00004D50206D6573736167657320726376641F
:10ED10003A20256C752C2074696D657273207275AC
:10ED20006E6E696E673A20256C750A005B5278201A
:10ED30005D2049474D50763120486F7374204D65F2
:10ED40006D6265727368697020517565726965736B
:10ED50002072637664202862792076312D6D6F648D
:10ED600065206C696E6B73293A20256C750A00006A
:10ED70005B5278205D2049474D50763120486F73B3
:10ED800074204D656D62657273686970205265709C
:10ED90006F72747320726376643A20256C750A0072
:10EDA0005B5278205D2049474D5020486F73742096
:10EDB0004D656D62657273686970205265706F721F
:10EDC000747320726376642063617573696E672063
:10EDD00074696D65722063616E63656C6C617469E2
:10EDE0006F6E3A20256C750A000000005B52782097
:10EDF0005D2049474D50763120486F7374204D6532
:10EE00006D626572736869702051756572696573AA
:10EE10002072637664202862792076322D6D6F64CB
:10EE200065206C696E6B73293A20256C750A0000A9
:10EE30005B5278205D2049474D5076322047656E01
:10EE40006572616C205175657269657320726376B5
:10EE5000643A20256C752C2047726F75702D5370A5
:10EE600065636966696320517565726965732072AF
:10EE70006376643A20256C750A0000005B527820A6
:10EE80005D2049474D5020486F7374204D656D6279
:10EE9000657273686970205265706F727473207246
:10EEA0006376642077697468206E6F206C6F63618D
:10EEB0006C2074696D65723A20256C750A0000003B
:10EEC0005B5278205D2049474D507632204C656179
:10EED00076652047726F7570206D65737361676525
:10EEE0007320726376643A20256C750A0000000076
:10EEF0005B5478205D2049474D507632204C656147
:10EF000076652047726F7570206D657373616765F4
:10EF1000732073656E743A20256C752C204D656DD9
:10EF200062657273686970205265706F72747320C5
:10EF300073656E743A20256C750A00005B54782066
:10EF40005D2049474D50763120486F7374204D65E0
:10EF50006D62657273686970205265706F72747348
:10EF60002073656E743A20256C750A005B457272D9
:10EF70005D2049474D50207061636B65747320724A
:10EF8000637664207769746820626164206C656EC2
:10EF90006774683A20256C750A0000005B45727240
:10EFA0005D2049474D50207061636B65747320721A
:10EFB00063766420776974682062616420636865A1
:10EFC000636B73756D3A20256C750A005B45727230
:10EFD0005D205061636B65742062756666657220A2
:10EFE000616C6C6F636174696F6E206661696C75CA
:10EFF0007265733A20256C752C2042616420494764
:10F000004D50204F706572204D6F646520636F6EA8
:10F010006669673A20256C750A0000005B457272CC
:10F020005D204261642049474D50205175657269E9
:10F03000657320726376643A20256C752C204261DA
:10F04000642049474D50205265706F72747320726E
:10F050006376643A20256C750A0000005B45727285
:10F060005D204261642049474D5076322047726FDF
:10F0700075702D537065636966696320517565729B
:10F0800069657320726376643A20256C750A000006
:10F090005B4572725D2049474D5076322047726F52
:10F0A00075702D537065636966696320517565726B
:10F0B0006965732072637664207769746820756E61
:10F0C0006B6E6F776E2047726F757020416464724B
:10F0D0006573733A20256C750A0000005B457272F7
:10F0E0005D2049474D50204D656D626572736869BA
:10F0F00070205265706F727473207263766420772B
:10F1000069746820756E6B6E6F776E2047726F75CD
:10F110007020416464726573733A20256C750A002F
:10F120005B4572725D204E756D626572206F662060
:10F1300049474D507632206D657373616765732062
:10F140007263766420776974686F757420526F7586
:10F1500074657220416C657274206F7074696F6E93
:10F160003A20256C750A00005B4572725D204947A4
:10F170004D50207061636B657473206F6620756EEF
:10F180006B6E6F776E207479706520726376642081
:10F1900062792076312D6D6F6465206C696E6B73BA
:10F1A0003A20256C750A00005B4572725D20494764
:10F1B0004D50207061636B657473206F6620756EAF
:10F1C0006B6E6F776E207479706520726376642041
:10F1D00062792076322D6D6F6465206C696E6B7379
:10F1E0003A20256C750A0000253032782000000096
:10F1F000256300000A00000025752E25752E257553
:10F200002E257500256C6420646179732C2025649B
:10F21000683A25646D3A256473000000256420680F
:10F220006F7572732C2025646D3A2564730000009D
:10F230002564206D696E757465732C2025642073B8
:10F2400065632E0070616E69633A2025730A0000C1
:10F250006E735F7072696E74663A42756666657247
:10F26000206F766572666C6F770000002573000072
:10F270002E2E2E2E707265737320616E79206B6551
:10F280007920666F72206D6F726520284553432088
:10F29000746F20627265616B292E2E2E2E00000085
:10F2A0004368726F6E4F53204150492063616C6C0C
:10F2B000206661696C7572652C20746F20526573CD
:10F2C000756D652053757370656E64656420546157
:10F2D000736B2100544B5F4F535461736B526573D2
:10F2E000756D65004368726F6E4F53204150492021
:10F2F00063616C6C206661696C7572652C20756E3B
:10F3000061626C6520746F206964656E74696679EA
:10F31000207461736B210000544B5F4F5354617331
:10F320006B517565727900004368726F6E4F5320A0
:10F3300052544F532073746174733A0A00000000F2
:10F34000436F6E746578742073776974636865734E
:10F350003B2044656C61793A2020256C750A0000D9
:10F36000202020202020206E616D6520202020207C
:10F370007072696F2E20737461746520202020776D
:10F38000616B6575707320737461636B2D73697A3B
:10F390006520737461636B2D757365200A0000002E
:10F3A0002531357320253264202020203078253007
:10F3B00034782C202020202D2D2D2020200000000E
:10F3C0002536642C2020202020202536640A0000C9
:10F3D0004E6F20737461636B20646174610A000076
:10F3E0007463705F736C6565705F636F756E7420B6
:10F3F0003D20256C752C207463705F77616B65759B
:10F40000705F636F756E74203D20256C750A000077
:10F41000676C6F62616C5F54435077616B657570A8
:10F420005F736574496E6478203D2025642C2074D8
:10F4300063705F736C6565705F74696D656F75741B
:10F44000203D20256C750A00706B5F696E69743A07
:10F450002062616420646566696E65004E6574694A
:10F460006E69743A2063616C6C6F63206661696CCD
:10F4700065642067657474696E6720627566666589
:10F48000722025640A000000706B5F667265653A41
:10F490002062756666657220257020616C726561F8
:10F4A000647920696E2062696766726565710A0019
:10F4B000706B5F667265653A20627566666572207C
:10F4C000257020616C726561647920696E206C69B9
:10F4D0006C66726565710A00526567756C617220B1
:10F4E000627566666572206572726F7220737461F0
:10F4F000746973746963733A0A000000426164209E
:10F50000627566666572206C656E67746820256C2E
:10F51000752C2047756172642062616E6420766983
:10F520006F6C6174696F6E7320256C750A00000042
:10F530004D756C7469706C65206672656573202505
:10F540006C752C20496E636F6E73697374656E748D
:10F55000206C6F636174696F6E20256C750A000002
:10F560006474726170202D206E6565647320627210
:10F5700065616B706F696E7400000000465F5345F3
:10F5800054464C206661696C65642E006C6F636B39
:10F59000204E455400000000756E6C6F636B204E6A
:10F5A00045540000737461636B20616C6C6F630081
:10F5B0005072696F726974792072657175657374C0
:10F5C000656420666F72207461736B20222573223C
:10F5D00020285072696F3A25642920636F6E666C2B
:10F5E00069637473207769746820616C7265616403
:10F5F000792072756E6E696E67207461736B20225C
:10F6000025732220285072696F3A202564290A0048
:10F61000596F75206D6179207769736820746F2048
:10F62000636865636B20796F7572207461736B20FA
:10F630007072696F726974792073657474696E672A
:10F640007320696E20223C62737020706174683E82
:10F650005C696E696368655C7372635C685C6E6943
:10F660006F73325C6970706F72742E6822206167EC
:10F6700061696E737420746865207072696F726955
:10F6800074792073657474696E677320696E20796C
:10F690006F7572206170706C69636174696F6E2040
:10F6A000616E64207265636F6D70696C652E0A000F
:10F6B0005072696F726974792072657175657374BF
:10F6C000656420666F72207461736B20222573223B
:10F6D00020285072696F3A25642920657863656532
:10F6E000647320617661696C61626C652070726917
:10F6F0006F72697479206C6576656C7320696E2011
:10F700007468652073797374656D20284F535F4C5E
:10F710004F574553545F5052494F203D202564298F
:10F720000A0A0000506C65617365206D6F6469663C
:10F730007920746865207461736B73207072696FCF
:10F7400072697479206C6576656C2C206F72206DFF
:10F750006F646966792074686520224C6F776573E1
:10F76000742061737369676E61626C652070726981
:10F770006F72697479222073657474696E67206989
:10F780006E20746865204D6963726F432F4F532D4F
:10F79000494920636F6D706F6E656E7400000000E4
:10F7A0005461736B20637265617465206572726F5A
:10F7B00072202F284D6963726F432F4F532D494993
:10F7C000206572726F7220636F64653A25642F2919
:10F7D000206F6E2025730A00437265617465642092
:10F7E00022257322207461736B20285072696F3A4E
:10F7F000202564290A0000006D686561705F7365EB
:10F800006D5F7074722063726561746520657272D9
:10F810000000000072637664715F73656D5F7074E1
:10F820007220637265617465206572720000000069
:10F8300072657369645F73656D6170686F7265206E
:10F840006372656174652065727200006170705F3B
:10F8500073656D6170686F72652063726561746550
:10F860002065727200000000676C6F6277616B65E3
:10F870005F73656D6170686F726520637265617436
:10F8800065206572720000006E70616C6C6F6300C1
:10F890006E706672656500006D667265653A20710E
:10F8A0005F6C656E000000006D5F667265653A20F2
:10F8B00074797065000000006D5F667265653A20BE
:10F8C0006D697373696E67006D5F636F70793A205D
:10F8D000626164206C656E0064746F6D00000000EE
:10F8E000746370696E6974006E707463703A204D51
:10F8F00061784C6E683A25642C20653A25640A00CC
:10F900007463705F6F75743A6D6275662D6E6275A3
:10F910006600000069705F6F75747075743A206FCF
:10F92000766572666C6F7700616363657074000062
:10F93000736F667265650000736F616363657074F1
:10F9400000000000736F72656376203100000000D4
:10F95000736F726563763A74797065202564206EE2
:10F960006F74206E616D0000736F72656376203274
:10F9700000000000736F72656376203300000000A2
:10F98000736F6973636F6E6E656374656400000006
:10F990007362636F6D703A62616420747970652080
:10F9A00025640A007362636F6D703A6261640000DF
:10F9B0007362666C75736800736264726F700000C6
:10F9C0007463705F696E7075740000007463705FBB
:10F9D00070756C6C6F75746F6662616E64000000A8
:10F9E0007463705F6F75742D207061636B65742034
:10F9F00070747220756E646572666C6F770A0000B1
:10FA00007463705F6F757470757400007463705FF9
:10FA10006F7574707574205245584D540000000085
:10FA20007463705F726573706F6E642D20706163B4
:10FA30006B65742070747220756E646572666C6F8D
:10FA4000770A00002A2A2A205052555F4143434535
:10FA500050542062616420646F6D61696E203D20A6
:10FA600025640A007463705F7573727265710000BB
:10FA70002F6465762F6E756C6C00000043000000EB
:10FA80005741524E494E47203A205458204D534733
:10FA9000444D412054696D656F7574005741524E55
:10FAA000494E47203A616C745F6D7367646D615FA6
:10FAB0007374616E646172645F64657363726970AC
:10FAC000746F725F73796E635F7472616E73666573
:10FAD00072204572726F7220636F646520307825E2
:10FAE000780A00005741524E494E47203A2050486C
:10FAF00059204F5549203078253036782C205048F1
:10FB000059204D6F64656C204E756D6265722030B2
:10FB1000782530327820616C72656164792065786F
:10FB200069737420696E205048592070726F66693D
:10FB30006C650A00496E2063617365206F662073EF
:10FB4000616D6520504859204F554920616E6420F1
:10FB5000504859204D6F64656C204E756D6265721A
:10FB600020696E2070726F66696C652C2066697200
:10FB7000737420616464656420504859207365740F
:10FB800074696E672077696C6C2062652075736597
:10FB9000640000004552524F522020203A20556EFA
:10FBA00061626C6520746F20616C6C6F6361746559
:10FBB000206D656D6F727920666F72207070687944
:10FBC0005F70726F66696C655B25645D0A0000009A
:10FBD0004552524F522020203A20496E76616C697E
:10FBE00064206E756D626572206F66206368616E59
:10FBF0006E656C20737065636966696564210000D9
:10FC00004552524F522020203A204E756D62657247
:10FC1000206F66205453452053797374656D2061BD
:10FC20006464656420657863656564207468652034
:10FC300073697A65206F66206172726179210000B4
:10FC40004552524F522020203A2053697A65206F46
:10FC500066206172726179203D2025642C204E75EA
:10FC60006D626572206F662054534520537973741A
:10FC7000656D203D2025640A000000004552524F6A
:10FC8000522020203A204D41432073797374656DD2
:10FC900020737472756374757265203D3D204E55F6
:10FCA0004C4C00004552524F522020203A20506CBC
:10FCB00065617365207061737320696E20636F7274
:10FCC0007265637420706F696E74657220746F2042
:10FCD000616C745F7473655F73797374656D5F6174
:10FCE00064645F7379732829000000004552524F05
:10FCF000522020203A204D5347444D4120737973C0
:10FD000074656D20737472756374757265203D3D02
:10FD1000204E554C4C0000004552524F522020209E
:10FD20003A20506C65617365207061737320696E51
:10FD300020636F727265637420706F696E74657290
:10FD400020746F20616C745F7473655F7379737472
:10FD5000656D5F6164645F737973282920666F72D3
:10FD6000207473655F6D61635F6465766963655B6D
:10FD700025645D0A000000004552524F52202020A9
:10FD80003A20556E61626C6520746F20616C6C6FF7
:10FD900063617465206D656D6F727920666F722086
:10FDA0007473655F6D61635F6465766963655B2528
:10FDB000645D2E7473655F6D7367646D615F7478E5
:10FDC0000A0000004552524F522020203A20556E22
:10FDD00061626C6520746F20616C6C6F6361746527
:10FDE000206D656D6F727920666F72207473655F28
:10FDF0006D61635F6465766963655B25645D2E7420
:10FE000073655F6D7367646D615F72780A000000EF
:10FE10004552524F522020203A20506C6561736544
:10FE2000207061737320696E20636F7272656374F2
:10FE300020706F696E74657220746F20616C745FDE
:10FE40007473655F7379735F656E61626C655F6D16
:10FE500064696F5F73686172696E672829000000CA
:10FE60004552524F522020203A204D44494F207392
:10FE7000686172696E6720737570706F7274656403
:10FE80002062792064656661756C7420666F7220EB
:10FE90004D756C74692D6368616E6E656C204D41A3
:10FEA000430000004552524F522020203A20446F18
:10FEB000206E6F7420696E636C756465204D756C7F
:10FEC00074692D6368616E6E656C204D41432069D5
:10FED0006E20746865204D4143204C6973740000A6
:10FEE00031300000556E6B6E6F776E003130300030
:10FEF000313030300000000046756C6C00000000AE
:10FF000048616C66000000004552524F522020208C
:10FF10003A205B67657450485953706565645D208D
:10FF2000706D6163206E6F7420666F756E642066FD
:10FF3000726F6D206C697374206F6620706D6163E1
:10FF40005F696E666F5B5D21205370656564203D5F
:10FF5000202573204D6270732C204475706C657879
:10FF6000203D2025730A00004552524F5220202088
:10FF70003A205B67657450485953706565645D202D
:10FF8000506C6561736520646566696E6520747385
:10FF9000655F6D61635F6465766963655B5D206362
:10FFA0006F72726563746C79000000005741524EA5
:10FFB000494E47203A205048595B25642E25645D00
:10FFC000202D204D44494F206E6F7420656E616274
:10FFD0006C6564212052756E6E696E67207573655D
:10FFE0007220636F6E66696775726174696F6E2ED9
:10FFF0002E2E0A005741524E494E47203A204D417D
:020000040035C5
:10000000432047726F75705B25645D202D204D4441
:10001000494F206E6F7420656E61626C65642120AB
:100020005370656564203D2025732C204475706CE9
:100030006578203D2025730A000000004552524F8C
:10004000522020203A205048595B25642E25645DBB
:10005000202D204E6F2050485920636F6E6E6563CF
:1000600074656421205370656564203D2025732CE0
:10007000204475706C6578203D2025730A000000CF
:100080005741524E494E47203A205048595B25640B
:100090002E25645D202D204175746F2D4E65676F90
:1000A00074696174696F6E206E6F7420636F6D7018
:1000B0006C6574656421205370656564203D20255E
:1000C000732C204475706C6578203D2025730A00E0
:1000D0005741524E494E47203A205048595B2564BB
:1000E0002E25645D202D20504859206E6F742066A7
:1000F0006F756E6420696E205048592070726F666B
:10010000696C650A000000005741524E494E472075
:100110003A205048595B25642E25645D202D2049E6
:100120006E76616C696420737065656420726561C8
:10013000642066726F6D205048590A005741524E34
:10014000494E47203A205048595B25642E25645D6E
:10015000202D2050485920537065636966696320DB
:100160005374617475732072656769737465722066
:10017000696E666F726D6174696F6E206E6F742048
:1001800070726F766964656420696E2070726F6644
:10019000696C650A00000000494E464F202020206F
:1001A0003A205048595B25642E25645D202D20534C
:1001B00070656564203D2025732C204475706C6546
:1001C00078203D2025730A004E6174696F6E616C62
:1001D0002044503833383438430000000000000019
:1001E000000000000000000000000000000000000F
:1001F00000000000000000000000000000000000FF
:1002000000000000000000000000000000000000EE
:1002100000000000000000001700080009000000B6
:100220000000000000000000DCA20305496E7465B8
:100230006C20504546373037310000000000000088
:1002400000000000000000000000000000000000AE
:10025000000000000000000000000000000000009E
:10026000000000000000000000000000000000008E
:100270000000000000000000000000006959350087
:10028000000100000000000054A30305B0A3030513
:100290004C697374206F66205048592070726F66E5
:1002A000696C657320737570706F72746564202853
:1002B000546F74616C2070726F66696C6573203D59
:1002C000202564292E2E2E0A0000000050726F6631
:1002D000696C65204E6F2E2532642020203A0A007A
:1002E000504859204E616D6520202020202020207C
:1002F0003A2025730A000000504859204F554920E4
:1003000020202020202020203A20307825303678E8
:100310000A000000504859204D6F64656C204E75EE
:100320006D2E20203A203078253032780A000000E7
:10033000504859205265762E204E756D2E20202073
:100340003A203078253032780A0000005374617406
:100350007573205265676973746572203A2030782E
:10036000253032780A0000005370656564204269C8
:1003700074202020202020203A2025640A0000003C
:100380004475706C657820426974202020202020FC
:100390003A2025640A0000004C696E6B20426974A3
:1003A00020202020202020203A2025640A0A000056
:1003B000494E464F202020203A20545345204D419D
:1003C0004320256420666F756E642061742061642B
:1003D0006472657373203078253038780A00000025
:1003E0004552524F522020203A20556E61626C6572
:1003F00020746F20616C6C6F63617465206D656D36
:100400006F727920666F72204D41432047726F757D
:10041000705B25645D0A0000494E464F2020202075
:100420003A204D756C7469204368616E6E656C206E
:1004300020202020202020202020203D20596573CE
:1004400000000000494E464F202020203A204E75E3
:100450006D626572206F66206368616E6E656C20E8
:10046000202020202020203D2025640A00000000BC
:10047000494E464F202020203A204D44494F2053DA
:100480006861726564202020202020202020202008
:100490002020203D2059657300000000494E464F42
:1004A000202020203A204D756C7469204368616ECD
:1004B0006E656C2020202020202020202020203D40
:1004C000204E6F00494E464F202020203A204E7586
:1004D0006D626572206F66204D41432053686172E2
:1004E00065204D44494F203D2025640A000000004E
:1004F000494E464F202020203A204D44494F20535A
:100500006861726564202020202020202020202087
:100510002020203D204E6F004552524F5220202077
:100520003A20556E61626C6520746F20616C6C6F4F
:1005300063617465206D656D6F727920666F7220DE
:100540004D41432047726F75705B25645D2D3E7091
:100550006D61635F696E666F5B25645D0A00000014
:100560004552524F522020203A207473655F6D61CE
:10057000635F6465766963655B25645D20646F65B0
:1005800073206E6F7420646566696E656420636FA6
:1005900072726563746C79210A000000494E464FFF
:1005A000202020203A204D41432025326420416400
:1005B00064726573732020202020202020202020BA
:1005C0003D203078253038780A000000494E464FEB
:1005D000202020203A204D414320253264204465CC
:1005E00076696365202020202020202020202020E4
:1005F0003D207473655F6D61635F646576696365F3
:100600005B25645D0A00000031303030204D62709F
:100610007320536D616C6C204D414300494E464F31
:10062000202020203A204D41432025326420547957
:100630007065202020202020202020202020202025
:100640003D2025730A00000031302F313030204D1D
:1006500062707320536D616C6C204D41430000004B
:1006600031302F3130302F313030302045746865D3
:10067000726E6574204D414300000000596573009F
:100680004E6F0000494E464F202020203A20504314
:10069000532025326420456E61626C652020202045
:1006A00020202020202020203D2025730A0000004B
:1006B000494E464F202020203A20504353202532D7
:1006C000642053474D494920456E61626C65202086
:1006D000202020203D2025730A000000494E464F6F
:1006E000202020203A204D4143205479706520205D
:1006F0002020202020202020202020202020203DDD
:100700002025730A00000000494E464F202020207B
:100710003A2050435320456E61626C6520202020B2
:1007200020202020202020202020203D2025730A6A
:1007300000000000494E464F202020203A20504320
:10074000532053474D494920456E61626C65202016
:10075000202020202020203D2025730A00000000BA
:10076000494E464F202020203A204368616E6E6536
:100770006C202532642041646472657373202020EC
:10078000202020203D203078253038780A000000D5
:10079000494E464F202020203A204368616E6E6506
:1007A0006C20253264204465766963652020202012
:1007B000202020203D207473655F6D61635F646558
:1007C000766963655B25645D0A000000494E464F0B
:1007D000202020203A204D414320416464726573FB
:1007E0007320202020202020202020202020203D99
:1007F000203078253038780A00000000494E464FF6
:10080000202020203A204D414320446576696365CD
:100810002020202020202020202020202020203DBB
:10082000207473655F6D61635F6465766963655BA2
:1008300025645D0A000000004552524F52202020DE
:100840003A20556E61626C6520746F20616C6C6F2C
:1008500063617465206D656D6F727920666F7220BB
:100860007068795F696E666F5B25642E25645D0A2A
:1008700000000000494E464F202020203A205048DA
:100880005920257320666F756E642061742050486E
:100890005920616464726573732030782530327832
:1008A000206F66204D41432047726F75705B256451
:1008B0005D0A00005741524E494E47203A20556E7E
:1008C0006B6E6F776E2050485920666F756E64208E
:1008D00061742050485920616464726573732030DC
:1008E0007825303278206F66204D41432047726F63
:1008F00075705B25645D0A005741524E494E472092
:100900003A20506C656173652061646420504859D9
:1009100020696E666F726D6174696F6E20746F20EE
:100920005048592070726F66696C6500494E464F99
:10093000202020203A20504859204F55492020207F
:10094000202020202020202020203D20203078251D
:100950003036780A00000000494E464F2020202003
:100960003A20504859204D6F64656C204E756D6279
:100970006572202020203D20203078253032780AF2
:1009800000000000494E464F202020203A205048C9
:1009900059205265766973696F6E204E756D626578
:1009A00072203D20203078253031780A0000000088
:1009B000494E464F202020203A204170706C7969C2
:1009C0006E67206164646974696F6E616C20504861
:1009D0005920636F6E66696775726174696F6E2006
:1009E0006F662025730A0000494E464F20202020C4
:1009F0003A204170706C79696E6720616464697433
:100A0000696F6E616C207573657220504859206360
:100A10006F6E66696775726174696F6E00000000C1
:100A20004552524F522020203A204D4143204772D8
:100A30006F75705B25645D202D204E6F20504859E6
:100A400020636F6E6E6563746564210A00000000A8
:100A50005741524E494E47203A204D41432047725C
:100A60006F75705B25645D202D204E756D6265721B
:100A7000206F662050485920636F6E6E6563746501
:100A800064206973206E6F7420657175616C2074C9
:100A90006F20746865206E756D626572206F6620C8
:100AA0006368616E6E656C2C204E756D6265722098
:100AB0006F6620504859203A2025642C20436861F5
:100AC0006E6E656C203A2025640A0000494E464F40
:100AD000202020203A205048595B25642E25645D53
:100AE000202D204578706C696369746C79206D6184
:100AF0007070656420746F207473655F6D61635FEF
:100B00006465766963655B25645D0A00494E464FFE
:100B1000202020203A205048595B25642E25645D12
:100B2000202D204175746F6D61746963616C6C79FF
:100B3000206D617070656420746F207473655F6DE3
:100B400061635F6465766963655B25645D0A0000C7
:100B50005741524E494E47203A205048595B256430
:100B60002E585D202D204D617070696E67206F6674
:100B70002050485920746F204D4143206661696CB4
:100B8000656421204D616B65207375726520746802
:100B900065205048592061646472657373206973DD
:100BA00020646566696E656420636F727265637444
:100BB0006C7920696E207473655F6D61635F646535
:100BC000766963655B5D20737472756374757265B5
:100BD0002C20616E64206E756D626572206F6620D8
:100BE0005048597320636F6E6E6563746564206945
:100BF00073206571756976616C656E7420746F2001
:100C00006E756D626572206F66206368616E6E65D9
:100C10006C0A0000494E464F202020203A205043C5
:100C2000535B25642E25645D202D20436F6E66691D
:100C3000677572696E6720504353206F70657261EB
:100C400074696E67206D6F64650A0000494E464FF7
:100C5000202020203A205043535B25642E25645DDC
:100C6000202D205043532053474D4949206D6F6438
:100C70006520656E61626C65640A0000494E464FEE
:100C8000202020203A205043535B25642E25645DAC
:100C9000202D205043532053474D4949206D6F6408
:100CA000652064697361626C65640A005741524E45
:100CB000494E47203A204D41432047726F7570736B
:100CC0005B25645D2D3E706D61635F696E666F5B71
:100CD00025645D204D44494F206973206E6F742058
:100CE000757365642C20756E61626C6520746F206D
:100CF00072756E2050485920646574656374696F1D
:100D00006E0A00005741524E494E47203A20504843
:100D1000595B25642E25645D202D20504859206E96
:100D20006F742063617061626C6520666F72204130
:100D300075746F2D4E65676F74696174696F6E0AA3
:100D400000000000494E464F202020203A20504805
:100D5000595B25642E25645D202D205265737461D6
:100D60007274204175746F2D4E65676F746961747C
:100D7000696F6E2C20636865636B696E67205048ED
:100D800059206C696E6B2E2E2E0A00005741524E70
:100D9000494E47203A205048595B25642E25645D12
:100DA000202D204175746F2D4E65676F74696174D5
:100DB000696F6E204641494C45440A00494E464FF2
:100DC000202020203A205048595B25642E25645D60
:100DD000202D204175746F2D4E65676F74696174A5
:100DE000696F6E205041535345440A00494E464FA7
:100DF000202020203A205048595B25642E25645D30
:100E0000202D20436865636B696E67206C696E6B8B
:100E10002E2E2E0A00000000494E464F2020202092
:100E20003A205048595B25642E25645D202D204CC6
:100E3000696E6B206E6F74207965742065737461C0
:100E4000626C69736865642C207265737461727476
:100E5000206175746F2D6E65676F74696174696F59
:100E60006E2E2E2E0A0000005741524E494E47204A
:100E70003A205048595B25642E25645D202D204C76
:100E8000696E6B20636F756C64206E6F7420657380
:100E90007461626C69736865640A0000494E464F6C
:100EA000202020203A205048595B25642E25645D7F
:100EB000202D204C696E6B2065737461626C6973C0
:100EC0006865640A00000000494E464F202020203B
:100ED0003A205048595B25642E25645D202D20431F
:100EE00061706162696C697479206F66205048593D
:100EF000203A0A00494E464F202020203A20313027
:100F0000303020426173652D582046756C6C20444A
:100F100075706C6578203D2025640A00494E464F67
:100F2000202020203A203130303020426173652D5E
:100F3000582048616C66204475706C6578203D20AF
:100F400025640A00494E464F202020203A203130A7
:100F5000303020426173652D542046756C6C2044FE
:100F600075706C6578203D2025640A00494E464F17
:100F7000202020203A203130303020426173652D0E
:100F8000542048616C66204475706C6578203D2063
:100F900025640A00494E464F202020203A20313057
:100FA0003020426173652D543420202020202020E1
:100FB0002020202020203D2025640A00494E464F55
:100FC000202020203A2031303020426173652D5896
:100FD0002046756C6C204475706C657820203D202F
:100FE00025640A00494E464F202020203A20313007
:100FF0003020426173652D582048616C662044752D
:10100000706C657820203D2025640A00494E464FCB
:10101000202020203A2031303020426173652D5449
:10102000322046756C6C204475706C6578203D20CC
:1010300025640A00494E464F202020203A203130B6
:101040003020426173652D54322048616C66204423
:1010500075706C6578203D2025640A00494E464F26
:10106000202020203A20313020426173652D542009
:1010700046756C6C204475706C65782020203D208E
:1010800025640A00494E464F202020203A20313066
:1010900020426173652D542048616C662044757050
:1010A0006C65782020203D2025640A00494E464F7B
:1010B000202020203A205048595B25642E25645D6D
:1010C000202D204C696E6B20506172746E65722009
:1010D0004361706162696C697479203A0A000000AA
:1010E000494E464F202020203A20313030204261A6
:1010F00073652D54582046756C6C204475706C6572
:1011000078203D2025640A00494E464F20202020AB
:101110003A2031303020426173652D5458204861A7
:101120006C66204475706C6578203D2025640A004B
:10113000494E464F202020203A2031302042617312
:10114000652D54582046756C6C204475706C65781C
:1011500020203D2025640A00494E464F20202020B3
:101160003A20313020426173652D54582048616C1B
:1011700066204475706C657820203D2025640A0047
:10118000494E464F202020203A205048595B256484
:101190002E25645D202D2041647665727469736527
:1011A0006D656E74206F662031303030204261737F
:1011B000652D542046756C6C204475706C657820E4
:1011C00073657420746F2025640A0000494E464FF1
:1011D000202020203A205048595B25642E25645D4C
:1011E000202D204164766572746973656D656E7437
:1011F000206F66203130303020426173652D5420DD
:1012000048616C66204475706C6578207365742045
:10121000746F2025640A0000494E464F202020208C
:101220003A205048595B25642E25645D202D2041CD
:1012300064766572746973656D656E7420313030E3
:101240003020426173652D542068616C66204475BE
:10125000706C65782073657420746F2025640A00B3
:10126000494E464F202020203A205048595B2564A3
:101270002E25645D202D2041647665727469736546
:101280006D656E74206F6620313030204261736569
:101290002D54342073657420746F2025640A000077
:1012A000494E464F202020203A205048595B256463
:1012B0002E25645D202D2041647665727469736506
:1012C0006D656E74206F6620313030204261736529
:1012D0002D54582046756C6C204475706C657820D0
:1012E00073657420746F2025640A0000494E464FD0
:1012F000202020203A205048595B25642E25645D2B
:10130000202D204164766572746973656D656E7415
:10131000206F662031303020426173652D54582093
:1013200048616C66204475706C6578207365742024
:10133000746F2025640A0000494E464F202020206B
:101340003A205048595B25642E25645D202D2041AC
:1013500064766572746973656D656E74206F66205E
:10136000313020426173652D54582046756C6C20D5
:101370004475706C65782073657420746F202564E3
:101380000A000000494E464F202020203A205048B5
:10139000595B25642E25645D202D2041647665729D
:1013A000746973656D656E74206F662031302042FC
:1013B0006173652D54582048616C66204475706CCB
:1013C00065782073657420746F2025640A0000001E
:1013D0004552524F522020203A204D41432047721F
:1013E0006F75705B25645D202D204E6F6E65206FDC
:1013F00066207468652050485973204175746F2DBC
:101400004E65676F74696174696F6E20636F6D708C
:101410006C65746564210A00494E464F20202020E7
:101420003A204D41432047726F75705B25645D2003
:101430002D20436F6D6D6F6E205370656564203A8B
:10144000202564204D6270730A0000004552524FFF
:10145000522020203A204D41432047726F75705B27
:1014600025645D202D204E6F20636F6D6D6F6E20A3
:10147000737065656420617420616C6C210A0000E2
:101480004552524F522020203A204D41432047726E
:101490006F75705B25645D202D20496E76616C69E7
:1014A0006420636F6D6D6F6E20737065656420736B
:1014B00070656369666965642120636F6D6D6F6E29
:1014C000207370656564203D2025640A00000000DB
:1014D0004552524F522020203A205048595B2564F3
:1014E0002E25645D202D2050485920646F6573209F
:1014F0006E6F7420737570706F727420313030307D
:10150000204D6270732C20706C6561736520737060
:1015100065636966792076616C696420636F6D6DBF
:101520006F6E2073706565640A000000494E464F77
:10153000202020203A205048595B25642E25645DE8
:10154000202D2050485920535441545553203D20BC
:101550003078253034780A0A00000000494E464FA2
:10156000202020203A204D41432047726F75705B48
:1015700025645D202D20416C6C20504859732073E8
:10158000657420746F20636F6D6D6F6E207370656E
:101590006564203A202564204D6270730A000000C3
:1015A0004D415256454C4C203A20456E61626C6963
:1015B0006E67206175746F2063726F73736F7665E9
:1015C000720000004D415256454C4C203A20504884
:1015D00059207265736574004D415256454C4C203C
:1015E0003A204D6F6465206368616E67656420749E
:1015F0006F20474D494920746F20636F707065728A
:10160000206D6F64650000004D415256454C4C20E2
:101610003A2044697361626C652052474D49492004
:1016200054696D696E6720436F6E74726F6C000051
:101630004D415256454C4C203A204D6F6465206315
:1016400068616E67656420746F2053474D49492077
:10165000776974686F757420636C6F636B2077694A
:1016600074682053474D4949204175746F2D4E656C
:101670006720746F20636F70706572206D6F646592
:10168000000000004D415256454C4C203A204D6F11
:101690006465206368616E67656420746F205247DB
:1016A0004D49492F4D6F646966696564204D49490C
:1016B00020746F20436F70706572206D6F646500D9
:1016C0004D415256454C4C203A20456E61626C6546
:1016D0002052474D49492054696D696E6720436F18
:1016E0006E74726F6C000000496E7465724E6963AF
:1016F000686520506F727461626C65205443502F8E
:1017000049502C2076332E31200A0000494E455492
:101710003E200000436F7079726967687420313928
:1017200039362D3230303820627920496E74657236
:101730004E6963686520546563686E6F6C6F676996
:1017400065732E20416C6C20726967687473207217
:10175000657365727665642E20000000696E65749D
:101760002073746172747570206572726F723A20A2
:1017700025730A0049500000495020616464726575
:101780007373206F66202573203A2025730A0000AA
:101790004E455400484F53540000000050524F54DF
:1017A00000000000504F52540000000046524147D4
:1017B0000000000053524300676F742049434D50AE
:1017C00020257320554E524541434841424C452007
:1017D00066726F6D2025730A000000006966616300
:1017E000652025642D257320495020616464723A78
:1017F00025732020000000007375626E65743A2521
:1018000073202000676174657761793A25730A0057
:1018100063757272656E74207469636B20636F7593
:101820006E7420256C750A00636F6D6D6F6E206499
:10183000656C617920706172616D657465723A20C2
:1018400020256C75207469636B732028256C7520C6
:101850006D73292E0A000000636F6D6D6F6E206836
:101860006F737420706172616D657465723A2025C2
:10187000730A0000636F6D6D6F6E206C656E677428
:101880006820706172616D657465723A2025640A22
:1018900000000000564653204D6F64756C65207043
:1018A000726570206661696C6564000070726570B5
:1018B0005F6D6F64756C6573000000005461736B3D
:1018C0002077616B657570733A0000006E65746D0A
:1018D00061696E3A20256C750A0000006E657474AB
:1018E00069636B3A20256C750A0000000A0000004D
:1018F0004152503A20756E61626C6520746F20729F
:10190000656769737465722074797065207769748E
:1019100068204D41432044726976657200000000E2
:1019200065745F73656E643A2070726570656E648D
:101930000000000049505F494E49543A20756E61DD
:10194000626C6520746F20726567697374657220BC
:10195000747970652077697468204D414320647202
:10196000697665720000000049505F494E49542075
:101970004552524F523A2063616E277420616C6C5D
:101980006F6320726F757465207461626C6500000E
:1019900069705F77726974655F696E7465726E6194
:1019A0006C3A20706B743A2570206C656E2575203A
:1019B000746F2025752E25752E25752E25752C20E6
:1019C00063616E277420726F7574650A00000000F1
:1019D00069705F77726974653A20706B745B257506
:1019E0005D20746F2025752E25752E25752E257585
:1019F0002C00000020726F7574652025752E2575EA
:101A00002E25752E25750A0049503A20436F756CB6
:101A1000646E277420726F75746520746F2025754D
:101A20002E25752E25752E25750A0000495020702B
:101A300061636B6574206865616465723A0A0000D1
:101A40007665722F686C656E3A20253032782C20CE
:101A5000544F533A20253032782C206C656E3A2052
:101A6000253034782C2069643A20253034780A00F7
:101A70006F6B000062616400666C6167732F6F6654
:101A800066733A20253034782C2054544C2025306D
:101A900032782C2070726F746F636F6C3A2025302F
:101AA00032782C20636B73756D3A202530347820A2
:101AB000282573290A0000007372633A2025752EC9
:101AC00025752E25752E25752020000064657374FC
:101AD0003A2025752E25752E25752E25750A0000B0
:101AE00069705F636F7079706B7428293A20756E26
:101AF00061626C6520746F206F627461696E207022
:101B000061636B657420286C656E202564290A006A
:101B100069705F7263763A20676F74207061636BDF
:101B200065742C206C656E3A25642C2069663A2514
:101B3000640A000069705F7263763A206261642013
:101B4000706B74206C656E0069705F7263763A200A
:101B50006261642076657273696F6E206E756D6266
:101B60006572000069705F7263763A20626164207A
:101B70007873756D0000000069705F7263763A20BB
:101B8000676F7420706B74206E6F7420666F7220A4
:101B90006D653B20666F722025752E25752E257587
:101BA0002E25750A0000000069705F7263763A2086
:101BB000667261676D656E742066726F6D20257543
:101BC0002E25752E25752E25750A000069705F6417
:101BD000656D75783A20626164204950207479708F
:101BE0006520307825780A0069705F64656D7578C6
:101BF0003A20706B742070726F74202575206672A5
:101C00006F6D2025752E25752E25752E25750A00DC
:101C100069705F64656D75783A20756E68616E6491
:101C20006C65642070726F742025750A00000000D6
:101C30000000000073000000707265707065642021
:101C4000257520696E7465726661636525732C2045
:101C5000696E697469616C697A696E672E2E2E0AE5
:101C60000000000049503A20436F756C646E277481
:101C700020616C6C6F636174652065702073746F94
:101C8000726167652E0000006164645F726F757435
:101C9000653A2072656A6563746564206E756C6C64
:101CA000207061726D3B20646573743A20256C78F6
:101CB0002C206D61736B3A20256C780A00000000BF
:101CC0005544503A20626164206C656E20706B74DC
:101CD0003A20726376643A2025752C206864723A43
:101CE0002025752E0A00000055445044454D555896
:101CF0003A20626164207873756D20253034782035
:101D0000726967687420253034782066726F6D20A0
:101D100025752E25752E25752E25750A00000000C7
:101D20005544503A20706B745B25755D2066726F68
:101D30006D2025752E25752E25752E25753A256461
:101D400020746F2025640A005544503A2069676E5C
:101D50006F72696E672069702062726F616463617F
:101D6000737400005544503A20756E657870656351
:101D700074656420706F727420253034780A000016
:101D80005544503A20706B74205B25755D202530DA
:101D90003478202D3E2025752E25752E25752E256F
:101DA000753A253034780A006D6374657374206960
:101DB0006E69742063616C6C65640000745F736F9E
:101DC000636B65742829206661696C65642C204505
:101DD00072723A2025640A00745F736574736F63CE
:101DE0006B6F7074282920534F5F524555534541FE
:101DF000444452206661696C65642C204572723AD5
:101E00002025640A00000000745F62696E6428295E
:101E1000206661696C65642C204572723A202564E5
:101E20000A0000003233342E352E362E37000000E3
:101E30004A6F696E696E67206D756C746963617352
:101E4000742067726F75703A2025730A00000000D5
:101E5000745F736574736F636B6F707428292049A6
:101E6000505F4144445F4D454D42455253484950AF
:101E7000206661696C65642C204572723A20256485
:101E80000A0000003233342E312E322E330000008F
:101E90003233342E342E352E36000000745F7365D5
:101EA00074736F636B6F707428292049505F4D55B0
:101EB0004C5449434153545F54544C206661696CFF
:101EC00065642C204572723A2025640A00000000E7
:101ED000745F736574736F636B6F70742829204926
:101EE000505F4D554C5449434153545F4C4F4F50F4
:101EF000206661696C65642C204572723A20256405
:101F00000A0000004E6F772073656E64696E67206B
:101F1000746F2028616E6420726563656976696EEE
:101F2000672066726F6D29206D756C7469636173CB
:101F3000742067726F75703A2025730A00000000E4
:101F400025640000745F73656E64746F28292066D1
:101F500061696C65642C204572726F723A20256449
:101F60000A000000745F736574736F636B6F707445
:101F7000282920534F5F4E4F4E424C4F434B202851
:101F80003129206661696C65642C204572723A20A3
:101F900025640A00745F7265637666726F6D282926
:101FA000206661696C65642C204572726F723A20FC
:101FB00025640A0046726F6D20686F73743A25734A
:101FC00020706F72743A25642C2025730A0000007B
:101FD000745F736574736F636B6F7074282920531B
:101FE0004F5F4E4F4E424C4F434B202830292066C6
:101FF00061696C65642C204572723A2025640A0080
:10200000745F736574736F636B6F707428292049F4
:10201000505F44524F505F4D454D424552534849E1
:1020200050206661696C65642C204572723A2025E7
:10203000640A0000745F736F636B6574636C6F7325
:10204000652829206661696C65642E2020457272BE
:102050003A2025640A0000004572726F7220737482
:10206000617274696E67204448435020636C6965EF
:102070006E7420636F64652E000000004572726FFD
:10208000722073656E64696E672044484350207007
:1020900061636B6574206F6E2069666163652025DE
:1020A000642E0A00444843502074696D6564206FB3
:1020B00075742C20676F696E67206261636B207492
:1020C0006F2064656661756C74204950206164649A
:1020D0007265737328657329000000004163717590
:1020E000697265642049502061646472657373206D
:1020F000766961204448435020636C69656E7420A2
:10210000666F7220696E746572666163653A202538
:10211000730A000049502061646472657373203A49
:102120002025730A000000005375626E6574204D0F
:1021300061736B3A2025730A0000000047617465E3
:10214000776179202020203A2025730A00000000C2
:10215000496E6574206D61696E000000636C6F6389
:102160006B207469636B00007461736B206372652C
:10217000617465206572726F720000006E65746D27
:1021800061696E0065616368206E756D62657220BD
:102190006D757374206265206C657373207468615B
:1021A0006E20323535000000616C6C20636861720E
:1021B00073206D7573742062652064696769747338
:1021C0002028302D3929206F7220646F74732028E5
:1021D0002E290000737472696E67206D7573742008
:1021E000636F6E7461696E2031202D203320646F1F
:1021F000747320282E290000000000004950763416
:102200002061646472657373207061727365206607
:1022100061696C7572650000696E696368650000CC
:102220007564705F6F70656E3A20686F73742025F7
:10223000752E25752E25752E25752C206C736F63D4
:102240006B2025752C2066736F636B2025752C2001
:10225000666F6F20253034780A0000005544503AEC
:1022600020436F6E6E656374696F6E20616C72657A
:10227000616479206578697374732E005544503A0F
:1022800020436F756C646E277420616C6C6F6361A2
:10229000746520636F6E6E2073746F726167652E54
:1022A000000000007666666C75736828293A205431
:1022B0006869732066756E6374696F6E206E6565FC
:1022C000647320746F20626520696D706C656D6544
:1022D0006E7465640000000049434D503A20705B05
:1022E00025755D2066726F6D2025752E25752E254E
:1022F000752E25750A00000049434D503A20426171
:1023000064207873756D20253034782073686F757C
:102310006C642068617665206265656E20253034C6
:10232000780A000049434D503A206563686F207277
:1023300065706C7920746F2025752E25752E257596
:102340002E25750A0000000069636D703A207265E1
:10235000706C79206661696C6564000049434D507A
:102360003A20676F74206465737420756E726561BE
:10237000636861626C6520747970652000000000FC
:102380002575206F6E2025752E25752E25752E2519
:102390007520000066726F6D2025752E25752E251F
:1023A000752E25750A00000049434D503A20736F81
:1023B00075726365207175656E63682066726F6DF6
:1023C0002025752E25752E25752E25750A000000F1
:1023D00049434D503A207263766420726564697295
:1023E00065637420666F722025752E25752E257500
:1023F0002E25752000000000746F2025752E257590
:102400002E25752E25750A0049434D503A207469D2
:102410006D6578206D73672066726F6D2025752E4F
:1024200025752E25752E25750A0000002061626F26
:1024300075742025752E25752E25752E25750A0097
:1024400049434D503A20676F7420706172616D206E
:1024500070726F626C656D206D6573736167650086
:1024600049434D503A20676F742074696D657374E9
:10247000616D7020726571756573740069636D704C
:102480003A2063616E27742073656E642074696DF1
:10249000657374616D70207265706C790000000066
:1024A00069636D703A20676F7420696E666F207281
:1024B000657175657374000069636D703A20756E9F
:1024C00068616E646C656420747970652025750A96
:1024D000000000006E657400686F737400000000F7
:1024E00070726F746F636F6C00000000706F7274B5
:1024F00000000000667261676D656E746174696FDB
:102500006E206E656564656400000000736F75720F
:10251000636520726F757465206661696C6564001F
:1025200069636D703A2073656E64696E6720257308
:10253000206465737420756E726561636861626C96
:102540006520746F2025752E25752E25752E257511
:102550000A00000069636D703A2063616E27742081
:10256000616C6C6F6320706B7400000049434D50C8
:102570003A2043616E27742073656E64206465732E
:102580007420756E726561636861626C650000003D
:1025900069636D703A2073656E64696E67204943A4
:1025A0004D502054696D65204578636565646564A8
:1025B000207769746820636F646520257520746FC7
:1025C0002025752E25752E25752E25750A000000EF
:1025D00049434D503A2043616E27742073656E6401
:1025E0002054696D65204578636565646564000005
:1025F0004950207265617373656D626C79207374E4
:1026000061746973746963733A0A00004375727286
:10261000656E74206D656D6F727920757365616785
:102620006520256C752C207469636B7320256C758F
:102630002C207365637320256C752C20495245202E
:1026400025752C205246512025750A005B455252B3
:102650005D2049524520542F4F20256C752C204970
:1026600052452070747220256C752C206D61782085
:102670006D656D20256C752C206D656D2063686B14
:1026800020256C752C206D656D20696E6320256C8E
:10269000752C206D656D2064656320256C750A00BE
:1026A00048656164206F66204952452071756575E3
:1026B000652025700A000000495245202570205BE6
:1026C0004672616773207175657565642025755D57
:1026D000205341203078256C7820444120307825E3
:1026E0006C782050726F7420257520496420257500
:1026F000204C656E20257520526376642025752058
:1027000041676520256C75204C3248202570204C8F
:10271000334820257020436F6D70616374202575E8
:102720005D0A0000466F756E64206120746F7461ED
:102730006C206F662025752049524520656E7472A5
:102740006965730A0000000000200001000200001B
:102750000004000001000000010001000100000071
:1027600054D7040568D70405FFFF010000400001AD
:102770000000000000000000000000000000000059
:10278000000000000000000000000000FFFFFFFF4D
:102790000000000000000000000000000000000039
:1027A0000000000000000000000000000000000029
:1027B0000000000000000000000000000000000019
:1027C0000000000000000000000000000000000009
:1027D00000000000000000000000000000000000F9
:1027E00000000000000000000000000000000000E9
:1027F00000000000000000000000000000000000D9
:1028000000000000000000000000000000000000C8
:1028100000000000000000000000000000000000B8
:1028200000000000000000000000000000000000A8
:102830000000000000000000000000000000000098
:102840000000000000000000000000000000000088
:102850000000000000000000000000000000000078
:102860000000000000000000000000000000000068
:10287000000000000000000000000000CC2B050557
:10288000342C05059C2C050500000000000000000C
:102890000000000000000000000000000000000038
:1028A000000000000000000000000000FCD904054A
:1028B0000000000000000000000000000000000018
:1028C0000000000000000000000000000000000008
:1028D00000000000000000000000000000000000F8
:1028E00000000000000000000000000000000000E8
:1028F00000000000000000000000000000000000D8
:1029000000000000000000000000000000000000C7
:1029100000000000000000000000000001000000B6
:10292000000000000E33CDAB34126DE6ECDE050086
:102930000B0000000000000000000000000000008C
:102940000000000000000000000000000000000087
:102950000000000000000000000000000000000077
:102960000000000000000000000000000000000067
:102970000000000000000000000000000000000057
:102980000000000000000000000000000000000047
:102990000000000000000000000000000000000037
:1029A0000000000000000000000000000000000027
:1029B0000000000000000000000000000000000017
:1029C0000000000000000000000000000000000007
:1029D00000000000000000000000000000000000F7
:1029E00000000000000000000000000000000000E7
:1029F00000000000000000000000000000000000D7
:102A000000000000000000000000000000000000C6
:102A100000000000000000000000000000000000B6
:102A200000000000000000000000000000000000A6
:102A30000000000000000000000000000000000096
:102A40000000000000000000000000000000000086
:102A50000000000000000000000000000000000076
:102A60000000000000000000000000000000000066
:102A70000000000000000000000000000000000056
:102A80000000000000000000000000000000000046
:102A90000000000000000000000000000000000036
:102AA0000000000000000000000000000000000026
:102AB0000000000000000000000000000000000016
:102AC0000000000000000000000000000000000006
:102AD00000000000000000000000000000000000F6
:102AE00000000000000000000000000000000000E6
:102AF00000000000000000000000000000000000D6
:102B000000000000000000000000000000000000C5
:102B100000000000000000000000000000000000B5
:102B200000000000000000000000000000000000A5
:102B30000000000000000000000000000000000095
:102B40000000000000000000000000000000000085
:102B50000000000000000000000000000000000075
:102B60000000000000000000000000000000000065
:102B70000000000000000000000000000000000055
:102B80000000000000000000000000000000000045
:102B90000000000000000000000000000000000035
:102BA0000000000000000000000000000000000025
:102BB0000000000000000000000000000000000015
:102BC0000000000000000000000000000000000005
:102BD00000000000000000000000000000000000F5
:102BE00000000000000000000000000000000000E5
:102BF00000000000000000000000000000000000D5
:102C000000000000000000000000000000000000C4
:102C100000000000000000000000000000000000B4
:102C200000000000000000000000000000000000A4
:102C30000000000000000000000000000000000094
:102C40000000000000000000000000000000000084
:102C50000000000000000000000000000000000074
:102C60000000000000000000000000000000000064
:102C70000000000000000000000000000000000054
:102C80000000000000000000000000000000000044
:102C90000000000000000000000000004153434914
:102CA00049000000000000000000000000000000DB
:102CB00000000000000000000000000041534349F4
:102CC00049000000000000000000000000000000BB
:102CD000000000000000000000000000A4E1040566
:102CE00028E1040528E1040528E1040528E104059C
:102CF00028E1040528E1040528E1040528E104058C
:102D000028E104057F7F7F7F7F7F7F7F7F7F7F7FBD
:102D10007F7F000000000000000000007C2D050502
:102D20007C2D0505842D0505842D05058C2D0505B7
:102D30008C2D0505942D0505942D05059C2D050567
:102D40009C2D0505A42D0505A42D0505AC2D050517
:102D5000AC2D0505B42D0505B42D0505BC2D0505C7
:102D6000BC2D0505C42D0505C42D0505CC2D050577
:102D7000CC2D0505D42D0505D42D0505DC2D050527
:102D8000DC2D0505E42D0505E42D0505EC2D0505D7
:102D9000EC2D0505F42D0505F42D0505FC2D050587
:102DA000FC2D0505042E0505042E05050C2E050534
:102DB0000C2E0505142E0505142E05051C2E0505E3
:102DC0001C2E0505242E0505242E05052C2E050593
:102DD0002C2E0505342E0505342E05053C2E050543
:102DE0003C2E0505442E0505442E05054C2E0505F3
:102DF0004C2E0505542E0505542E05055C2E0505A3
:102E00005C2E0505642E0505642E05056C2E050552
:102E10006C2E0505742E0505742E05057C2E050502
:102E20007C2E0505842E0505842E05058C2E0505B2
:102E30008C2E0505942E0505942E05059C2E050562
:102E40009C2E0505A42E0505A42E0505AC2E050512
:102E5000AC2E0505B42E0505B42E0505BC2E0505C2
:102E6000BC2E0505C42E0505C42E0505CC2E050572
:102E7000CC2E0505D42E0505D42E0505DC2E050522
:102E8000DC2E0505E42E0505E42E0505EC2E0505D2
:102E9000EC2E0505F42E0505F42E0505FC2E050582
:102EA000FC2E0505042F0505042F05050C2F05052F
:102EB0000C2F0505142F0505142F05051C2F0505DE
:102EC0001C2F0505242F0505242F05052C2F05058E
:102ED0002C2F0505342F0505342F05053C2F05053E
:102EE0003C2F0505442F0505442F05054C2F0505EE
:102EF0004C2F0505542F0505542F05055C2F05059E
:102F00005C2F0505642F0505642F05056C2F05054D
:102F10006C2F0505742F0505742F05057C2F0505FD
:102F20007C2F0505842F0505842F05058C2F0505AD
:102F30008C2F0505942F0505942F05059C2F05055D
:102F40009C2F0505A42F0505A42F0505AC2F05050D
:102F5000AC2F0505B42F0505B42F0505BC2F0505BD
:102F6000BC2F0505C42F0505C42F0505CC2F05056D
:102F7000CC2F0505D42F0505D42F0505DC2F05051D
:102F8000DC2F0505E42F0505E42F0505EC2F0505CD
:102F9000EC2F0505F42F0505F42F0505FC2F05057D
:102FA000FC2F050504300505043005050C3005052A
:102FB0000C30050514300505143005051C300505D9
:102FC0001C30050524300505243005052C30050589
:102FD0002C30050534300505343005053C30050539
:102FE0003C30050544300505443005054C300505E9
:102FF0004C30050554300505543005055C30050599
:103000005C30050564300505643005056C30050548
:103010006C30050574300505743005057C300505F8
:103020007C30050584300505843005058C300505A8
:103030008C30050594300505943005059C30050558
:103040009C300505A4300505A4300505AC30050508
:10305000AC300505B4300505B4300505BC300505B8
:10306000BC300505C4300505C4300505CC30050568
:10307000CC300505D4300505D4300505DC30050518
:10308000DC300505E4300505E4300505EC300505C8
:10309000EC300505F4300505F4300505FC30050578
:1030A000FC30050504310505043105050C31050525
:1030B0000C31050514310505143105051C310505D4
:1030C0001C31050524310505243105052C31050584
:1030D0002C31050534310505343105053C31050534
:1030E0003C31050544310505443105054C310505E4
:1030F0004C31050554310505543105055C31050594
:103100005C31050564310505643105056C31050543
:103110006C310505743105057431050500000000AA
:10312000000000000000000000000000000000009F
:103130003CE5040500000000C0B2010500B2010535
:1031400060B20105000000000000000010B301059E
:10315000B02400010A000000000000000000000090
:10316000000000000000000000000000000000005F
:10317000000000000000000000000000000000004F
:10318000000000000000000000000000000000003F
:10319000000000000000000000000000000000002F
:1031A000000000000000000000000000000000001F
:1031B000000000000000000000000000000000000F
:1031C00000000000000000000000000000000000FF
:1031D00000000000000000000000000000000000EF
:1031E00000000000000000000000000000000000DF
:1031F00000000000000000000000000000000000CF
:1032000000000000000000000000000000000000BE
:1032100000000000000000000000000000000000AE
:10322000000000000000000000000000000000009E
:10323000000000000000000000000000000000008E
:10324000000000000000000000000000000000007E
:10325000000000000000000000000000000000006E
:10326000000000000000000000000000000000005E
:10327000000000000000000000000000000000004E
:10328000000000000000000000000000000000003E
:10329000000000000000000000000000000000002E
:1032A000000000000000000000000000000000001E
:1032B000000000000000000000000000000000000E
:1032C00000000000000000000000000000000000FE
:1032D00000000000000000000000000000000000EE
:1032E00000000000000000000000000000000000DE
:1032F00000000000000000000000000000000000CE
:1033000000000000000000000000000000000000BD
:1033100000000000000000000000000000000000AD
:10332000000000000000000000000000000000009D
:10333000000000000000000000000000000000008D
:10334000000000000000000000000000000000007D
:10335000000000000000000000000000000000006D
:10336000000000000000000000000000000000005D
:10337000000000000000000000000000000000004D
:10338000000000000000000000000000000000003D
:10339000000000000000000000000000000000002D
:1033A000000000000000000000000000000000001D
:1033B000000000000000000000000000000000000D
:1033C00000000000000000000000000000000000FD
:1033D00000000000000000000000000000000000ED
:1033E00000000000000000000000000000000000DD
:1033F00000000000000000000000000000000000CD
:1034000000000000000000000000000000000000BC
:1034100000000000000000000000000000000000AC
:10342000000000000000000000000000000000009C
:10343000000000000000000000000000000000008C
:10344000000000000000000000000000000000007C
:10345000000000000000000000000000000000006C
:10346000000000000000000000000000000000005C
:10347000000000000000000000000000000000004C
:10348000000000000000000000000000000000003C
:10349000000000000000000000000000000000002C
:1034A000000000000000000000000000000000001C
:1034B000000000000000000000000000000000000C
:1034C00000000000000000000000000000000000FC
:1034D00000000000000000000000000000000000EC
:1034E00000000000000000000000000000000000DC
:1034F00000000000000000000000000000000000CC
:1035000000000000000000000000000000000000BB
:1035100000000000000000000000000000000000AB
:10352000000000000000000000000000000000009B
:10353000000000000000000000000000000000008B
:10354000000000000000000000000000000000007B
:10355000000000000000000000000000000000006B
:10356000000000000000000000000000000000005B
:10357000000000000000000000000000000000004B
:10358000000000000000000000000000000000003B
:10359000000000000000000000000000000000002B
:1035A000000000000000000000000000000000001B
:1035B000000000000000000000000000000000000B
:1035C00000000000000000000000000000000000FB
:1035D00000000000000000000000000000000000EB
:1035E00000000000000000000000000000000000DB
:1035F00000000000000000000000000000000000CB
:1036000000000000000000000000000000000000BA
:1036100000000000000000000000000000000000AA
:10362000000000000000000000000000000000009A
:10363000000000000000000000000000000000008A
:10364000000000000000000000000000000000007A
:10365000000000000000000000000000000000006A
:10366000000000000000000000000000000000005A
:10367000000000000000000000000000000000004A
:10368000000000000000000000000000000000003A
:10369000000000000000000000000000000000002A
:1036A000000000000000000000000000000000001A
:1036B000000000000000000000000000000000000A
:1036C00000000000000000000000000000000000FA
:1036D00000000000000000000000000000000000EA
:1036E00000000000000000000000000000000000DA
:1036F00000000000000000000000000000000000CA
:1037000000000000000000000000000000000000B9
:1037100000000000000000000000000000000000A9
:103720000000000000000000000000000000000099
:103730000000000000000000000000000000000089
:103740000000000000000000000000000000000079
:103750000000000000000000000000000000000069
:103760000000000000000000000000000000000059
:103770000000000000000000000000000000000049
:103780000000000000000000000000000000000039
:103790000000000000000000000000000000000029
:1037A0000000000000000000000000000000000019
:1037B0000000000000000000000000000000000009
:1037C00000000000000000000000000000000000F9
:1037D00000000000000000000000000000000000E9
:1037E00000000000000000000000000000000000D9
:1037F00000000000000000000000000000000000C9
:1038000000000000000000000000000000000000B8
:1038100000000000000000000000000000000000A8
:103820000000000000000000000000000000000098
:103830000000000000000000000000000000000088
:103840000000000000000000000000000000000078
:103850000000000000000000000000000000000068
:103860000000000000000000000000000000000058
:103870000000000000000000000000000000000048
:103880000000000000000000000000000000000038
:103890000000000000000000000000000000000028
:1038A0000000000000000000000000000000000018
:1038B0000000000000000000000000000000000008
:1038C00000000000000000000000000000000000F8
:1038D00000000000000000000000000000000000E8
:1038E00000000000000000000000000000000000D8
:1038F00000000000000000000000000000000000C8
:1039000000000000000000000000000000000000B7
:1039100000000000000000000000000000000000A7
:103920000000000000000000000000000000000097
:103930000000000000000000000000000000000087
:103940000000000000000000000000000000000077
:103950000000000000000000000000000000000067
:103960000000000000000000000000000000000057
:103970000000000000000000000000000000000047
:103980000000000000000000000000000000000037
:103990000000000000000000000000000000000027
:1039A0000000000000000000000000000000000017
:1039B0000000000000000000000000000000000007
:1039C00000000000000000000000000000000000F7
:1039D00000000000000000000000000000000000E7
:1039E00000000000000000000000000000000000D7
:1039F00000000000000000000000000000000000C7
:103A000000000000000000000000000000000000B6
:103A100000000000000000000000000000000000A6
:103A20000000000000000000000000000000000096
:103A30000000000000000000000000000000000086
:103A40000000000000000000000000000000000076
:103A50000000000000000000000000000000000066
:103A60000000000000000000000000000000000056
:103A70000000000000000000000000000000000046
:103A80000000000000000000000000000000000036
:103A90000000000000000000000000000000000026
:103AA0000000000000000000000000000000000016
:103AB0000000000000000000000000000000000006
:103AC00000000000000000000000000000000000F6
:103AD00000000000000000000000000000000000E6
:103AE00000000000000000000000000000000000D6
:103AF00000000000000000000000000000000000C6
:103B000000000000000000000000000000000000B5
:103B100000000000000000000000000000000000A5
:103B20000000000000000000000000000000000095
:103B30000000000000000000000000000000000085
:103B40000000000000000000000000000000000075
:103B50000000000000000000000000000000000065
:103B60000000000000000000000000000000000055
:103B70000000000000000000000000000000000045
:103B80000000000000000000000000000000000035
:103B90000000000000000000000000000000000025
:103BA0000000000000000000000000000000000015
:103BB0000000000000000000000000000000000005
:103BC00000000000000000000000000000000000F5
:103BD00000000000000000000000000000000000E5
:103BE00000000000000000000000000000000000D5
:103BF00000000000000000000000000000000000C5
:103C000000000000000000000000000000000000B4
:103C100000000000000000000000000000000000A4
:103C20000000000000000000000000000000000094
:103C30000000000000000000000000000000000084
:103C40000000000000000000000000000000000074
:103C50000000000000000000000000000000000064
:103C60000000000000000000000000000000000054
:103C70000000000000000000000000000000000044
:103C80000000000000000000000000000000000034
:103C90000000000000000000000000000000000024
:103CA0000000000000000000000000000000000014
:103CB0000000000000000000000000000000000004
:103CC00000000000000000000000000000000000F4
:103CD00000000000000000000000000000000000E4
:103CE00000000000000000000000000000000000D4
:103CF00000000000000000000000000000000000C4
:103D000000000000000000000000000000000000B3
:103D100000000000000000000000000000000000A3
:103D20000000000000000000000000000000000093
:103D30000000000000000000000000000000000083
:103D40000000000000000000000000000000000073
:103D50000000000000000000000000000000000063
:103D60000000000000000000000000000000000053
:103D70000000000000000000000000000000000043
:103D80000000000000000000000000000000000033
:103D90000000000000000000000000000000000023
:103DA0000000000000000000000000000000000013
:103DB0000000000000000000000000000000000003
:103DC00000000000000000000000000000000000F3
:103DD00000000000000000000000000000000000E3
:103DE00000000000000000000000000000000000D3
:103DF00000000000000000000000000000000000C3
:103E000000000000000000000000000000000000B2
:103E100000000000000000000000000000000000A2
:103E20000000000000000000000000000000000092
:103E30000000000000000000000000000000000082
:103E40000000000000000000000000000000000072
:103E50000000000000000000000000000000000062
:103E60000000000000000000000000000000000052
:103E70000000000000000000000000000000000042
:103E80000000000000000000000000000000000032
:103E90000000000000000000000000000000000022
:103EA0000000000000000000000000000000000012
:103EB0000000000000000000000000000000000002
:103EC00000000000000000000000000000000000F2
:103ED00000000000000000000000000000000000E2
:103EE00000000000000000000000000000000000D2
:103EF00000000000000000000000000000000000C2
:103F000000000000000000000000000000000000B1
:103F100000000000000000000000000000000000A1
:103F20000000000000000000000000000000000091
:103F30000000000000000000000000000000000081
:103F40000000000000000000000000000000000071
:103F50000000000000000000000000000000000061
:103F60000000000000000000000000000000000051
:103F70000000000000000000000000000000000041
:103F80000000000000000000000000000000000031
:103F90000000000000000000000000000000000021
:103FA0000000000000000000000000000000000011
:103FB0000000000000000000000000000000000001
:103FC00000000000000000000000000000000000F1
:103FD00000000000000000000000000000000000E1
:103FE00000000000000000000000000000000000D1
:103FF00000000000000000000000000000000000C1
:1040000000000000000000000000000000000000B0
:1040100000000000000000000000000000000000A0
:104020000000000000000000000000000000000090
:104030000000000000000000000000000000000080
:104040000000000000000000000000000000000070
:104050000000000000000000000000000000000060
:104060000000000000000000000000000000000050
:104070000000000000000000000000000000000040
:104080000000000000000000000000000000000030
:104090000000000000000000000000000000000020
:1040A0000000000000000000000000000000000010
:1040B0000000000000000000000000000000000000
:1040C00000000000000000000000000000000000F0
:1040D00000000000000000000000000000000000E0
:1040E00000000000000000000000000000000000D0
:1040F00000000000000000000000000000000000C0
:1041000000000000000000000000000000000000AF
:10411000000000000000000000000000000000009F
:10412000000000000000000000000000000000008F
:10413000000000000000000000000000000000007F
:10414000000000000000000000000000000000006F
:10415000000000000000000000000000000000005F
:10416000000000000000000000000000000000004F
:10417000000000000000000000000000000000003F
:10418000000000000000000000000000000000002F
:104190000000000000000000000000004CE50405E5
:1041A00000000000000000007CC5010564C7010597
:1041B00050C10105DCC1010538C301050000000044
:1041C000000080000000000000000000000000006F
:1041D00000000000000000000000000000000000DF
:1041E00000000000000000000000000000000000CF
:1041F00000000000000000000000000000000000BF
:1042000000000000000000000000000000000000AE
:10421000000000000000000000000000000000009E
:10422000000000000000000000000000000000008E
:10423000000000000000000000000000000000007E
:10424000000000000000000054C001050000000054
:1042500000008000000080000000800000000000DE
:1042600080000000000001000001000000000000CC
:10427000000000000000000000000000000000003E
:1042800078E5040560240001000000000000000043
:1042900000240001000000000400000000000000F5
:1042A000000000000000000000000000000000000E
:1042B0000000000040000000200000000800000096
:1042C00000000800010000000000000000000000E5
:1042D0008CE5040500020100000000000000000061
:1042E00000000000000000000000000000000000CE
:1042F000A0E50405402400010000000000000000CB
:104300002024000100000000020000000000000066
:10431000000000000000000000000000000000009D
:1043200000000000800000002000000008000000E5
:104330000000040001000000000000000000000078
:104340008CE50405000201000000000000000000F0
:10435000000000000000000000000000000000005D
:10436000B4E50405000000000000000000000000AB
:10437000000000000000000000000000000000003D
:1043800080008000010006000C0000001CD902051E
:10439000E424030558140305941D030502001100CD
:1043A0000300000000000000A8300305000000002A
:1043B000000000000300FF000300000000000000F8
:1043C000307C020500000000000000001400021212
:1043D000101011111110100102040810204040406B
:1043E00040404040AC480505AC480505D8FA0405F6
:1043F000000000000000000000000000683E03050F
:104400000000000000000000000000004C44050512
:1044100000000000000000004C4405050000000002
:10442000000000004C4405050000000000000000F2
:10443000000000000000000000000000000000007C
:10444000000000000000000000000000000000006C
:10445000000000000000000000000000000000005C
:10446000000000000000000000000000000000004C
:10447000000000000000000000000000000000003C
:10448000000000000000000000000000000000002C
:10449000000000000000000000000000000000001C
:1044A000000000000000000000000000000000000C
:1044B00000000000000000000000000000000000FC
:1044C00000000000000000000000000000000000EC
:1044D00000000000000000000000000000000000DC
:1044E00000000000000000000000000000000000CC
:1044F00000000000000000000000000000000000BC
:1045000000000000000000000000000000000000AB
:10451000000000000000000000000000000000009B
:10452000000000000000000000000000000000008B
:10453000000000000000000000000000000000007B
:10454000000000000000000000000000000000006B
:10455000000000000000000000000000000000005B
:10456000000000000000000000000000000000004B
:10457000000000000000000000000000000000003B
:10458000000000000000000000000000F817050512
:10459000FC170505041805050C1805051418050574
:1045A0001C18050500F0FFF0CAA08080B0000000D4
:1045B000000000009C250405C4250405E825040529
:1045C00044270405BC270405E82704050C28040536
:1045D000D4280405000000006D656D324D00000018
:1045E000000000000000000000000080000000004B
:1045F0000000200000002000000000001846050513
:104600003C4605056D656D314D0000000000000061
:10461000000000000000008000000000000010000A
:10462000000010000000000018460505684605055A
:104630006D656D3531324B00000000000000000058
:1046400000000080000000000000080000000800DA
:104650000000000018460505944605056E756C6C53
:1046600000000000000000000000000000002080AA
:1046700000000000000020000000200000000000FA
:1046800018460505A84A0505B8210505D8290405D9
:10469000020000000030000000000000A94A0505EB
:1046A000C4210505502A0405030000000030000065
:1046B000000000002F0000000000000000000000CB
:1046C00000000000000000000000000000000000EA
:1046D00000000000000000000000000000000000DA
:1046E00000000000000000000000000000000000CA
:1046F00000000000000000000000000000000000BA
:1047000000000000000000000000000000000000A9
:104710000000000000000000000000000000000099
:104720000000000000000000000000000000000089
:10473000000000003C250505402505054825050528
:10474000542505055C25050574250505FBD80405DC
:10475000E0280505E028050501000000FFFFFFFF38
:1047600000000200B0FC000530D50505FFFFFFFF8B
:10477000FFFFFFFF010000007856341201003C00EB
:1047800020003000400B010001002C00140002004A
:10479000140020001400010001003C00200034003F
:1047A000300C010004000100140018000300010097
:1047B0000400010001000100000201000C002000C3
:1047C000010000020100010015006C0064000100FE
:1047D0001E0100001000100002000A00000000008E
:1047E000000000006532000068E504055448050536
:1047F000544805055C4805055C4805056448050501
:104800006448050518EC0405020000001E000000C5
:10481000800000001E00000000060000FFFFFFFFF8
:104820003C000000001F03001E0000004038000094
:10483000960000000020000000200000A4480505AC
:10484000A44805054C4405054C440505FFFFFFFF42
:1048500000000000BC480505BC480505FFFFFFFF40
:10486000C8480505C848050504000000501705059F
:1048700074170505640000004000000060EA0000B5
:104880000100000010000000010000000400000012
:104890000200000060220505554433220103060F83
:1048A000040000001C47050500000000440300054B
:00000001FF
